ISO-10303-21;
HEADER;
/* Generated by software containing ST-Developer
 * from STEP Tools, Inc. (www.steptools.com) 
 */

FILE_DESCRIPTION(
/* description */ (''),
/* implementation_level */ '2;1');

FILE_NAME(
/* name */ 'SIH_Sample_Building.step',
/* time_stamp */ '2026-09-06T18:54:50+05:30',
/* author */ (''),
/* organization */ (''),
/* preprocessor_version */ 'ST-DEVELOPER v20.2',
/* originating_system */ 'Autodesk Translation Framework v15.15.0.0',
/* authorisation */ '');

FILE_SCHEMA (('AUTOMOTIVE_DESIGN { 1 0 10303 214 3 1 1 }'));
ENDSEC;

DATA;
#10=MECHANICAL_DESIGN_GEOMETRIC_PRESENTATION_REPRESENTATION('',(#91,#92,
#93,#94,#95,#96,#97,#98,#99,#100),#7480);
#11=ITEM_DEFINED_TRANSFORMATION($,$,#4770,#4983);
#12=ITEM_DEFINED_TRANSFORMATION($,$,#4813,#4984);
#13=ITEM_DEFINED_TRANSFORMATION($,$,#4759,#4985);
#14=ITEM_DEFINED_TRANSFORMATION($,$,#4759,#4986);
#15=ITEM_DEFINED_TRANSFORMATION($,$,#4770,#4987);
#16=ITEM_DEFINED_TRANSFORMATION($,$,#4813,#4988);
#17=ITEM_DEFINED_TRANSFORMATION($,$,#4856,#4989);
#18=ITEM_DEFINED_TRANSFORMATION($,$,#4939,#4990);
#19=ITEM_DEFINED_TRANSFORMATION($,$,#4939,#5006);
#20=ITEM_DEFINED_TRANSFORMATION($,$,#4758,#5007);
#21=ITEM_DEFINED_TRANSFORMATION($,$,#4758,#5008);
#22=ITEM_DEFINED_TRANSFORMATION($,$,#4758,#5009);
#23=ITEM_DEFINED_TRANSFORMATION($,$,#4758,#5010);
#24=ITEM_DEFINED_TRANSFORMATION($,$,#4897,#5011);
#25=ITEM_DEFINED_TRANSFORMATION($,$,#4927,#5012);
#26=ITEM_DEFINED_TRANSFORMATION($,$,#4938,#5013);
#27=(
REPRESENTATION_RELATIONSHIP($,$,#7527,#7525)
REPRESENTATION_RELATIONSHIP_WITH_TRANSFORMATION(#11)
SHAPE_REPRESENTATION_RELATIONSHIP()
);
#28=(
REPRESENTATION_RELATIONSHIP($,$,#7528,#7525)
REPRESENTATION_RELATIONSHIP_WITH_TRANSFORMATION(#12)
SHAPE_REPRESENTATION_RELATIONSHIP()
);
#29=(
REPRESENTATION_RELATIONSHIP($,$,#7526,#7525)
REPRESENTATION_RELATIONSHIP_WITH_TRANSFORMATION(#13)
SHAPE_REPRESENTATION_RELATIONSHIP()
);
#30=(
REPRESENTATION_RELATIONSHIP($,$,#7526,#7525)
REPRESENTATION_RELATIONSHIP_WITH_TRANSFORMATION(#14)
SHAPE_REPRESENTATION_RELATIONSHIP()
);
#31=(
REPRESENTATION_RELATIONSHIP($,$,#7527,#7525)
REPRESENTATION_RELATIONSHIP_WITH_TRANSFORMATION(#15)
SHAPE_REPRESENTATION_RELATIONSHIP()
);
#32=(
REPRESENTATION_RELATIONSHIP($,$,#7528,#7525)
REPRESENTATION_RELATIONSHIP_WITH_TRANSFORMATION(#16)
SHAPE_REPRESENTATION_RELATIONSHIP()
);
#33=(
REPRESENTATION_RELATIONSHIP($,$,#7529,#7525)
REPRESENTATION_RELATIONSHIP_WITH_TRANSFORMATION(#17)
SHAPE_REPRESENTATION_RELATIONSHIP()
);
#34=(
REPRESENTATION_RELATIONSHIP($,$,#7533,#7525)
REPRESENTATION_RELATIONSHIP_WITH_TRANSFORMATION(#18)
SHAPE_REPRESENTATION_RELATIONSHIP()
);
#35=(
REPRESENTATION_RELATIONSHIP($,$,#7533,#7532)
REPRESENTATION_RELATIONSHIP_WITH_TRANSFORMATION(#19)
SHAPE_REPRESENTATION_RELATIONSHIP()
);
#36=(
REPRESENTATION_RELATIONSHIP($,$,#7525,#7524)
REPRESENTATION_RELATIONSHIP_WITH_TRANSFORMATION(#20)
SHAPE_REPRESENTATION_RELATIONSHIP()
);
#37=(
REPRESENTATION_RELATIONSHIP($,$,#7525,#7524)
REPRESENTATION_RELATIONSHIP_WITH_TRANSFORMATION(#21)
SHAPE_REPRESENTATION_RELATIONSHIP()
);
#38=(
REPRESENTATION_RELATIONSHIP($,$,#7525,#7524)
REPRESENTATION_RELATIONSHIP_WITH_TRANSFORMATION(#22)
SHAPE_REPRESENTATION_RELATIONSHIP()
);
#39=(
REPRESENTATION_RELATIONSHIP($,$,#7525,#7524)
REPRESENTATION_RELATIONSHIP_WITH_TRANSFORMATION(#23)
SHAPE_REPRESENTATION_RELATIONSHIP()
);
#40=(
REPRESENTATION_RELATIONSHIP($,$,#7530,#7524)
REPRESENTATION_RELATIONSHIP_WITH_TRANSFORMATION(#24)
SHAPE_REPRESENTATION_RELATIONSHIP()
);
#41=(
REPRESENTATION_RELATIONSHIP($,$,#7531,#7524)
REPRESENTATION_RELATIONSHIP_WITH_TRANSFORMATION(#25)
SHAPE_REPRESENTATION_RELATIONSHIP()
);
#42=(
REPRESENTATION_RELATIONSHIP($,$,#7532,#7524)
REPRESENTATION_RELATIONSHIP_WITH_TRANSFORMATION(#26)
SHAPE_REPRESENTATION_RELATIONSHIP()
);
#43=CONTEXT_DEPENDENT_SHAPE_REPRESENTATION(#27,#7508);
#44=CONTEXT_DEPENDENT_SHAPE_REPRESENTATION(#28,#7509);
#45=CONTEXT_DEPENDENT_SHAPE_REPRESENTATION(#29,#7510);
#46=CONTEXT_DEPENDENT_SHAPE_REPRESENTATION(#30,#7511);
#47=CONTEXT_DEPENDENT_SHAPE_REPRESENTATION(#31,#7512);
#48=CONTEXT_DEPENDENT_SHAPE_REPRESENTATION(#32,#7513);
#49=CONTEXT_DEPENDENT_SHAPE_REPRESENTATION(#33,#7514);
#50=CONTEXT_DEPENDENT_SHAPE_REPRESENTATION(#34,#7515);
#51=CONTEXT_DEPENDENT_SHAPE_REPRESENTATION(#35,#7516);
#52=CONTEXT_DEPENDENT_SHAPE_REPRESENTATION(#36,#7517);
#53=CONTEXT_DEPENDENT_SHAPE_REPRESENTATION(#37,#7518);
#54=CONTEXT_DEPENDENT_SHAPE_REPRESENTATION(#38,#7519);
#55=CONTEXT_DEPENDENT_SHAPE_REPRESENTATION(#39,#7520);
#56=CONTEXT_DEPENDENT_SHAPE_REPRESENTATION(#40,#7521);
#57=CONTEXT_DEPENDENT_SHAPE_REPRESENTATION(#41,#7522);
#58=CONTEXT_DEPENDENT_SHAPE_REPRESENTATION(#42,#7523);
#59=NEXT_ASSEMBLY_USAGE_OCCURRENCE('Unit03:1','Unit03:1','Unit03:1',#7536,
#7538,'Unit03:1');
#60=NEXT_ASSEMBLY_USAGE_OCCURRENCE('Unit02:1','Unit02:1','Unit02:1',#7536,
#7539,'Unit02:1');
#61=NEXT_ASSEMBLY_USAGE_OCCURRENCE('Elevator 2:1','Elevator 2:1',
'Elevator 2:1',#7536,#7537,'Elevator 2:1');
#62=NEXT_ASSEMBLY_USAGE_OCCURRENCE('Elevator 2:2','Elevator 2:2',
'Elevator 2:2',#7536,#7537,'Elevator 2:2');
#63=NEXT_ASSEMBLY_USAGE_OCCURRENCE('Unit03:2','Unit03:2','Unit03:2',#7536,
#7538,'Unit03:2');
#64=NEXT_ASSEMBLY_USAGE_OCCURRENCE('Unit02:2','Unit02:2','Unit02:2',#7536,
#7539,'Unit02:2');
#65=NEXT_ASSEMBLY_USAGE_OCCURRENCE('Corridor_G:1','Corridor_G:1',
'Corridor_G:1',#7536,#7540,'Corridor_G:1');
#66=NEXT_ASSEMBLY_USAGE_OCCURRENCE('Stairs:2','Stairs:2','Stairs:2',#7536,
#7544,'Stairs:2');
#67=NEXT_ASSEMBLY_USAGE_OCCURRENCE('Stairs:1','Stairs:1','Stairs:1',#7543,
#7544,'Stairs:1');
#68=NEXT_ASSEMBLY_USAGE_OCCURRENCE('Ground_Floor:1','Ground_Floor:1',
'Ground_Floor:1',#7535,#7536,'Ground_Floor:1');
#69=NEXT_ASSEMBLY_USAGE_OCCURRENCE('Ground_Floor:2','Ground_Floor:2',
'Ground_Floor:2',#7535,#7536,'Ground_Floor:2');
#70=NEXT_ASSEMBLY_USAGE_OCCURRENCE('Ground_Floor:3','Ground_Floor:3',
'Ground_Floor:3',#7535,#7536,'Ground_Floor:3');
#71=NEXT_ASSEMBLY_USAGE_OCCURRENCE('Ground_Floor:4','Ground_Floor:4',
'Ground_Floor:4',#7535,#7536,'Ground_Floor:4');
#72=NEXT_ASSEMBLY_USAGE_OCCURRENCE('Roof:1','Roof:1','Roof:1',#7535,#7541,
'Roof:1');
#73=NEXT_ASSEMBLY_USAGE_OCCURRENCE('ground plane:1','ground plane:1',
'ground plane:1',#7535,#7542,'ground plane:1');
#74=NEXT_ASSEMBLY_USAGE_OCCURRENCE('Basement:1','Basement:1',
'Basement:1',#7535,#7543,'Basement:1');
#75=SHAPE_REPRESENTATION_RELATIONSHIP('SRR','None',#7526,#83);
#76=SHAPE_REPRESENTATION_RELATIONSHIP('SRR','None',#7527,#84);
#77=SHAPE_REPRESENTATION_RELATIONSHIP('SRR','None',#7528,#85);
#78=SHAPE_REPRESENTATION_RELATIONSHIP('SRR','None',#7529,#86);
#79=SHAPE_REPRESENTATION_RELATIONSHIP('SRR','None',#7530,#87);
#80=SHAPE_REPRESENTATION_RELATIONSHIP('SRR','None',#7531,#88);
#81=SHAPE_REPRESENTATION_RELATIONSHIP('SRR','None',#7533,#89);
#82=SHAPE_REPRESENTATION_RELATIONSHIP('SRR','None',#7532,#90);
#83=ADVANCED_BREP_SHAPE_REPRESENTATION('',(#101),#7472);
#84=ADVANCED_BREP_SHAPE_REPRESENTATION('',(#102),#7473);
#85=ADVANCED_BREP_SHAPE_REPRESENTATION('',(#103),#7474);
#86=ADVANCED_BREP_SHAPE_REPRESENTATION('',(#104),#7475);
#87=ADVANCED_BREP_SHAPE_REPRESENTATION('',(#105),#7476);
#88=ADVANCED_BREP_SHAPE_REPRESENTATION('',(#106),#7477);
#89=ADVANCED_BREP_SHAPE_REPRESENTATION('',(#107,#108),#7479);
#90=ADVANCED_BREP_SHAPE_REPRESENTATION('',(#109),#7478);
#91=STYLED_ITEM('',(#7579),#101);
#92=STYLED_ITEM('',(#7580),#102);
#93=STYLED_ITEM('',(#7580),#103);
#94=STYLED_ITEM('',(#7580),#104);
#95=STYLED_ITEM('',(#7578),#105);
#96=STYLED_ITEM('',(#7581),#4610);
#97=STYLED_ITEM('',(#7578),#106);
#98=STYLED_ITEM('',(#7579),#107);
#99=STYLED_ITEM('',(#7579),#108);
#100=STYLED_ITEM('',(#7578),#109);
#101=MANIFOLD_SOLID_BREP('Body1',#4670);
#102=MANIFOLD_SOLID_BREP('Body1',#4671);
#103=MANIFOLD_SOLID_BREP('Body1',#4672);
#104=MANIFOLD_SOLID_BREP('Body1',#4673);
#105=MANIFOLD_SOLID_BREP('Body1',#4674);
#106=MANIFOLD_SOLID_BREP('Body1',#4675);
#107=MANIFOLD_SOLID_BREP('Body1',#4676);
#108=MANIFOLD_SOLID_BREP('Body1',#4677);
#109=MANIFOLD_SOLID_BREP('Body1',#4678);
#110=FACE_BOUND('',#389,.T.);
#111=FACE_BOUND('',#391,.T.);
#112=FACE_BOUND('',#402,.T.);
#113=FACE_BOUND('',#404,.T.);
#114=FACE_BOUND('',#405,.T.);
#115=FACE_BOUND('',#407,.T.);
#116=FACE_BOUND('',#408,.T.);
#117=FACE_BOUND('',#410,.T.);
#118=FACE_BOUND('',#411,.T.);
#119=FACE_BOUND('',#425,.T.);
#120=FACE_BOUND('',#429,.T.);
#121=FACE_BOUND('',#430,.T.);
#122=FACE_BOUND('',#432,.T.);
#123=FACE_BOUND('',#433,.T.);
#124=FACE_BOUND('',#434,.T.);
#125=FACE_BOUND('',#442,.T.);
#126=FACE_BOUND('',#445,.T.);
#127=FACE_BOUND('',#446,.T.);
#128=FACE_BOUND('',#460,.T.);
#129=FACE_BOUND('',#462,.T.);
#130=FACE_BOUND('',#463,.T.);
#131=FACE_BOUND('',#465,.T.);
#132=FACE_BOUND('',#466,.T.);
#133=FACE_BOUND('',#468,.T.);
#134=FACE_BOUND('',#469,.T.);
#135=FACE_BOUND('',#483,.T.);
#136=FACE_BOUND('',#487,.T.);
#137=FACE_BOUND('',#488,.T.);
#138=FACE_BOUND('',#490,.T.);
#139=FACE_BOUND('',#491,.T.);
#140=FACE_BOUND('',#492,.T.);
#141=FACE_BOUND('',#500,.T.);
#142=FACE_BOUND('',#503,.T.);
#143=FACE_BOUND('',#504,.T.);
#144=FACE_BOUND('',#576,.T.);
#145=FACE_BOUND('',#578,.T.);
#146=FACE_BOUND('',#579,.T.);
#147=FACE_BOUND('',#589,.T.);
#148=FACE_BOUND('',#591,.T.);
#149=FACE_OUTER_BOUND('',#380,.T.);
#150=FACE_OUTER_BOUND('',#381,.T.);
#151=FACE_OUTER_BOUND('',#382,.T.);
#152=FACE_OUTER_BOUND('',#383,.T.);
#153=FACE_OUTER_BOUND('',#384,.T.);
#154=FACE_OUTER_BOUND('',#385,.T.);
#155=FACE_OUTER_BOUND('',#386,.T.);
#156=FACE_OUTER_BOUND('',#387,.T.);
#157=FACE_OUTER_BOUND('',#388,.T.);
#158=FACE_OUTER_BOUND('',#390,.T.);
#159=FACE_OUTER_BOUND('',#392,.T.);
#160=FACE_OUTER_BOUND('',#393,.T.);
#161=FACE_OUTER_BOUND('',#394,.T.);
#162=FACE_OUTER_BOUND('',#395,.T.);
#163=FACE_OUTER_BOUND('',#396,.T.);
#164=FACE_OUTER_BOUND('',#397,.T.);
#165=FACE_OUTER_BOUND('',#398,.T.);
#166=FACE_OUTER_BOUND('',#399,.T.);
#167=FACE_OUTER_BOUND('',#400,.T.);
#168=FACE_OUTER_BOUND('',#401,.T.);
#169=FACE_OUTER_BOUND('',#403,.T.);
#170=FACE_OUTER_BOUND('',#406,.T.);
#171=FACE_OUTER_BOUND('',#409,.T.);
#172=FACE_OUTER_BOUND('',#412,.T.);
#173=FACE_OUTER_BOUND('',#413,.T.);
#174=FACE_OUTER_BOUND('',#414,.T.);
#175=FACE_OUTER_BOUND('',#415,.T.);
#176=FACE_OUTER_BOUND('',#416,.T.);
#177=FACE_OUTER_BOUND('',#417,.T.);
#178=FACE_OUTER_BOUND('',#418,.T.);
#179=FACE_OUTER_BOUND('',#419,.T.);
#180=FACE_OUTER_BOUND('',#420,.T.);
#181=FACE_OUTER_BOUND('',#421,.T.);
#182=FACE_OUTER_BOUND('',#422,.T.);
#183=FACE_OUTER_BOUND('',#423,.T.);
#184=FACE_OUTER_BOUND('',#424,.T.);
#185=FACE_OUTER_BOUND('',#426,.T.);
#186=FACE_OUTER_BOUND('',#427,.T.);
#187=FACE_OUTER_BOUND('',#428,.T.);
#188=FACE_OUTER_BOUND('',#431,.T.);
#189=FACE_OUTER_BOUND('',#435,.T.);
#190=FACE_OUTER_BOUND('',#436,.T.);
#191=FACE_OUTER_BOUND('',#437,.T.);
#192=FACE_OUTER_BOUND('',#438,.T.);
#193=FACE_OUTER_BOUND('',#439,.T.);
#194=FACE_OUTER_BOUND('',#440,.T.);
#195=FACE_OUTER_BOUND('',#441,.T.);
#196=FACE_OUTER_BOUND('',#443,.T.);
#197=FACE_OUTER_BOUND('',#444,.T.);
#198=FACE_OUTER_BOUND('',#447,.T.);
#199=FACE_OUTER_BOUND('',#448,.T.);
#200=FACE_OUTER_BOUND('',#449,.T.);
#201=FACE_OUTER_BOUND('',#450,.T.);
#202=FACE_OUTER_BOUND('',#451,.T.);
#203=FACE_OUTER_BOUND('',#452,.T.);
#204=FACE_OUTER_BOUND('',#453,.T.);
#205=FACE_OUTER_BOUND('',#454,.T.);
#206=FACE_OUTER_BOUND('',#455,.T.);
#207=FACE_OUTER_BOUND('',#456,.T.);
#208=FACE_OUTER_BOUND('',#457,.T.);
#209=FACE_OUTER_BOUND('',#458,.T.);
#210=FACE_OUTER_BOUND('',#459,.T.);
#211=FACE_OUTER_BOUND('',#461,.T.);
#212=FACE_OUTER_BOUND('',#464,.T.);
#213=FACE_OUTER_BOUND('',#467,.T.);
#214=FACE_OUTER_BOUND('',#470,.T.);
#215=FACE_OUTER_BOUND('',#471,.T.);
#216=FACE_OUTER_BOUND('',#472,.T.);
#217=FACE_OUTER_BOUND('',#473,.T.);
#218=FACE_OUTER_BOUND('',#474,.T.);
#219=FACE_OUTER_BOUND('',#475,.T.);
#220=FACE_OUTER_BOUND('',#476,.T.);
#221=FACE_OUTER_BOUND('',#477,.T.);
#222=FACE_OUTER_BOUND('',#478,.T.);
#223=FACE_OUTER_BOUND('',#479,.T.);
#224=FACE_OUTER_BOUND('',#480,.T.);
#225=FACE_OUTER_BOUND('',#481,.T.);
#226=FACE_OUTER_BOUND('',#482,.T.);
#227=FACE_OUTER_BOUND('',#484,.T.);
#228=FACE_OUTER_BOUND('',#485,.T.);
#229=FACE_OUTER_BOUND('',#486,.T.);
#230=FACE_OUTER_BOUND('',#489,.T.);
#231=FACE_OUTER_BOUND('',#493,.T.);
#232=FACE_OUTER_BOUND('',#494,.T.);
#233=FACE_OUTER_BOUND('',#495,.T.);
#234=FACE_OUTER_BOUND('',#496,.T.);
#235=FACE_OUTER_BOUND('',#497,.T.);
#236=FACE_OUTER_BOUND('',#498,.T.);
#237=FACE_OUTER_BOUND('',#499,.T.);
#238=FACE_OUTER_BOUND('',#501,.T.);
#239=FACE_OUTER_BOUND('',#502,.T.);
#240=FACE_OUTER_BOUND('',#505,.T.);
#241=FACE_OUTER_BOUND('',#506,.T.);
#242=FACE_OUTER_BOUND('',#507,.T.);
#243=FACE_OUTER_BOUND('',#508,.T.);
#244=FACE_OUTER_BOUND('',#509,.T.);
#245=FACE_OUTER_BOUND('',#510,.T.);
#246=FACE_OUTER_BOUND('',#511,.T.);
#247=FACE_OUTER_BOUND('',#512,.T.);
#248=FACE_OUTER_BOUND('',#513,.T.);
#249=FACE_OUTER_BOUND('',#514,.T.);
#250=FACE_OUTER_BOUND('',#515,.T.);
#251=FACE_OUTER_BOUND('',#516,.T.);
#252=FACE_OUTER_BOUND('',#517,.T.);
#253=FACE_OUTER_BOUND('',#518,.T.);
#254=FACE_OUTER_BOUND('',#519,.T.);
#255=FACE_OUTER_BOUND('',#520,.T.);
#256=FACE_OUTER_BOUND('',#521,.T.);
#257=FACE_OUTER_BOUND('',#522,.T.);
#258=FACE_OUTER_BOUND('',#523,.T.);
#259=FACE_OUTER_BOUND('',#524,.T.);
#260=FACE_OUTER_BOUND('',#525,.T.);
#261=FACE_OUTER_BOUND('',#526,.T.);
#262=FACE_OUTER_BOUND('',#527,.T.);
#263=FACE_OUTER_BOUND('',#528,.T.);
#264=FACE_OUTER_BOUND('',#529,.T.);
#265=FACE_OUTER_BOUND('',#530,.T.);
#266=FACE_OUTER_BOUND('',#531,.T.);
#267=FACE_OUTER_BOUND('',#532,.T.);
#268=FACE_OUTER_BOUND('',#533,.T.);
#269=FACE_OUTER_BOUND('',#534,.T.);
#270=FACE_OUTER_BOUND('',#535,.T.);
#271=FACE_OUTER_BOUND('',#536,.T.);
#272=FACE_OUTER_BOUND('',#537,.T.);
#273=FACE_OUTER_BOUND('',#538,.T.);
#274=FACE_OUTER_BOUND('',#539,.T.);
#275=FACE_OUTER_BOUND('',#540,.T.);
#276=FACE_OUTER_BOUND('',#541,.T.);
#277=FACE_OUTER_BOUND('',#542,.T.);
#278=FACE_OUTER_BOUND('',#543,.T.);
#279=FACE_OUTER_BOUND('',#544,.T.);
#280=FACE_OUTER_BOUND('',#545,.T.);
#281=FACE_OUTER_BOUND('',#546,.T.);
#282=FACE_OUTER_BOUND('',#547,.T.);
#283=FACE_OUTER_BOUND('',#548,.T.);
#284=FACE_OUTER_BOUND('',#549,.T.);
#285=FACE_OUTER_BOUND('',#550,.T.);
#286=FACE_OUTER_BOUND('',#551,.T.);
#287=FACE_OUTER_BOUND('',#552,.T.);
#288=FACE_OUTER_BOUND('',#553,.T.);
#289=FACE_OUTER_BOUND('',#554,.T.);
#290=FACE_OUTER_BOUND('',#555,.T.);
#291=FACE_OUTER_BOUND('',#556,.T.);
#292=FACE_OUTER_BOUND('',#557,.T.);
#293=FACE_OUTER_BOUND('',#558,.T.);
#294=FACE_OUTER_BOUND('',#559,.T.);
#295=FACE_OUTER_BOUND('',#560,.T.);
#296=FACE_OUTER_BOUND('',#561,.T.);
#297=FACE_OUTER_BOUND('',#562,.T.);
#298=FACE_OUTER_BOUND('',#563,.T.);
#299=FACE_OUTER_BOUND('',#564,.T.);
#300=FACE_OUTER_BOUND('',#565,.T.);
#301=FACE_OUTER_BOUND('',#566,.T.);
#302=FACE_OUTER_BOUND('',#567,.T.);
#303=FACE_OUTER_BOUND('',#568,.T.);
#304=FACE_OUTER_BOUND('',#569,.T.);
#305=FACE_OUTER_BOUND('',#570,.T.);
#306=FACE_OUTER_BOUND('',#571,.T.);
#307=FACE_OUTER_BOUND('',#572,.T.);
#308=FACE_OUTER_BOUND('',#573,.T.);
#309=FACE_OUTER_BOUND('',#574,.T.);
#310=FACE_OUTER_BOUND('',#575,.T.);
#311=FACE_OUTER_BOUND('',#577,.T.);
#312=FACE_OUTER_BOUND('',#580,.T.);
#313=FACE_OUTER_BOUND('',#581,.T.);
#314=FACE_OUTER_BOUND('',#582,.T.);
#315=FACE_OUTER_BOUND('',#583,.T.);
#316=FACE_OUTER_BOUND('',#584,.T.);
#317=FACE_OUTER_BOUND('',#585,.T.);
#318=FACE_OUTER_BOUND('',#586,.T.);
#319=FACE_OUTER_BOUND('',#587,.T.);
#320=FACE_OUTER_BOUND('',#588,.T.);
#321=FACE_OUTER_BOUND('',#590,.T.);
#322=FACE_OUTER_BOUND('',#592,.T.);
#323=FACE_OUTER_BOUND('',#593,.T.);
#324=FACE_OUTER_BOUND('',#594,.T.);
#325=FACE_OUTER_BOUND('',#595,.T.);
#326=FACE_OUTER_BOUND('',#596,.T.);
#327=FACE_OUTER_BOUND('',#597,.T.);
#328=FACE_OUTER_BOUND('',#598,.T.);
#329=FACE_OUTER_BOUND('',#599,.T.);
#330=FACE_OUTER_BOUND('',#600,.T.);
#331=FACE_OUTER_BOUND('',#601,.T.);
#332=FACE_OUTER_BOUND('',#602,.T.);
#333=FACE_OUTER_BOUND('',#603,.T.);
#334=FACE_OUTER_BOUND('',#604,.T.);
#335=FACE_OUTER_BOUND('',#605,.T.);
#336=FACE_OUTER_BOUND('',#606,.T.);
#337=FACE_OUTER_BOUND('',#607,.T.);
#338=FACE_OUTER_BOUND('',#608,.T.);
#339=FACE_OUTER_BOUND('',#609,.T.);
#340=FACE_OUTER_BOUND('',#610,.T.);
#341=FACE_OUTER_BOUND('',#611,.T.);
#342=FACE_OUTER_BOUND('',#612,.T.);
#343=FACE_OUTER_BOUND('',#613,.T.);
#344=FACE_OUTER_BOUND('',#614,.T.);
#345=FACE_OUTER_BOUND('',#615,.T.);
#346=FACE_OUTER_BOUND('',#616,.T.);
#347=FACE_OUTER_BOUND('',#617,.T.);
#348=FACE_OUTER_BOUND('',#618,.T.);
#349=FACE_OUTER_BOUND('',#619,.T.);
#350=FACE_OUTER_BOUND('',#620,.T.);
#351=FACE_OUTER_BOUND('',#621,.T.);
#352=FACE_OUTER_BOUND('',#622,.T.);
#353=FACE_OUTER_BOUND('',#623,.T.);
#354=FACE_OUTER_BOUND('',#624,.T.);
#355=FACE_OUTER_BOUND('',#625,.T.);
#356=FACE_OUTER_BOUND('',#626,.T.);
#357=FACE_OUTER_BOUND('',#627,.T.);
#358=FACE_OUTER_BOUND('',#628,.T.);
#359=FACE_OUTER_BOUND('',#629,.T.);
#360=FACE_OUTER_BOUND('',#630,.T.);
#361=FACE_OUTER_BOUND('',#631,.T.);
#362=FACE_OUTER_BOUND('',#632,.T.);
#363=FACE_OUTER_BOUND('',#633,.T.);
#364=FACE_OUTER_BOUND('',#634,.T.);
#365=FACE_OUTER_BOUND('',#635,.T.);
#366=FACE_OUTER_BOUND('',#636,.T.);
#367=FACE_OUTER_BOUND('',#637,.T.);
#368=FACE_OUTER_BOUND('',#638,.T.);
#369=FACE_OUTER_BOUND('',#639,.T.);
#370=FACE_OUTER_BOUND('',#640,.T.);
#371=FACE_OUTER_BOUND('',#641,.T.);
#372=FACE_OUTER_BOUND('',#642,.T.);
#373=FACE_OUTER_BOUND('',#643,.T.);
#374=FACE_OUTER_BOUND('',#644,.T.);
#375=FACE_OUTER_BOUND('',#645,.T.);
#376=FACE_OUTER_BOUND('',#646,.T.);
#377=FACE_OUTER_BOUND('',#647,.T.);
#378=FACE_OUTER_BOUND('',#648,.T.);
#379=FACE_OUTER_BOUND('',#649,.T.);
#380=EDGE_LOOP('',(#2952,#2953,#2954,#2955));
#381=EDGE_LOOP('',(#2956,#2957,#2958,#2959));
#382=EDGE_LOOP('',(#2960,#2961,#2962,#2963));
#383=EDGE_LOOP('',(#2964,#2965,#2966,#2967));
#384=EDGE_LOOP('',(#2968,#2969,#2970,#2971));
#385=EDGE_LOOP('',(#2972,#2973,#2974,#2975));
#386=EDGE_LOOP('',(#2976,#2977,#2978,#2979));
#387=EDGE_LOOP('',(#2980,#2981,#2982,#2983));
#388=EDGE_LOOP('',(#2984,#2985,#2986,#2987));
#389=EDGE_LOOP('',(#2988,#2989,#2990,#2991));
#390=EDGE_LOOP('',(#2992,#2993,#2994,#2995));
#391=EDGE_LOOP('',(#2996,#2997,#2998,#2999));
#392=EDGE_LOOP('',(#3000,#3001,#3002,#3003));
#393=EDGE_LOOP('',(#3004,#3005,#3006,#3007));
#394=EDGE_LOOP('',(#3008,#3009,#3010,#3011));
#395=EDGE_LOOP('',(#3012,#3013,#3014,#3015));
#396=EDGE_LOOP('',(#3016,#3017,#3018,#3019));
#397=EDGE_LOOP('',(#3020,#3021,#3022,#3023));
#398=EDGE_LOOP('',(#3024,#3025,#3026,#3027));
#399=EDGE_LOOP('',(#3028,#3029,#3030,#3031));
#400=EDGE_LOOP('',(#3032,#3033,#3034,#3035,#3036,#3037,#3038,#3039));
#401=EDGE_LOOP('',(#3040,#3041,#3042,#3043));
#402=EDGE_LOOP('',(#3044,#3045,#3046,#3047));
#403=EDGE_LOOP('',(#3048,#3049,#3050,#3051));
#404=EDGE_LOOP('',(#3052,#3053,#3054,#3055));
#405=EDGE_LOOP('',(#3056,#3057,#3058,#3059));
#406=EDGE_LOOP('',(#3060,#3061,#3062,#3063));
#407=EDGE_LOOP('',(#3064,#3065,#3066,#3067));
#408=EDGE_LOOP('',(#3068,#3069,#3070,#3071));
#409=EDGE_LOOP('',(#3072,#3073,#3074,#3075,#3076,#3077,#3078,#3079));
#410=EDGE_LOOP('',(#3080,#3081,#3082,#3083));
#411=EDGE_LOOP('',(#3084,#3085,#3086,#3087));
#412=EDGE_LOOP('',(#3088,#3089,#3090,#3091));
#413=EDGE_LOOP('',(#3092,#3093,#3094,#3095));
#414=EDGE_LOOP('',(#3096,#3097,#3098,#3099));
#415=EDGE_LOOP('',(#3100,#3101,#3102,#3103));
#416=EDGE_LOOP('',(#3104,#3105,#3106,#3107));
#417=EDGE_LOOP('',(#3108,#3109,#3110,#3111));
#418=EDGE_LOOP('',(#3112,#3113,#3114,#3115));
#419=EDGE_LOOP('',(#3116,#3117,#3118,#3119));
#420=EDGE_LOOP('',(#3120,#3121,#3122,#3123));
#421=EDGE_LOOP('',(#3124,#3125,#3126,#3127));
#422=EDGE_LOOP('',(#3128,#3129,#3130,#3131));
#423=EDGE_LOOP('',(#3132,#3133,#3134,#3135));
#424=EDGE_LOOP('',(#3136,#3137,#3138,#3139));
#425=EDGE_LOOP('',(#3140,#3141,#3142,#3143));
#426=EDGE_LOOP('',(#3144,#3145,#3146,#3147));
#427=EDGE_LOOP('',(#3148,#3149,#3150,#3151));
#428=EDGE_LOOP('',(#3152,#3153,#3154,#3155));
#429=EDGE_LOOP('',(#3156,#3157,#3158,#3159));
#430=EDGE_LOOP('',(#3160,#3161,#3162,#3163));
#431=EDGE_LOOP('',(#3164,#3165,#3166,#3167));
#432=EDGE_LOOP('',(#3168,#3169,#3170,#3171));
#433=EDGE_LOOP('',(#3172,#3173,#3174,#3175));
#434=EDGE_LOOP('',(#3176,#3177,#3178,#3179));
#435=EDGE_LOOP('',(#3180,#3181,#3182,#3183));
#436=EDGE_LOOP('',(#3184,#3185,#3186,#3187));
#437=EDGE_LOOP('',(#3188,#3189,#3190,#3191));
#438=EDGE_LOOP('',(#3192,#3193,#3194,#3195));
#439=EDGE_LOOP('',(#3196,#3197,#3198,#3199));
#440=EDGE_LOOP('',(#3200,#3201,#3202,#3203));
#441=EDGE_LOOP('',(#3204,#3205,#3206,#3207));
#442=EDGE_LOOP('',(#3208,#3209,#3210,#3211));
#443=EDGE_LOOP('',(#3212,#3213,#3214,#3215));
#444=EDGE_LOOP('',(#3216,#3217,#3218,#3219));
#445=EDGE_LOOP('',(#3220,#3221,#3222,#3223));
#446=EDGE_LOOP('',(#3224,#3225,#3226,#3227));
#447=EDGE_LOOP('',(#3228,#3229,#3230,#3231));
#448=EDGE_LOOP('',(#3232,#3233,#3234,#3235));
#449=EDGE_LOOP('',(#3236,#3237,#3238,#3239));
#450=EDGE_LOOP('',(#3240,#3241,#3242,#3243));
#451=EDGE_LOOP('',(#3244,#3245,#3246,#3247));
#452=EDGE_LOOP('',(#3248,#3249,#3250,#3251));
#453=EDGE_LOOP('',(#3252,#3253,#3254,#3255));
#454=EDGE_LOOP('',(#3256,#3257,#3258,#3259));
#455=EDGE_LOOP('',(#3260,#3261,#3262,#3263));
#456=EDGE_LOOP('',(#3264,#3265,#3266,#3267));
#457=EDGE_LOOP('',(#3268,#3269,#3270,#3271));
#458=EDGE_LOOP('',(#3272,#3273,#3274,#3275,#3276,#3277,#3278,#3279));
#459=EDGE_LOOP('',(#3280,#3281,#3282,#3283));
#460=EDGE_LOOP('',(#3284,#3285,#3286,#3287));
#461=EDGE_LOOP('',(#3288,#3289,#3290,#3291));
#462=EDGE_LOOP('',(#3292,#3293,#3294,#3295));
#463=EDGE_LOOP('',(#3296,#3297,#3298,#3299));
#464=EDGE_LOOP('',(#3300,#3301,#3302,#3303));
#465=EDGE_LOOP('',(#3304,#3305,#3306,#3307));
#466=EDGE_LOOP('',(#3308,#3309,#3310,#3311));
#467=EDGE_LOOP('',(#3312,#3313,#3314,#3315,#3316,#3317,#3318,#3319));
#468=EDGE_LOOP('',(#3320,#3321,#3322,#3323));
#469=EDGE_LOOP('',(#3324,#3325,#3326,#3327));
#470=EDGE_LOOP('',(#3328,#3329,#3330,#3331));
#471=EDGE_LOOP('',(#3332,#3333,#3334,#3335));
#472=EDGE_LOOP('',(#3336,#3337,#3338,#3339));
#473=EDGE_LOOP('',(#3340,#3341,#3342,#3343));
#474=EDGE_LOOP('',(#3344,#3345,#3346,#3347));
#475=EDGE_LOOP('',(#3348,#3349,#3350,#3351));
#476=EDGE_LOOP('',(#3352,#3353,#3354,#3355));
#477=EDGE_LOOP('',(#3356,#3357,#3358,#3359));
#478=EDGE_LOOP('',(#3360,#3361,#3362,#3363));
#479=EDGE_LOOP('',(#3364,#3365,#3366,#3367));
#480=EDGE_LOOP('',(#3368,#3369,#3370,#3371));
#481=EDGE_LOOP('',(#3372,#3373,#3374,#3375));
#482=EDGE_LOOP('',(#3376,#3377,#3378,#3379));
#483=EDGE_LOOP('',(#3380,#3381,#3382,#3383));
#484=EDGE_LOOP('',(#3384,#3385,#3386,#3387));
#485=EDGE_LOOP('',(#3388,#3389,#3390,#3391));
#486=EDGE_LOOP('',(#3392,#3393,#3394,#3395));
#487=EDGE_LOOP('',(#3396,#3397,#3398,#3399));
#488=EDGE_LOOP('',(#3400,#3401,#3402,#3403));
#489=EDGE_LOOP('',(#3404,#3405,#3406,#3407));
#490=EDGE_LOOP('',(#3408,#3409,#3410,#3411));
#491=EDGE_LOOP('',(#3412,#3413,#3414,#3415));
#492=EDGE_LOOP('',(#3416,#3417,#3418,#3419));
#493=EDGE_LOOP('',(#3420,#3421,#3422,#3423));
#494=EDGE_LOOP('',(#3424,#3425,#3426,#3427));
#495=EDGE_LOOP('',(#3428,#3429,#3430,#3431));
#496=EDGE_LOOP('',(#3432,#3433,#3434,#3435));
#497=EDGE_LOOP('',(#3436,#3437,#3438,#3439));
#498=EDGE_LOOP('',(#3440,#3441,#3442,#3443));
#499=EDGE_LOOP('',(#3444,#3445,#3446,#3447));
#500=EDGE_LOOP('',(#3448,#3449,#3450,#3451));
#501=EDGE_LOOP('',(#3452,#3453,#3454,#3455));
#502=EDGE_LOOP('',(#3456,#3457,#3458,#3459));
#503=EDGE_LOOP('',(#3460,#3461,#3462,#3463));
#504=EDGE_LOOP('',(#3464,#3465,#3466,#3467));
#505=EDGE_LOOP('',(#3468,#3469,#3470,#3471));
#506=EDGE_LOOP('',(#3472,#3473,#3474,#3475));
#507=EDGE_LOOP('',(#3476,#3477,#3478,#3479));
#508=EDGE_LOOP('',(#3480,#3481,#3482,#3483));
#509=EDGE_LOOP('',(#3484,#3485,#3486,#3487));
#510=EDGE_LOOP('',(#3488,#3489,#3490,#3491));
#511=EDGE_LOOP('',(#3492,#3493,#3494,#3495));
#512=EDGE_LOOP('',(#3496,#3497,#3498,#3499,#3500,#3501,#3502,#3503,#3504,
#3505,#3506,#3507,#3508,#3509,#3510,#3511,#3512,#3513,#3514,#3515,#3516,
#3517,#3518,#3519));
#513=EDGE_LOOP('',(#3520,#3521,#3522,#3523));
#514=EDGE_LOOP('',(#3524,#3525,#3526,#3527,#3528,#3529));
#515=EDGE_LOOP('',(#3530,#3531,#3532,#3533));
#516=EDGE_LOOP('',(#3534,#3535,#3536,#3537,#3538,#3539));
#517=EDGE_LOOP('',(#3540,#3541,#3542,#3543));
#518=EDGE_LOOP('',(#3544,#3545,#3546,#3547));
#519=EDGE_LOOP('',(#3548,#3549,#3550,#3551));
#520=EDGE_LOOP('',(#3552,#3553,#3554,#3555,#3556,#3557));
#521=EDGE_LOOP('',(#3558,#3559,#3560,#3561));
#522=EDGE_LOOP('',(#3562,#3563,#3564,#3565));
#523=EDGE_LOOP('',(#3566,#3567,#3568,#3569));
#524=EDGE_LOOP('',(#3570,#3571,#3572,#3573,#3574,#3575));
#525=EDGE_LOOP('',(#3576,#3577,#3578,#3579));
#526=EDGE_LOOP('',(#3580,#3581,#3582,#3583,#3584,#3585,#3586,#3587));
#527=EDGE_LOOP('',(#3588,#3589,#3590,#3591));
#528=EDGE_LOOP('',(#3592,#3593,#3594,#3595,#3596,#3597));
#529=EDGE_LOOP('',(#3598,#3599,#3600,#3601));
#530=EDGE_LOOP('',(#3602,#3603,#3604,#3605,#3606,#3607));
#531=EDGE_LOOP('',(#3608,#3609,#3610,#3611));
#532=EDGE_LOOP('',(#3612,#3613,#3614,#3615));
#533=EDGE_LOOP('',(#3616,#3617,#3618,#3619,#3620,#3621));
#534=EDGE_LOOP('',(#3622,#3623,#3624,#3625));
#535=EDGE_LOOP('',(#3626,#3627,#3628,#3629,#3630,#3631));
#536=EDGE_LOOP('',(#3632,#3633,#3634,#3635));
#537=EDGE_LOOP('',(#3636,#3637,#3638,#3639));
#538=EDGE_LOOP('',(#3640,#3641,#3642,#3643,#3644,#3645));
#539=EDGE_LOOP('',(#3646,#3647,#3648,#3649));
#540=EDGE_LOOP('',(#3650,#3651,#3652,#3653,#3654,#3655));
#541=EDGE_LOOP('',(#3656,#3657,#3658,#3659));
#542=EDGE_LOOP('',(#3660,#3661,#3662,#3663));
#543=EDGE_LOOP('',(#3664,#3665,#3666,#3667,#3668,#3669));
#544=EDGE_LOOP('',(#3670,#3671,#3672,#3673));
#545=EDGE_LOOP('',(#3674,#3675,#3676,#3677,#3678,#3679));
#546=EDGE_LOOP('',(#3680,#3681,#3682,#3683));
#547=EDGE_LOOP('',(#3684,#3685,#3686,#3687,#3688,#3689,#3690,#3691,#3692,
#3693,#3694,#3695,#3696,#3697,#3698,#3699,#3700,#3701,#3702,#3703,#3704,
#3705,#3706,#3707));
#548=EDGE_LOOP('',(#3708,#3709,#3710,#3711,#3712,#3713,#3714,#3715,#3716,
#3717,#3718,#3719));
#549=EDGE_LOOP('',(#3720,#3721,#3722,#3723));
#550=EDGE_LOOP('',(#3724,#3725,#3726,#3727));
#551=EDGE_LOOP('',(#3728,#3729,#3730,#3731));
#552=EDGE_LOOP('',(#3732,#3733,#3734,#3735));
#553=EDGE_LOOP('',(#3736,#3737,#3738,#3739));
#554=EDGE_LOOP('',(#3740,#3741,#3742,#3743));
#555=EDGE_LOOP('',(#3744,#3745,#3746,#3747));
#556=EDGE_LOOP('',(#3748,#3749,#3750,#3751));
#557=EDGE_LOOP('',(#3752,#3753,#3754,#3755));
#558=EDGE_LOOP('',(#3756,#3757,#3758,#3759));
#559=EDGE_LOOP('',(#3760,#3761,#3762,#3763));
#560=EDGE_LOOP('',(#3764,#3765,#3766,#3767));
#561=EDGE_LOOP('',(#3768,#3769,#3770,#3771));
#562=EDGE_LOOP('',(#3772,#3773,#3774,#3775));
#563=EDGE_LOOP('',(#3776,#3777,#3778,#3779));
#564=EDGE_LOOP('',(#3780,#3781,#3782,#3783));
#565=EDGE_LOOP('',(#3784,#3785,#3786,#3787));
#566=EDGE_LOOP('',(#3788,#3789,#3790,#3791));
#567=EDGE_LOOP('',(#3792,#3793,#3794,#3795));
#568=EDGE_LOOP('',(#3796,#3797,#3798,#3799));
#569=EDGE_LOOP('',(#3800,#3801,#3802,#3803));
#570=EDGE_LOOP('',(#3804,#3805,#3806,#3807));
#571=EDGE_LOOP('',(#3808,#3809,#3810,#3811));
#572=EDGE_LOOP('',(#3812,#3813,#3814,#3815));
#573=EDGE_LOOP('',(#3816,#3817,#3818,#3819));
#574=EDGE_LOOP('',(#3820,#3821,#3822,#3823));
#575=EDGE_LOOP('',(#3824,#3825,#3826,#3827));
#576=EDGE_LOOP('',(#3828,#3829,#3830,#3831,#3832,#3833,#3834,#3835,#3836,
#3837,#3838,#3839));
#577=EDGE_LOOP('',(#3840,#3841,#3842,#3843));
#578=EDGE_LOOP('',(#3844,#3845,#3846,#3847));
#579=EDGE_LOOP('',(#3848,#3849,#3850,#3851));
#580=EDGE_LOOP('',(#3852,#3853,#3854,#3855));
#581=EDGE_LOOP('',(#3856,#3857,#3858,#3859));
#582=EDGE_LOOP('',(#3860,#3861,#3862,#3863));
#583=EDGE_LOOP('',(#3864,#3865,#3866,#3867));
#584=EDGE_LOOP('',(#3868,#3869,#3870,#3871));
#585=EDGE_LOOP('',(#3872,#3873,#3874,#3875));
#586=EDGE_LOOP('',(#3876,#3877,#3878,#3879));
#587=EDGE_LOOP('',(#3880,#3881,#3882,#3883));
#588=EDGE_LOOP('',(#3884,#3885,#3886,#3887));
#589=EDGE_LOOP('',(#3888,#3889,#3890,#3891));
#590=EDGE_LOOP('',(#3892,#3893,#3894,#3895));
#591=EDGE_LOOP('',(#3896,#3897,#3898,#3899));
#592=EDGE_LOOP('',(#3900,#3901,#3902,#3903,#3904));
#593=EDGE_LOOP('',(#3905,#3906,#3907,#3908));
#594=EDGE_LOOP('',(#3909,#3910,#3911,#3912));
#595=EDGE_LOOP('',(#3913,#3914,#3915,#3916));
#596=EDGE_LOOP('',(#3917,#3918,#3919,#3920));
#597=EDGE_LOOP('',(#3921,#3922,#3923,#3924));
#598=EDGE_LOOP('',(#3925,#3926,#3927,#3928));
#599=EDGE_LOOP('',(#3929,#3930,#3931,#3932));
#600=EDGE_LOOP('',(#3933,#3934,#3935,#3936));
#601=EDGE_LOOP('',(#3937,#3938,#3939,#3940));
#602=EDGE_LOOP('',(#3941,#3942,#3943,#3944));
#603=EDGE_LOOP('',(#3945,#3946,#3947,#3948));
#604=EDGE_LOOP('',(#3949,#3950,#3951,#3952));
#605=EDGE_LOOP('',(#3953,#3954,#3955,#3956));
#606=EDGE_LOOP('',(#3957,#3958,#3959,#3960,#3961,#3962));
#607=EDGE_LOOP('',(#3963,#3964,#3965,#3966,#3967,#3968,#3969,#3970,#3971,
#3972,#3973,#3974,#3975,#3976,#3977));
#608=EDGE_LOOP('',(#3978,#3979,#3980,#3981,#3982,#3983));
#609=EDGE_LOOP('',(#3984,#3985,#3986,#3987));
#610=EDGE_LOOP('',(#3988,#3989,#3990,#3991));
#611=EDGE_LOOP('',(#3992,#3993,#3994,#3995));
#612=EDGE_LOOP('',(#3996,#3997,#3998,#3999,#4000,#4001,#4002,#4003,#4004,
#4005,#4006,#4007,#4008,#4009,#4010,#4011,#4012,#4013));
#613=EDGE_LOOP('',(#4014,#4015,#4016,#4017));
#614=EDGE_LOOP('',(#4018,#4019,#4020,#4021));
#615=EDGE_LOOP('',(#4022,#4023,#4024,#4025,#4026,#4027,#4028,#4029,#4030,
#4031,#4032,#4033,#4034,#4035,#4036));
#616=EDGE_LOOP('',(#4037,#4038,#4039,#4040,#4041,#4042));
#617=EDGE_LOOP('',(#4043,#4044,#4045,#4046,#4047));
#618=EDGE_LOOP('',(#4048,#4049,#4050,#4051));
#619=EDGE_LOOP('',(#4052,#4053,#4054,#4055));
#620=EDGE_LOOP('',(#4056,#4057,#4058,#4059));
#621=EDGE_LOOP('',(#4060,#4061,#4062,#4063));
#622=EDGE_LOOP('',(#4064,#4065,#4066,#4067));
#623=EDGE_LOOP('',(#4068,#4069,#4070,#4071));
#624=EDGE_LOOP('',(#4072,#4073,#4074,#4075));
#625=EDGE_LOOP('',(#4076,#4077,#4078,#4079));
#626=EDGE_LOOP('',(#4080,#4081,#4082,#4083));
#627=EDGE_LOOP('',(#4084,#4085,#4086,#4087));
#628=EDGE_LOOP('',(#4088,#4089,#4090,#4091));
#629=EDGE_LOOP('',(#4092,#4093,#4094,#4095));
#630=EDGE_LOOP('',(#4096,#4097,#4098,#4099,#4100));
#631=EDGE_LOOP('',(#4101,#4102,#4103,#4104,#4105));
#632=EDGE_LOOP('',(#4106,#4107,#4108,#4109));
#633=EDGE_LOOP('',(#4110,#4111,#4112,#4113));
#634=EDGE_LOOP('',(#4114,#4115,#4116,#4117,#4118,#4119,#4120,#4121,#4122,
#4123,#4124,#4125,#4126,#4127,#4128,#4129,#4130,#4131));
#635=EDGE_LOOP('',(#4132,#4133,#4134,#4135));
#636=EDGE_LOOP('',(#4136,#4137,#4138,#4139));
#637=EDGE_LOOP('',(#4140,#4141,#4142,#4143));
#638=EDGE_LOOP('',(#4144,#4145,#4146,#4147));
#639=EDGE_LOOP('',(#4148,#4149,#4150,#4151,#4152,#4153,#4154,#4155));
#640=EDGE_LOOP('',(#4156,#4157,#4158,#4159));
#641=EDGE_LOOP('',(#4160,#4161,#4162,#4163));
#642=EDGE_LOOP('',(#4164,#4165,#4166,#4167,#4168,#4169,#4170));
#643=EDGE_LOOP('',(#4171,#4172,#4173,#4174,#4175,#4176));
#644=EDGE_LOOP('',(#4177,#4178,#4179,#4180));
#645=EDGE_LOOP('',(#4181,#4182,#4183,#4184));
#646=EDGE_LOOP('',(#4185,#4186,#4187,#4188,#4189));
#647=EDGE_LOOP('',(#4190,#4191,#4192,#4193));
#648=EDGE_LOOP('',(#4194,#4195,#4196,#4197,#4198,#4199));
#649=EDGE_LOOP('',(#4200,#4201,#4202,#4203,#4204,#4205,#4206,#4207));
#650=LINE('',#6162,#1278);
#651=LINE('',#6164,#1279);
#652=LINE('',#6166,#1280);
#653=LINE('',#6167,#1281);
#654=LINE('',#6170,#1282);
#655=LINE('',#6172,#1283);
#656=LINE('',#6173,#1284);
#657=LINE('',#6176,#1285);
#658=LINE('',#6178,#1286);
#659=LINE('',#6179,#1287);
#660=LINE('',#6181,#1288);
#661=LINE('',#6182,#1289);
#662=LINE('',#6186,#1290);
#663=LINE('',#6188,#1291);
#664=LINE('',#6190,#1292);
#665=LINE('',#6191,#1293);
#666=LINE('',#6194,#1294);
#667=LINE('',#6196,#1295);
#668=LINE('',#6197,#1296);
#669=LINE('',#6200,#1297);
#670=LINE('',#6202,#1298);
#671=LINE('',#6203,#1299);
#672=LINE('',#6205,#1300);
#673=LINE('',#6206,#1301);
#674=LINE('',#6213,#1302);
#675=LINE('',#6215,#1303);
#676=LINE('',#6217,#1304);
#677=LINE('',#6218,#1305);
#678=LINE('',#6222,#1306);
#679=LINE('',#6224,#1307);
#680=LINE('',#6226,#1308);
#681=LINE('',#6227,#1309);
#682=LINE('',#6231,#1310);
#683=LINE('',#6233,#1311);
#684=LINE('',#6235,#1312);
#685=LINE('',#6236,#1313);
#686=LINE('',#6240,#1314);
#687=LINE('',#6242,#1315);
#688=LINE('',#6244,#1316);
#689=LINE('',#6245,#1317);
#690=LINE('',#6249,#1318);
#691=LINE('',#6251,#1319);
#692=LINE('',#6253,#1320);
#693=LINE('',#6254,#1321);
#694=LINE('',#6258,#1322);
#695=LINE('',#6260,#1323);
#696=LINE('',#6262,#1324);
#697=LINE('',#6263,#1325);
#698=LINE('',#6267,#1326);
#699=LINE('',#6269,#1327);
#700=LINE('',#6271,#1328);
#701=LINE('',#6272,#1329);
#702=LINE('',#6276,#1330);
#703=LINE('',#6278,#1331);
#704=LINE('',#6280,#1332);
#705=LINE('',#6281,#1333);
#706=LINE('',#6284,#1334);
#707=LINE('',#6286,#1335);
#708=LINE('',#6288,#1336);
#709=LINE('',#6290,#1337);
#710=LINE('',#6292,#1338);
#711=LINE('',#6294,#1339);
#712=LINE('',#6295,#1340);
#713=LINE('',#6299,#1341);
#714=LINE('',#6300,#1342);
#715=LINE('',#6301,#1343);
#716=LINE('',#6303,#1344);
#717=LINE('',#6305,#1345);
#718=LINE('',#6306,#1346);
#719=LINE('',#6309,#1347);
#720=LINE('',#6310,#1348);
#721=LINE('',#6312,#1349);
#722=LINE('',#6314,#1350);
#723=LINE('',#6315,#1351);
#724=LINE('',#6317,#1352);
#725=LINE('',#6319,#1353);
#726=LINE('',#6320,#1354);
#727=LINE('',#6323,#1355);
#728=LINE('',#6324,#1356);
#729=LINE('',#6326,#1357);
#730=LINE('',#6328,#1358);
#731=LINE('',#6329,#1359);
#732=LINE('',#6331,#1360);
#733=LINE('',#6333,#1361);
#734=LINE('',#6334,#1362);
#735=LINE('',#6336,#1363);
#736=LINE('',#6338,#1364);
#737=LINE('',#6339,#1365);
#738=LINE('',#6341,#1366);
#739=LINE('',#6343,#1367);
#740=LINE('',#6344,#1368);
#741=LINE('',#6346,#1369);
#742=LINE('',#6348,#1370);
#743=LINE('',#6349,#1371);
#744=LINE('',#6352,#1372);
#745=LINE('',#6354,#1373);
#746=LINE('',#6355,#1374);
#747=LINE('',#6359,#1375);
#748=LINE('',#6360,#1376);
#749=LINE('',#6361,#1377);
#750=LINE('',#6364,#1378);
#751=LINE('',#6366,#1379);
#752=LINE('',#6367,#1380);
#753=LINE('',#6370,#1381);
#754=LINE('',#6372,#1382);
#755=LINE('',#6373,#1383);
#756=LINE('',#6375,#1384);
#757=LINE('',#6377,#1385);
#758=LINE('',#6381,#1386);
#759=LINE('',#6382,#1387);
#760=LINE('',#6383,#1388);
#761=LINE('',#6386,#1389);
#762=LINE('',#6387,#1390);
#763=LINE('',#6389,#1391);
#764=LINE('',#6391,#1392);
#765=LINE('',#6393,#1393);
#766=LINE('',#6395,#1394);
#767=LINE('',#6399,#1395);
#768=LINE('',#6401,#1396);
#769=LINE('',#6403,#1397);
#770=LINE('',#6404,#1398);
#771=LINE('',#6405,#1399);
#772=LINE('',#6408,#1400);
#773=LINE('',#6412,#1401);
#774=LINE('',#6414,#1402);
#775=LINE('',#6416,#1403);
#776=LINE('',#6417,#1404);
#777=LINE('',#6419,#1405);
#778=LINE('',#6421,#1406);
#779=LINE('',#6422,#1407);
#780=LINE('',#6423,#1408);
#781=LINE('',#6425,#1409);
#782=LINE('',#6426,#1410);
#783=LINE('',#6427,#1411);
#784=LINE('',#6430,#1412);
#785=LINE('',#6432,#1413);
#786=LINE('',#6433,#1414);
#787=LINE('',#6437,#1415);
#788=LINE('',#6438,#1416);
#789=LINE('',#6439,#1417);
#790=LINE('',#6441,#1418);
#791=LINE('',#6444,#1419);
#792=LINE('',#6446,#1420);
#793=LINE('',#6448,#1421);
#794=LINE('',#6456,#1422);
#795=LINE('',#6458,#1423);
#796=LINE('',#6460,#1424);
#797=LINE('',#6461,#1425);
#798=LINE('',#6465,#1426);
#799=LINE('',#6467,#1427);
#800=LINE('',#6469,#1428);
#801=LINE('',#6470,#1429);
#802=LINE('',#6474,#1430);
#803=LINE('',#6476,#1431);
#804=LINE('',#6478,#1432);
#805=LINE('',#6479,#1433);
#806=LINE('',#6483,#1434);
#807=LINE('',#6485,#1435);
#808=LINE('',#6487,#1436);
#809=LINE('',#6488,#1437);
#810=LINE('',#6492,#1438);
#811=LINE('',#6494,#1439);
#812=LINE('',#6496,#1440);
#813=LINE('',#6497,#1441);
#814=LINE('',#6501,#1442);
#815=LINE('',#6503,#1443);
#816=LINE('',#6505,#1444);
#817=LINE('',#6506,#1445);
#818=LINE('',#6510,#1446);
#819=LINE('',#6512,#1447);
#820=LINE('',#6514,#1448);
#821=LINE('',#6515,#1449);
#822=LINE('',#6519,#1450);
#823=LINE('',#6521,#1451);
#824=LINE('',#6523,#1452);
#825=LINE('',#6524,#1453);
#826=LINE('',#6527,#1454);
#827=LINE('',#6529,#1455);
#828=LINE('',#6531,#1456);
#829=LINE('',#6533,#1457);
#830=LINE('',#6535,#1458);
#831=LINE('',#6537,#1459);
#832=LINE('',#6538,#1460);
#833=LINE('',#6542,#1461);
#834=LINE('',#6543,#1462);
#835=LINE('',#6544,#1463);
#836=LINE('',#6546,#1464);
#837=LINE('',#6548,#1465);
#838=LINE('',#6549,#1466);
#839=LINE('',#6552,#1467);
#840=LINE('',#6553,#1468);
#841=LINE('',#6555,#1469);
#842=LINE('',#6557,#1470);
#843=LINE('',#6558,#1471);
#844=LINE('',#6560,#1472);
#845=LINE('',#6562,#1473);
#846=LINE('',#6563,#1474);
#847=LINE('',#6566,#1475);
#848=LINE('',#6567,#1476);
#849=LINE('',#6569,#1477);
#850=LINE('',#6571,#1478);
#851=LINE('',#6572,#1479);
#852=LINE('',#6574,#1480);
#853=LINE('',#6576,#1481);
#854=LINE('',#6577,#1482);
#855=LINE('',#6579,#1483);
#856=LINE('',#6581,#1484);
#857=LINE('',#6582,#1485);
#858=LINE('',#6584,#1486);
#859=LINE('',#6586,#1487);
#860=LINE('',#6587,#1488);
#861=LINE('',#6589,#1489);
#862=LINE('',#6591,#1490);
#863=LINE('',#6592,#1491);
#864=LINE('',#6595,#1492);
#865=LINE('',#6597,#1493);
#866=LINE('',#6598,#1494);
#867=LINE('',#6602,#1495);
#868=LINE('',#6603,#1496);
#869=LINE('',#6604,#1497);
#870=LINE('',#6607,#1498);
#871=LINE('',#6609,#1499);
#872=LINE('',#6610,#1500);
#873=LINE('',#6613,#1501);
#874=LINE('',#6615,#1502);
#875=LINE('',#6616,#1503);
#876=LINE('',#6618,#1504);
#877=LINE('',#6620,#1505);
#878=LINE('',#6624,#1506);
#879=LINE('',#6625,#1507);
#880=LINE('',#6626,#1508);
#881=LINE('',#6629,#1509);
#882=LINE('',#6630,#1510);
#883=LINE('',#6632,#1511);
#884=LINE('',#6634,#1512);
#885=LINE('',#6636,#1513);
#886=LINE('',#6638,#1514);
#887=LINE('',#6642,#1515);
#888=LINE('',#6644,#1516);
#889=LINE('',#6646,#1517);
#890=LINE('',#6647,#1518);
#891=LINE('',#6648,#1519);
#892=LINE('',#6651,#1520);
#893=LINE('',#6655,#1521);
#894=LINE('',#6657,#1522);
#895=LINE('',#6659,#1523);
#896=LINE('',#6660,#1524);
#897=LINE('',#6662,#1525);
#898=LINE('',#6664,#1526);
#899=LINE('',#6665,#1527);
#900=LINE('',#6666,#1528);
#901=LINE('',#6668,#1529);
#902=LINE('',#6669,#1530);
#903=LINE('',#6670,#1531);
#904=LINE('',#6673,#1532);
#905=LINE('',#6675,#1533);
#906=LINE('',#6676,#1534);
#907=LINE('',#6680,#1535);
#908=LINE('',#6681,#1536);
#909=LINE('',#6682,#1537);
#910=LINE('',#6684,#1538);
#911=LINE('',#6687,#1539);
#912=LINE('',#6689,#1540);
#913=LINE('',#6691,#1541);
#914=LINE('',#6699,#1542);
#915=LINE('',#6701,#1543);
#916=LINE('',#6703,#1544);
#917=LINE('',#6704,#1545);
#918=LINE('',#6708,#1546);
#919=LINE('',#6710,#1547);
#920=LINE('',#6712,#1548);
#921=LINE('',#6713,#1549);
#922=LINE('',#6717,#1550);
#923=LINE('',#6719,#1551);
#924=LINE('',#6721,#1552);
#925=LINE('',#6722,#1553);
#926=LINE('',#6726,#1554);
#927=LINE('',#6728,#1555);
#928=LINE('',#6730,#1556);
#929=LINE('',#6731,#1557);
#930=LINE('',#6734,#1558);
#931=LINE('',#6736,#1559);
#932=LINE('',#6738,#1560);
#933=LINE('',#6739,#1561);
#934=LINE('',#6741,#1562);
#935=LINE('',#6743,#1563);
#936=LINE('',#6745,#1564);
#937=LINE('',#6747,#1565);
#938=LINE('',#6748,#1566);
#939=LINE('',#6750,#1567);
#940=LINE('',#6752,#1568);
#941=LINE('',#6753,#1569);
#942=LINE('',#6755,#1570);
#943=LINE('',#6757,#1571);
#944=LINE('',#6759,#1572);
#945=LINE('',#6761,#1573);
#946=LINE('',#6763,#1574);
#947=LINE('',#6765,#1575);
#948=LINE('',#6767,#1576);
#949=LINE('',#6768,#1577);
#950=LINE('',#6772,#1578);
#951=LINE('',#6774,#1579);
#952=LINE('',#6776,#1580);
#953=LINE('',#6777,#1581);
#954=LINE('',#6780,#1582);
#955=LINE('',#6782,#1583);
#956=LINE('',#6783,#1584);
#957=LINE('',#6784,#1585);
#958=LINE('',#6787,#1586);
#959=LINE('',#6788,#1587);
#960=LINE('',#6791,#1588);
#961=LINE('',#6792,#1589);
#962=LINE('',#6793,#1590);
#963=LINE('',#6798,#1591);
#964=LINE('',#6800,#1592);
#965=LINE('',#6802,#1593);
#966=LINE('',#6803,#1594);
#967=LINE('',#6806,#1595);
#968=LINE('',#6808,#1596);
#969=LINE('',#6809,#1597);
#970=LINE('',#6811,#1598);
#971=LINE('',#6813,#1599);
#972=LINE('',#6814,#1600);
#973=LINE('',#6817,#1601);
#974=LINE('',#6818,#1602);
#975=LINE('',#6821,#1603);
#976=LINE('',#6822,#1604);
#977=LINE('',#6825,#1605);
#978=LINE('',#6826,#1606);
#979=LINE('',#6829,#1607);
#980=LINE('',#6831,#1608);
#981=LINE('',#6832,#1609);
#982=LINE('',#6834,#1610);
#983=LINE('',#6835,#1611);
#984=LINE('',#6840,#1612);
#985=LINE('',#6842,#1613);
#986=LINE('',#6844,#1614);
#987=LINE('',#6845,#1615);
#988=LINE('',#6847,#1616);
#989=LINE('',#6849,#1617);
#990=LINE('',#6850,#1618);
#991=LINE('',#6853,#1619);
#992=LINE('',#6854,#1620);
#993=LINE('',#6856,#1621);
#994=LINE('',#6857,#1622);
#995=LINE('',#6862,#1623);
#996=LINE('',#6864,#1624);
#997=LINE('',#6866,#1625);
#998=LINE('',#6867,#1626);
#999=LINE('',#6869,#1627);
#1000=LINE('',#6871,#1628);
#1001=LINE('',#6872,#1629);
#1002=LINE('',#6875,#1630);
#1003=LINE('',#6876,#1631);
#1004=LINE('',#6878,#1632);
#1005=LINE('',#6879,#1633);
#1006=LINE('',#6884,#1634);
#1007=LINE('',#6886,#1635);
#1008=LINE('',#6888,#1636);
#1009=LINE('',#6889,#1637);
#1010=LINE('',#6891,#1638);
#1011=LINE('',#6893,#1639);
#1012=LINE('',#6894,#1640);
#1013=LINE('',#6897,#1641);
#1014=LINE('',#6898,#1642);
#1015=LINE('',#6900,#1643);
#1016=LINE('',#6901,#1644);
#1017=LINE('',#6906,#1645);
#1018=LINE('',#6908,#1646);
#1019=LINE('',#6910,#1647);
#1020=LINE('',#6911,#1648);
#1021=LINE('',#6913,#1649);
#1022=LINE('',#6915,#1650);
#1023=LINE('',#6916,#1651);
#1024=LINE('',#6919,#1652);
#1025=LINE('',#6920,#1653);
#1026=LINE('',#6922,#1654);
#1027=LINE('',#6923,#1655);
#1028=LINE('',#6930,#1656);
#1029=LINE('',#6932,#1657);
#1030=LINE('',#6934,#1658);
#1031=LINE('',#6936,#1659);
#1032=LINE('',#6938,#1660);
#1033=LINE('',#6940,#1661);
#1034=LINE('',#6942,#1662);
#1035=LINE('',#6944,#1663);
#1036=LINE('',#6946,#1664);
#1037=LINE('',#6948,#1665);
#1038=LINE('',#6950,#1666);
#1039=LINE('',#6951,#1667);
#1040=LINE('',#6954,#1668);
#1041=LINE('',#6956,#1669);
#1042=LINE('',#6957,#1670);
#1043=LINE('',#6960,#1671);
#1044=LINE('',#6961,#1672);
#1045=LINE('',#6964,#1673);
#1046=LINE('',#6965,#1674);
#1047=LINE('',#6968,#1675);
#1048=LINE('',#6969,#1676);
#1049=LINE('',#6972,#1677);
#1050=LINE('',#6973,#1678);
#1051=LINE('',#6976,#1679);
#1052=LINE('',#6977,#1680);
#1053=LINE('',#6981,#1681);
#1054=LINE('',#6983,#1682);
#1055=LINE('',#6985,#1683);
#1056=LINE('',#6986,#1684);
#1057=LINE('',#6989,#1685);
#1058=LINE('',#6991,#1686);
#1059=LINE('',#6992,#1687);
#1060=LINE('',#6995,#1688);
#1061=LINE('',#6996,#1689);
#1062=LINE('',#7000,#1690);
#1063=LINE('',#7002,#1691);
#1064=LINE('',#7004,#1692);
#1065=LINE('',#7005,#1693);
#1066=LINE('',#7008,#1694);
#1067=LINE('',#7010,#1695);
#1068=LINE('',#7011,#1696);
#1069=LINE('',#7014,#1697);
#1070=LINE('',#7015,#1698);
#1071=LINE('',#7018,#1699);
#1072=LINE('',#7019,#1700);
#1073=LINE('',#7022,#1701);
#1074=LINE('',#7023,#1702);
#1075=LINE('',#7025,#1703);
#1076=LINE('',#7028,#1704);
#1077=LINE('',#7029,#1705);
#1078=LINE('',#7032,#1706);
#1079=LINE('',#7034,#1707);
#1080=LINE('',#7035,#1708);
#1081=LINE('',#7037,#1709);
#1082=LINE('',#7040,#1710);
#1083=LINE('',#7041,#1711);
#1084=LINE('',#7044,#1712);
#1085=LINE('',#7045,#1713);
#1086=LINE('',#7047,#1714);
#1087=LINE('',#7049,#1715);
#1088=LINE('',#7053,#1716);
#1089=LINE('',#7055,#1717);
#1090=LINE('',#7057,#1718);
#1091=LINE('',#7058,#1719);
#1092=LINE('',#7061,#1720);
#1093=LINE('',#7063,#1721);
#1094=LINE('',#7064,#1722);
#1095=LINE('',#7067,#1723);
#1096=LINE('',#7069,#1724);
#1097=LINE('',#7070,#1725);
#1098=LINE('',#7072,#1726);
#1099=LINE('',#7073,#1727);
#1100=LINE('',#7080,#1728);
#1101=LINE('',#7082,#1729);
#1102=LINE('',#7084,#1730);
#1103=LINE('',#7085,#1731);
#1104=LINE('',#7088,#1732);
#1105=LINE('',#7090,#1733);
#1106=LINE('',#7091,#1734);
#1107=LINE('',#7094,#1735);
#1108=LINE('',#7096,#1736);
#1109=LINE('',#7097,#1737);
#1110=LINE('',#7099,#1738);
#1111=LINE('',#7100,#1739);
#1112=LINE('',#7104,#1740);
#1113=LINE('',#7106,#1741);
#1114=LINE('',#7108,#1742);
#1115=LINE('',#7109,#1743);
#1116=LINE('',#7112,#1744);
#1117=LINE('',#7114,#1745);
#1118=LINE('',#7115,#1746);
#1119=LINE('',#7118,#1747);
#1120=LINE('',#7120,#1748);
#1121=LINE('',#7121,#1749);
#1122=LINE('',#7123,#1750);
#1123=LINE('',#7124,#1751);
#1124=LINE('',#7132,#1752);
#1125=LINE('',#7134,#1753);
#1126=LINE('',#7136,#1754);
#1127=LINE('',#7138,#1755);
#1128=LINE('',#7139,#1756);
#1129=LINE('',#7143,#1757);
#1130=LINE('',#7145,#1758);
#1131=LINE('',#7147,#1759);
#1132=LINE('',#7148,#1760);
#1133=LINE('',#7151,#1761);
#1134=LINE('',#7153,#1762);
#1135=LINE('',#7154,#1763);
#1136=LINE('',#7157,#1764);
#1137=LINE('',#7159,#1765);
#1138=LINE('',#7160,#1766);
#1139=LINE('',#7163,#1767);
#1140=LINE('',#7165,#1768);
#1141=LINE('',#7166,#1769);
#1142=LINE('',#7169,#1770);
#1143=LINE('',#7171,#1771);
#1144=LINE('',#7172,#1772);
#1145=LINE('',#7175,#1773);
#1146=LINE('',#7177,#1774);
#1147=LINE('',#7178,#1775);
#1148=LINE('',#7181,#1776);
#1149=LINE('',#7183,#1777);
#1150=LINE('',#7184,#1778);
#1151=LINE('',#7187,#1779);
#1152=LINE('',#7189,#1780);
#1153=LINE('',#7190,#1781);
#1154=LINE('',#7193,#1782);
#1155=LINE('',#7195,#1783);
#1156=LINE('',#7196,#1784);
#1157=LINE('',#7199,#1785);
#1158=LINE('',#7201,#1786);
#1159=LINE('',#7202,#1787);
#1160=LINE('',#7205,#1788);
#1161=LINE('',#7207,#1789);
#1162=LINE('',#7208,#1790);
#1163=LINE('',#7212,#1791);
#1164=LINE('',#7214,#1792);
#1165=LINE('',#7216,#1793);
#1166=LINE('',#7217,#1794);
#1167=LINE('',#7219,#1795);
#1168=LINE('',#7220,#1796);
#1169=LINE('',#7223,#1797);
#1170=LINE('',#7224,#1798);
#1171=LINE('',#7226,#1799);
#1172=LINE('',#7227,#1800);
#1173=LINE('',#7229,#1801);
#1174=LINE('',#7232,#1802);
#1175=LINE('',#7233,#1803);
#1176=LINE('',#7236,#1804);
#1177=LINE('',#7237,#1805);
#1178=LINE('',#7240,#1806);
#1179=LINE('',#7241,#1807);
#1180=LINE('',#7243,#1808);
#1181=LINE('',#7248,#1809);
#1182=LINE('',#7250,#1810);
#1183=LINE('',#7252,#1811);
#1184=LINE('',#7253,#1812);
#1185=LINE('',#7256,#1813);
#1186=LINE('',#7258,#1814);
#1187=LINE('',#7259,#1815);
#1188=LINE('',#7262,#1816);
#1189=LINE('',#7264,#1817);
#1190=LINE('',#7266,#1818);
#1191=LINE('',#7268,#1819);
#1192=LINE('',#7270,#1820);
#1193=LINE('',#7272,#1821);
#1194=LINE('',#7274,#1822);
#1195=LINE('',#7276,#1823);
#1196=LINE('',#7278,#1824);
#1197=LINE('',#7280,#1825);
#1198=LINE('',#7282,#1826);
#1199=LINE('',#7284,#1827);
#1200=LINE('',#7285,#1828);
#1201=LINE('',#7289,#1829);
#1202=LINE('',#7291,#1830);
#1203=LINE('',#7293,#1831);
#1204=LINE('',#7294,#1832);
#1205=LINE('',#7295,#1833);
#1206=LINE('',#7299,#1834);
#1207=LINE('',#7301,#1835);
#1208=LINE('',#7303,#1836);
#1209=LINE('',#7305,#1837);
#1210=LINE('',#7306,#1838);
#1211=LINE('',#7309,#1839);
#1212=LINE('',#7310,#1840);
#1213=LINE('',#7311,#1841);
#1214=LINE('',#7314,#1842);
#1215=LINE('',#7315,#1843);
#1216=LINE('',#7318,#1844);
#1217=LINE('',#7319,#1845);
#1218=LINE('',#7322,#1846);
#1219=LINE('',#7323,#1847);
#1220=LINE('',#7326,#1848);
#1221=LINE('',#7327,#1849);
#1222=LINE('',#7330,#1850);
#1223=LINE('',#7331,#1851);
#1224=LINE('',#7334,#1852);
#1225=LINE('',#7335,#1853);
#1226=LINE('',#7338,#1854);
#1227=LINE('',#7339,#1855);
#1228=LINE('',#7342,#1856);
#1229=LINE('',#7343,#1857);
#1230=LINE('',#7346,#1858);
#1231=LINE('',#7347,#1859);
#1232=LINE('',#7349,#1860);
#1233=LINE('',#7353,#1861);
#1234=LINE('',#7354,#1862);
#1235=LINE('',#7355,#1863);
#1236=LINE('',#7357,#1864);
#1237=LINE('',#7358,#1865);
#1238=LINE('',#7361,#1866);
#1239=LINE('',#7363,#1867);
#1240=LINE('',#7376,#1868);
#1241=LINE('',#7378,#1869);
#1242=LINE('',#7380,#1870);
#1243=LINE('',#7381,#1871);
#1244=LINE('',#7384,#1872);
#1245=LINE('',#7386,#1873);
#1246=LINE('',#7387,#1874);
#1247=LINE('',#7391,#1875);
#1248=LINE('',#7393,#1876);
#1249=LINE('',#7395,#1877);
#1250=LINE('',#7396,#1878);
#1251=LINE('',#7399,#1879);
#1252=LINE('',#7400,#1880);
#1253=LINE('',#7403,#1881);
#1254=LINE('',#7405,#1882);
#1255=LINE('',#7407,#1883);
#1256=LINE('',#7409,#1884);
#1257=LINE('',#7411,#1885);
#1258=LINE('',#7412,#1886);
#1259=LINE('',#7414,#1887);
#1260=LINE('',#7418,#1888);
#1261=LINE('',#7420,#1889);
#1262=LINE('',#7422,#1890);
#1263=LINE('',#7423,#1891);
#1264=LINE('',#7426,#1892);
#1265=LINE('',#7427,#1893);
#1266=LINE('',#7428,#1894);
#1267=LINE('',#7429,#1895);
#1268=LINE('',#7432,#1896);
#1269=LINE('',#7434,#1897);
#1270=LINE('',#7436,#1898);
#1271=LINE('',#7437,#1899);
#1272=LINE('',#7439,#1900);
#1273=LINE('',#7441,#1901);
#1274=LINE('',#7442,#1902);
#1275=LINE('',#7444,#1903);
#1276=LINE('',#7447,#1904);
#1277=LINE('',#7449,#1905);
#1278=VECTOR('',#5022,0.0328083989501312);
#1279=VECTOR('',#5023,0.0328083989501312);
#1280=VECTOR('',#5024,0.0328083989501312);
#1281=VECTOR('',#5025,0.0328083989501312);
#1282=VECTOR('',#5028,0.0328083989501312);
#1283=VECTOR('',#5029,0.0328083989501312);
#1284=VECTOR('',#5030,0.0328083989501312);
#1285=VECTOR('',#5033,0.0328083989501312);
#1286=VECTOR('',#5034,0.0328083989501312);
#1287=VECTOR('',#5035,0.0328083989501312);
#1288=VECTOR('',#5038,0.0328083989501312);
#1289=VECTOR('',#5039,0.0328083989501312);
#1290=VECTOR('',#5042,0.0328083989501312);
#1291=VECTOR('',#5043,0.0328083989501312);
#1292=VECTOR('',#5044,0.0328083989501312);
#1293=VECTOR('',#5045,0.0328083989501312);
#1294=VECTOR('',#5048,0.0328083989501312);
#1295=VECTOR('',#5049,0.0328083989501312);
#1296=VECTOR('',#5050,0.0328083989501312);
#1297=VECTOR('',#5053,0.0328083989501312);
#1298=VECTOR('',#5054,0.0328083989501312);
#1299=VECTOR('',#5055,0.0328083989501312);
#1300=VECTOR('',#5058,0.0328083989501312);
#1301=VECTOR('',#5059,0.0328083989501312);
#1302=VECTOR('',#5068,0.0328083989501312);
#1303=VECTOR('',#5069,0.0328083989501312);
#1304=VECTOR('',#5070,0.0328083989501312);
#1305=VECTOR('',#5071,0.0328083989501312);
#1306=VECTOR('',#5074,0.0328083989501312);
#1307=VECTOR('',#5075,0.0328083989501312);
#1308=VECTOR('',#5076,0.0328083989501312);
#1309=VECTOR('',#5077,0.0328083989501312);
#1310=VECTOR('',#5080,0.0328083989501312);
#1311=VECTOR('',#5081,0.0328083989501312);
#1312=VECTOR('',#5082,0.0328083989501312);
#1313=VECTOR('',#5083,0.0328083989501312);
#1314=VECTOR('',#5086,0.0328083989501312);
#1315=VECTOR('',#5087,0.0328083989501312);
#1316=VECTOR('',#5088,0.0328083989501312);
#1317=VECTOR('',#5089,0.0328083989501312);
#1318=VECTOR('',#5092,0.0328083989501312);
#1319=VECTOR('',#5093,0.0328083989501312);
#1320=VECTOR('',#5094,0.0328083989501312);
#1321=VECTOR('',#5095,0.0328083989501312);
#1322=VECTOR('',#5098,0.0328083989501312);
#1323=VECTOR('',#5099,0.0328083989501312);
#1324=VECTOR('',#5100,0.0328083989501312);
#1325=VECTOR('',#5101,0.0328083989501312);
#1326=VECTOR('',#5104,0.0328083989501312);
#1327=VECTOR('',#5105,0.0328083989501312);
#1328=VECTOR('',#5106,0.0328083989501312);
#1329=VECTOR('',#5107,0.0328083989501312);
#1330=VECTOR('',#5110,0.0328083989501312);
#1331=VECTOR('',#5111,0.0328083989501312);
#1332=VECTOR('',#5112,0.0328083989501312);
#1333=VECTOR('',#5113,0.0328083989501312);
#1334=VECTOR('',#5116,0.0328083989501312);
#1335=VECTOR('',#5117,0.0328083989501312);
#1336=VECTOR('',#5118,0.0328083989501312);
#1337=VECTOR('',#5119,0.0328083989501312);
#1338=VECTOR('',#5120,0.0328083989501312);
#1339=VECTOR('',#5121,0.0328083989501312);
#1340=VECTOR('',#5122,0.0328083989501312);
#1341=VECTOR('',#5125,0.0328083989501312);
#1342=VECTOR('',#5126,0.0328083989501312);
#1343=VECTOR('',#5127,0.0328083989501312);
#1344=VECTOR('',#5128,0.0328083989501312);
#1345=VECTOR('',#5129,0.0328083989501312);
#1346=VECTOR('',#5130,0.0328083989501312);
#1347=VECTOR('',#5133,0.0328083989501312);
#1348=VECTOR('',#5134,0.0328083989501312);
#1349=VECTOR('',#5135,0.0328083989501312);
#1350=VECTOR('',#5136,0.0328083989501312);
#1351=VECTOR('',#5137,0.0328083989501312);
#1352=VECTOR('',#5138,0.0328083989501312);
#1353=VECTOR('',#5139,0.0328083989501312);
#1354=VECTOR('',#5140,0.0328083989501312);
#1355=VECTOR('',#5143,0.0328083989501312);
#1356=VECTOR('',#5144,0.0328083989501312);
#1357=VECTOR('',#5145,0.0328083989501312);
#1358=VECTOR('',#5146,0.0328083989501312);
#1359=VECTOR('',#5147,0.0328083989501312);
#1360=VECTOR('',#5148,0.0328083989501312);
#1361=VECTOR('',#5149,0.0328083989501312);
#1362=VECTOR('',#5150,0.0328083989501312);
#1363=VECTOR('',#5153,0.0328083989501312);
#1364=VECTOR('',#5154,0.0328083989501312);
#1365=VECTOR('',#5155,0.0328083989501312);
#1366=VECTOR('',#5156,0.0328083989501312);
#1367=VECTOR('',#5157,0.0328083989501312);
#1368=VECTOR('',#5158,0.0328083989501312);
#1369=VECTOR('',#5159,0.0328083989501312);
#1370=VECTOR('',#5160,0.0328083989501312);
#1371=VECTOR('',#5161,0.0328083989501312);
#1372=VECTOR('',#5164,0.0328083989501312);
#1373=VECTOR('',#5165,0.0328083989501312);
#1374=VECTOR('',#5166,0.0328083989501312);
#1375=VECTOR('',#5169,0.0328083989501312);
#1376=VECTOR('',#5170,0.0328083989501312);
#1377=VECTOR('',#5171,0.0328083989501312);
#1378=VECTOR('',#5174,0.0328083989501312);
#1379=VECTOR('',#5175,0.0328083989501312);
#1380=VECTOR('',#5176,0.0328083989501312);
#1381=VECTOR('',#5179,0.0328083989501312);
#1382=VECTOR('',#5180,0.0328083989501312);
#1383=VECTOR('',#5181,0.0328083989501312);
#1384=VECTOR('',#5184,0.0328083989501312);
#1385=VECTOR('',#5187,0.0328083989501312);
#1386=VECTOR('',#5190,0.0328083989501312);
#1387=VECTOR('',#5191,0.0328083989501312);
#1388=VECTOR('',#5192,0.0328083989501312);
#1389=VECTOR('',#5195,0.0328083989501312);
#1390=VECTOR('',#5196,0.0328083989501312);
#1391=VECTOR('',#5199,0.0328083989501312);
#1392=VECTOR('',#5202,0.0328083989501312);
#1393=VECTOR('',#5205,0.0328083989501312);
#1394=VECTOR('',#5208,0.0328083989501312);
#1395=VECTOR('',#5211,0.0328083989501312);
#1396=VECTOR('',#5212,0.0328083989501312);
#1397=VECTOR('',#5213,0.0328083989501312);
#1398=VECTOR('',#5214,0.0328083989501312);
#1399=VECTOR('',#5215,0.0328083989501312);
#1400=VECTOR('',#5220,0.0328083989501312);
#1401=VECTOR('',#5223,0.0328083989501312);
#1402=VECTOR('',#5224,0.0328083989501312);
#1403=VECTOR('',#5225,0.0328083989501312);
#1404=VECTOR('',#5226,0.0328083989501312);
#1405=VECTOR('',#5227,0.0328083989501312);
#1406=VECTOR('',#5228,0.0328083989501312);
#1407=VECTOR('',#5229,0.0328083989501312);
#1408=VECTOR('',#5230,0.0328083989501312);
#1409=VECTOR('',#5233,0.0328083989501312);
#1410=VECTOR('',#5234,0.0328083989501312);
#1411=VECTOR('',#5235,0.0328083989501312);
#1412=VECTOR('',#5240,0.0328083989501312);
#1413=VECTOR('',#5243,0.0328083989501312);
#1414=VECTOR('',#5244,0.0328083989501312);
#1415=VECTOR('',#5247,0.0328083989501312);
#1416=VECTOR('',#5248,0.0328083989501312);
#1417=VECTOR('',#5249,0.0328083989501312);
#1418=VECTOR('',#5252,0.0328083989501312);
#1419=VECTOR('',#5257,0.0328083989501312);
#1420=VECTOR('',#5260,0.0328083989501312);
#1421=VECTOR('',#5263,0.0328083989501312);
#1422=VECTOR('',#5274,0.0328083989501312);
#1423=VECTOR('',#5275,0.0328083989501312);
#1424=VECTOR('',#5276,0.0328083989501312);
#1425=VECTOR('',#5277,0.0328083989501312);
#1426=VECTOR('',#5280,0.0328083989501312);
#1427=VECTOR('',#5281,0.0328083989501312);
#1428=VECTOR('',#5282,0.0328083989501312);
#1429=VECTOR('',#5283,0.0328083989501312);
#1430=VECTOR('',#5286,0.0328083989501312);
#1431=VECTOR('',#5287,0.0328083989501312);
#1432=VECTOR('',#5288,0.0328083989501312);
#1433=VECTOR('',#5289,0.0328083989501312);
#1434=VECTOR('',#5292,0.0328083989501312);
#1435=VECTOR('',#5293,0.0328083989501312);
#1436=VECTOR('',#5294,0.0328083989501312);
#1437=VECTOR('',#5295,0.0328083989501312);
#1438=VECTOR('',#5298,0.0328083989501312);
#1439=VECTOR('',#5299,0.0328083989501312);
#1440=VECTOR('',#5300,0.0328083989501312);
#1441=VECTOR('',#5301,0.0328083989501312);
#1442=VECTOR('',#5304,0.0328083989501312);
#1443=VECTOR('',#5305,0.0328083989501312);
#1444=VECTOR('',#5306,0.0328083989501312);
#1445=VECTOR('',#5307,0.0328083989501312);
#1446=VECTOR('',#5310,0.0328083989501312);
#1447=VECTOR('',#5311,0.0328083989501312);
#1448=VECTOR('',#5312,0.0328083989501312);
#1449=VECTOR('',#5313,0.0328083989501312);
#1450=VECTOR('',#5316,0.0328083989501312);
#1451=VECTOR('',#5317,0.0328083989501312);
#1452=VECTOR('',#5318,0.0328083989501312);
#1453=VECTOR('',#5319,0.0328083989501312);
#1454=VECTOR('',#5322,0.0328083989501312);
#1455=VECTOR('',#5323,0.0328083989501312);
#1456=VECTOR('',#5324,0.0328083989501312);
#1457=VECTOR('',#5325,0.0328083989501312);
#1458=VECTOR('',#5326,0.0328083989501312);
#1459=VECTOR('',#5327,0.0328083989501312);
#1460=VECTOR('',#5328,0.0328083989501312);
#1461=VECTOR('',#5331,0.0328083989501312);
#1462=VECTOR('',#5332,0.0328083989501312);
#1463=VECTOR('',#5333,0.0328083989501312);
#1464=VECTOR('',#5334,0.0328083989501312);
#1465=VECTOR('',#5335,0.0328083989501312);
#1466=VECTOR('',#5336,0.0328083989501312);
#1467=VECTOR('',#5339,0.0328083989501312);
#1468=VECTOR('',#5340,0.0328083989501312);
#1469=VECTOR('',#5341,0.0328083989501312);
#1470=VECTOR('',#5342,0.0328083989501312);
#1471=VECTOR('',#5343,0.0328083989501312);
#1472=VECTOR('',#5344,0.0328083989501312);
#1473=VECTOR('',#5345,0.0328083989501312);
#1474=VECTOR('',#5346,0.0328083989501312);
#1475=VECTOR('',#5349,0.0328083989501312);
#1476=VECTOR('',#5350,0.0328083989501312);
#1477=VECTOR('',#5351,0.0328083989501312);
#1478=VECTOR('',#5352,0.0328083989501312);
#1479=VECTOR('',#5353,0.0328083989501312);
#1480=VECTOR('',#5354,0.0328083989501312);
#1481=VECTOR('',#5355,0.0328083989501312);
#1482=VECTOR('',#5356,0.0328083989501312);
#1483=VECTOR('',#5359,0.0328083989501312);
#1484=VECTOR('',#5360,0.0328083989501312);
#1485=VECTOR('',#5361,0.0328083989501312);
#1486=VECTOR('',#5362,0.0328083989501312);
#1487=VECTOR('',#5363,0.0328083989501312);
#1488=VECTOR('',#5364,0.0328083989501312);
#1489=VECTOR('',#5365,0.0328083989501312);
#1490=VECTOR('',#5366,0.0328083989501312);
#1491=VECTOR('',#5367,0.0328083989501312);
#1492=VECTOR('',#5370,0.0328083989501312);
#1493=VECTOR('',#5371,0.0328083989501312);
#1494=VECTOR('',#5372,0.0328083989501312);
#1495=VECTOR('',#5375,0.0328083989501312);
#1496=VECTOR('',#5376,0.0328083989501312);
#1497=VECTOR('',#5377,0.0328083989501312);
#1498=VECTOR('',#5380,0.0328083989501312);
#1499=VECTOR('',#5381,0.0328083989501312);
#1500=VECTOR('',#5382,0.0328083989501312);
#1501=VECTOR('',#5385,0.0328083989501312);
#1502=VECTOR('',#5386,0.0328083989501312);
#1503=VECTOR('',#5387,0.0328083989501312);
#1504=VECTOR('',#5390,0.0328083989501312);
#1505=VECTOR('',#5393,0.0328083989501312);
#1506=VECTOR('',#5396,0.0328083989501312);
#1507=VECTOR('',#5397,0.0328083989501312);
#1508=VECTOR('',#5398,0.0328083989501312);
#1509=VECTOR('',#5401,0.0328083989501312);
#1510=VECTOR('',#5402,0.0328083989501312);
#1511=VECTOR('',#5405,0.0328083989501312);
#1512=VECTOR('',#5408,0.0328083989501312);
#1513=VECTOR('',#5411,0.0328083989501312);
#1514=VECTOR('',#5414,0.0328083989501312);
#1515=VECTOR('',#5417,0.0328083989501312);
#1516=VECTOR('',#5418,0.0328083989501312);
#1517=VECTOR('',#5419,0.0328083989501312);
#1518=VECTOR('',#5420,0.0328083989501312);
#1519=VECTOR('',#5421,0.0328083989501312);
#1520=VECTOR('',#5426,0.0328083989501312);
#1521=VECTOR('',#5429,0.0328083989501312);
#1522=VECTOR('',#5430,0.0328083989501312);
#1523=VECTOR('',#5431,0.0328083989501312);
#1524=VECTOR('',#5432,0.0328083989501312);
#1525=VECTOR('',#5433,0.0328083989501312);
#1526=VECTOR('',#5434,0.0328083989501312);
#1527=VECTOR('',#5435,0.0328083989501312);
#1528=VECTOR('',#5436,0.0328083989501312);
#1529=VECTOR('',#5439,0.0328083989501312);
#1530=VECTOR('',#5440,0.0328083989501312);
#1531=VECTOR('',#5441,0.0328083989501312);
#1532=VECTOR('',#5446,0.0328083989501312);
#1533=VECTOR('',#5449,0.0328083989501312);
#1534=VECTOR('',#5450,0.0328083989501312);
#1535=VECTOR('',#5453,0.0328083989501312);
#1536=VECTOR('',#5454,0.0328083989501312);
#1537=VECTOR('',#5455,0.0328083989501312);
#1538=VECTOR('',#5458,0.0328083989501312);
#1539=VECTOR('',#5463,0.0328083989501312);
#1540=VECTOR('',#5466,0.0328083989501312);
#1541=VECTOR('',#5469,0.0328083989501312);
#1542=VECTOR('',#5480,0.0328083989501312);
#1543=VECTOR('',#5481,0.0328083989501312);
#1544=VECTOR('',#5482,0.0328083989501312);
#1545=VECTOR('',#5483,0.0328083989501312);
#1546=VECTOR('',#5486,0.0328083989501312);
#1547=VECTOR('',#5487,0.0328083989501312);
#1548=VECTOR('',#5488,0.0328083989501312);
#1549=VECTOR('',#5489,0.0328083989501312);
#1550=VECTOR('',#5492,0.0328083989501312);
#1551=VECTOR('',#5493,0.0328083989501312);
#1552=VECTOR('',#5494,0.0328083989501312);
#1553=VECTOR('',#5495,0.0328083989501312);
#1554=VECTOR('',#5498,0.0328083989501312);
#1555=VECTOR('',#5499,0.0328083989501312);
#1556=VECTOR('',#5500,0.0328083989501312);
#1557=VECTOR('',#5501,0.0328083989501312);
#1558=VECTOR('',#5504,0.0328083989501312);
#1559=VECTOR('',#5505,0.0328083989501312);
#1560=VECTOR('',#5506,0.0328083989501312);
#1561=VECTOR('',#5507,0.0328083989501312);
#1562=VECTOR('',#5508,0.0328083989501312);
#1563=VECTOR('',#5509,0.0328083989501312);
#1564=VECTOR('',#5510,0.0328083989501312);
#1565=VECTOR('',#5511,0.0328083989501312);
#1566=VECTOR('',#5512,0.0328083989501312);
#1567=VECTOR('',#5513,0.0328083989501312);
#1568=VECTOR('',#5514,0.0328083989501312);
#1569=VECTOR('',#5515,0.0328083989501312);
#1570=VECTOR('',#5516,0.0328083989501312);
#1571=VECTOR('',#5517,0.0328083989501312);
#1572=VECTOR('',#5518,0.0328083989501312);
#1573=VECTOR('',#5519,0.0328083989501312);
#1574=VECTOR('',#5520,0.0328083989501312);
#1575=VECTOR('',#5521,0.0328083989501312);
#1576=VECTOR('',#5522,0.0328083989501312);
#1577=VECTOR('',#5523,0.0328083989501312);
#1578=VECTOR('',#5526,0.0328083989501312);
#1579=VECTOR('',#5527,0.0328083989501312);
#1580=VECTOR('',#5528,0.0328083989501312);
#1581=VECTOR('',#5529,0.0328083989501312);
#1582=VECTOR('',#5532,0.0328083989501312);
#1583=VECTOR('',#5533,0.0328083989501312);
#1584=VECTOR('',#5534,0.0328083989501312);
#1585=VECTOR('',#5535,0.0328083989501312);
#1586=VECTOR('',#5538,0.0328083989501312);
#1587=VECTOR('',#5539,0.0328083989501312);
#1588=VECTOR('',#5542,0.0328083989501312);
#1589=VECTOR('',#5543,0.0328083989501312);
#1590=VECTOR('',#5544,0.0328083989501312);
#1591=VECTOR('',#5549,0.0328083989501312);
#1592=VECTOR('',#5550,0.0328083989501312);
#1593=VECTOR('',#5551,0.0328083989501312);
#1594=VECTOR('',#5552,0.0328083989501312);
#1595=VECTOR('',#5555,0.0328083989501312);
#1596=VECTOR('',#5556,0.0328083989501312);
#1597=VECTOR('',#5557,0.0328083989501312);
#1598=VECTOR('',#5560,0.0328083989501312);
#1599=VECTOR('',#5561,0.0328083989501312);
#1600=VECTOR('',#5562,0.0328083989501312);
#1601=VECTOR('',#5565,0.0328083989501312);
#1602=VECTOR('',#5566,0.0328083989501312);
#1603=VECTOR('',#5569,0.0328083989501312);
#1604=VECTOR('',#5570,0.0328083989501312);
#1605=VECTOR('',#5573,0.0328083989501312);
#1606=VECTOR('',#5574,0.0328083989501312);
#1607=VECTOR('',#5577,0.0328083989501312);
#1608=VECTOR('',#5578,0.0328083989501312);
#1609=VECTOR('',#5579,0.0328083989501312);
#1610=VECTOR('',#5582,0.0328083989501312);
#1611=VECTOR('',#5583,0.0328083989501312);
#1612=VECTOR('',#5588,0.0328083989501312);
#1613=VECTOR('',#5589,0.0328083989501312);
#1614=VECTOR('',#5590,0.0328083989501312);
#1615=VECTOR('',#5591,0.0328083989501312);
#1616=VECTOR('',#5594,0.0328083989501312);
#1617=VECTOR('',#5595,0.0328083989501312);
#1618=VECTOR('',#5596,0.0328083989501312);
#1619=VECTOR('',#5599,0.0328083989501312);
#1620=VECTOR('',#5600,0.0328083989501312);
#1621=VECTOR('',#5603,0.0328083989501312);
#1622=VECTOR('',#5604,0.0328083989501312);
#1623=VECTOR('',#5609,0.0328083989501312);
#1624=VECTOR('',#5610,0.0328083989501312);
#1625=VECTOR('',#5611,0.0328083989501312);
#1626=VECTOR('',#5612,0.0328083989501312);
#1627=VECTOR('',#5615,0.0328083989501312);
#1628=VECTOR('',#5616,0.0328083989501312);
#1629=VECTOR('',#5617,0.0328083989501312);
#1630=VECTOR('',#5620,0.0328083989501312);
#1631=VECTOR('',#5621,0.0328083989501312);
#1632=VECTOR('',#5624,0.0328083989501312);
#1633=VECTOR('',#5625,0.0328083989501312);
#1634=VECTOR('',#5630,0.0328083989501312);
#1635=VECTOR('',#5631,0.0328083989501312);
#1636=VECTOR('',#5632,0.0328083989501312);
#1637=VECTOR('',#5633,0.0328083989501312);
#1638=VECTOR('',#5636,0.0328083989501312);
#1639=VECTOR('',#5637,0.0328083989501312);
#1640=VECTOR('',#5638,0.0328083989501312);
#1641=VECTOR('',#5641,0.0328083989501312);
#1642=VECTOR('',#5642,0.0328083989501312);
#1643=VECTOR('',#5645,0.0328083989501312);
#1644=VECTOR('',#5646,0.0328083989501312);
#1645=VECTOR('',#5651,0.0328083989501312);
#1646=VECTOR('',#5652,0.0328083989501312);
#1647=VECTOR('',#5653,0.0328083989501312);
#1648=VECTOR('',#5654,0.0328083989501312);
#1649=VECTOR('',#5657,0.0328083989501312);
#1650=VECTOR('',#5658,0.0328083989501312);
#1651=VECTOR('',#5659,0.0328083989501312);
#1652=VECTOR('',#5662,0.0328083989501312);
#1653=VECTOR('',#5663,0.0328083989501312);
#1654=VECTOR('',#5666,0.0328083989501312);
#1655=VECTOR('',#5667,0.0328083989501312);
#1656=VECTOR('',#5676,0.0328083989501312);
#1657=VECTOR('',#5677,0.0328083989501312);
#1658=VECTOR('',#5678,0.0328083989501312);
#1659=VECTOR('',#5679,0.0328083989501312);
#1660=VECTOR('',#5680,0.0328083989501312);
#1661=VECTOR('',#5681,0.0328083989501312);
#1662=VECTOR('',#5682,0.0328083989501312);
#1663=VECTOR('',#5683,0.0328083989501312);
#1664=VECTOR('',#5684,0.0328083989501312);
#1665=VECTOR('',#5685,0.0328083989501312);
#1666=VECTOR('',#5686,0.0328083989501312);
#1667=VECTOR('',#5687,0.0328083989501312);
#1668=VECTOR('',#5690,0.0328083989501312);
#1669=VECTOR('',#5691,0.0328083989501312);
#1670=VECTOR('',#5692,0.0328083989501312);
#1671=VECTOR('',#5695,0.0328083989501312);
#1672=VECTOR('',#5696,0.0328083989501312);
#1673=VECTOR('',#5699,0.0328083989501312);
#1674=VECTOR('',#5700,0.0328083989501312);
#1675=VECTOR('',#5703,0.0328083989501312);
#1676=VECTOR('',#5704,0.0328083989501312);
#1677=VECTOR('',#5707,0.0328083989501312);
#1678=VECTOR('',#5708,0.0328083989501312);
#1679=VECTOR('',#5711,0.0328083989501312);
#1680=VECTOR('',#5712,0.0328083989501312);
#1681=VECTOR('',#5715,0.0328083989501312);
#1682=VECTOR('',#5716,0.0328083989501312);
#1683=VECTOR('',#5717,0.0328083989501312);
#1684=VECTOR('',#5718,0.0328083989501312);
#1685=VECTOR('',#5721,0.0328083989501312);
#1686=VECTOR('',#5722,0.0328083989501312);
#1687=VECTOR('',#5723,0.0328083989501312);
#1688=VECTOR('',#5726,0.0328083989501312);
#1689=VECTOR('',#5727,0.0328083989501312);
#1690=VECTOR('',#5730,0.0328083989501312);
#1691=VECTOR('',#5731,0.0328083989501312);
#1692=VECTOR('',#5732,0.0328083989501312);
#1693=VECTOR('',#5733,0.0328083989501312);
#1694=VECTOR('',#5736,0.0328083989501312);
#1695=VECTOR('',#5737,0.0328083989501312);
#1696=VECTOR('',#5738,0.0328083989501312);
#1697=VECTOR('',#5741,0.0328083989501312);
#1698=VECTOR('',#5742,0.0328083989501312);
#1699=VECTOR('',#5745,0.0328083989501312);
#1700=VECTOR('',#5746,0.0328083989501312);
#1701=VECTOR('',#5749,0.0328083989501312);
#1702=VECTOR('',#5750,0.0328083989501312);
#1703=VECTOR('',#5753,0.0328083989501312);
#1704=VECTOR('',#5756,0.0328083989501312);
#1705=VECTOR('',#5757,0.0328083989501312);
#1706=VECTOR('',#5760,0.0328083989501312);
#1707=VECTOR('',#5761,0.0328083989501312);
#1708=VECTOR('',#5762,0.0328083989501312);
#1709=VECTOR('',#5765,0.0328083989501312);
#1710=VECTOR('',#5768,0.0328083989501312);
#1711=VECTOR('',#5769,0.0328083989501312);
#1712=VECTOR('',#5772,0.0328083989501312);
#1713=VECTOR('',#5773,0.0328083989501312);
#1714=VECTOR('',#5776,0.0328083989501312);
#1715=VECTOR('',#5779,0.0328083989501312);
#1716=VECTOR('',#5782,0.0328083989501312);
#1717=VECTOR('',#5783,0.0328083989501312);
#1718=VECTOR('',#5784,0.0328083989501312);
#1719=VECTOR('',#5785,0.0328083989501312);
#1720=VECTOR('',#5788,0.0328083989501312);
#1721=VECTOR('',#5789,0.0328083989501312);
#1722=VECTOR('',#5790,0.0328083989501312);
#1723=VECTOR('',#5793,0.0328083989501312);
#1724=VECTOR('',#5794,0.0328083989501312);
#1725=VECTOR('',#5795,0.0328083989501312);
#1726=VECTOR('',#5798,0.0328083989501312);
#1727=VECTOR('',#5799,0.0328083989501312);
#1728=VECTOR('',#5808,0.0328083989501312);
#1729=VECTOR('',#5809,0.0328083989501312);
#1730=VECTOR('',#5810,0.0328083989501312);
#1731=VECTOR('',#5811,0.0328083989501312);
#1732=VECTOR('',#5814,0.0328083989501312);
#1733=VECTOR('',#5815,0.0328083989501312);
#1734=VECTOR('',#5816,0.0328083989501312);
#1735=VECTOR('',#5819,0.0328083989501312);
#1736=VECTOR('',#5820,0.0328083989501312);
#1737=VECTOR('',#5821,0.0328083989501312);
#1738=VECTOR('',#5824,0.0328083989501312);
#1739=VECTOR('',#5825,0.0328083989501312);
#1740=VECTOR('',#5828,0.0328083989501312);
#1741=VECTOR('',#5829,0.0328083989501312);
#1742=VECTOR('',#5830,0.0328083989501312);
#1743=VECTOR('',#5831,0.0328083989501312);
#1744=VECTOR('',#5834,0.0328083989501312);
#1745=VECTOR('',#5835,0.0328083989501312);
#1746=VECTOR('',#5836,0.0328083989501312);
#1747=VECTOR('',#5839,0.0328083989501312);
#1748=VECTOR('',#5840,0.0328083989501312);
#1749=VECTOR('',#5841,0.0328083989501312);
#1750=VECTOR('',#5844,0.0328083989501312);
#1751=VECTOR('',#5845,0.0328083989501312);
#1752=VECTOR('',#5856,0.0328083989501312);
#1753=VECTOR('',#5857,0.0328083989501312);
#1754=VECTOR('',#5858,0.0328083989501312);
#1755=VECTOR('',#5859,0.0328083989501312);
#1756=VECTOR('',#5860,0.0328083989501312);
#1757=VECTOR('',#5863,0.0328083989501312);
#1758=VECTOR('',#5864,0.0328083989501312);
#1759=VECTOR('',#5865,0.0328083989501312);
#1760=VECTOR('',#5866,0.0328083989501312);
#1761=VECTOR('',#5869,0.0328083989501312);
#1762=VECTOR('',#5870,0.0328083989501312);
#1763=VECTOR('',#5871,0.0328083989501312);
#1764=VECTOR('',#5874,0.0328083989501312);
#1765=VECTOR('',#5875,0.0328083989501312);
#1766=VECTOR('',#5876,0.0328083989501312);
#1767=VECTOR('',#5879,0.0328083989501312);
#1768=VECTOR('',#5880,0.0328083989501312);
#1769=VECTOR('',#5881,0.0328083989501312);
#1770=VECTOR('',#5884,0.0328083989501312);
#1771=VECTOR('',#5885,0.0328083989501312);
#1772=VECTOR('',#5886,0.0328083989501312);
#1773=VECTOR('',#5889,0.0328083989501312);
#1774=VECTOR('',#5890,0.0328083989501312);
#1775=VECTOR('',#5891,0.0328083989501312);
#1776=VECTOR('',#5894,0.0328083989501312);
#1777=VECTOR('',#5895,0.0328083989501312);
#1778=VECTOR('',#5896,0.0328083989501312);
#1779=VECTOR('',#5899,0.0328083989501312);
#1780=VECTOR('',#5900,0.0328083989501312);
#1781=VECTOR('',#5901,0.0328083989501312);
#1782=VECTOR('',#5904,0.0328083989501312);
#1783=VECTOR('',#5905,0.0328083989501312);
#1784=VECTOR('',#5906,0.0328083989501312);
#1785=VECTOR('',#5909,0.0328083989501312);
#1786=VECTOR('',#5910,0.0328083989501312);
#1787=VECTOR('',#5911,0.0328083989501312);
#1788=VECTOR('',#5914,0.0328083989501312);
#1789=VECTOR('',#5915,0.0328083989501312);
#1790=VECTOR('',#5916,0.0328083989501312);
#1791=VECTOR('',#5919,0.0328083989501312);
#1792=VECTOR('',#5920,0.0328083989501312);
#1793=VECTOR('',#5921,0.0328083989501312);
#1794=VECTOR('',#5922,0.0328083989501312);
#1795=VECTOR('',#5925,0.0328083989501312);
#1796=VECTOR('',#5926,0.0328083989501312);
#1797=VECTOR('',#5929,0.0328083989501312);
#1798=VECTOR('',#5930,0.0328083989501312);
#1799=VECTOR('',#5931,0.0328083989501312);
#1800=VECTOR('',#5932,0.0328083989501312);
#1801=VECTOR('',#5935,0.0328083989501312);
#1802=VECTOR('',#5938,0.0328083989501312);
#1803=VECTOR('',#5939,0.0328083989501312);
#1804=VECTOR('',#5942,0.0328083989501312);
#1805=VECTOR('',#5943,0.0328083989501312);
#1806=VECTOR('',#5946,0.0328083989501312);
#1807=VECTOR('',#5947,0.0328083989501312);
#1808=VECTOR('',#5950,0.0328083989501312);
#1809=VECTOR('',#5955,0.0328083989501312);
#1810=VECTOR('',#5956,0.0328083989501312);
#1811=VECTOR('',#5957,0.0328083989501312);
#1812=VECTOR('',#5958,0.0328083989501312);
#1813=VECTOR('',#5961,0.0328083989501312);
#1814=VECTOR('',#5962,0.0328083989501312);
#1815=VECTOR('',#5963,0.0328083989501312);
#1816=VECTOR('',#5966,0.0328083989501312);
#1817=VECTOR('',#5967,0.0328083989501312);
#1818=VECTOR('',#5968,0.0328083989501312);
#1819=VECTOR('',#5969,0.0328083989501312);
#1820=VECTOR('',#5970,0.0328083989501312);
#1821=VECTOR('',#5971,0.0328083989501312);
#1822=VECTOR('',#5972,0.0328083989501312);
#1823=VECTOR('',#5973,0.0328083989501312);
#1824=VECTOR('',#5974,0.0328083989501312);
#1825=VECTOR('',#5975,0.0328083989501312);
#1826=VECTOR('',#5976,0.0328083989501312);
#1827=VECTOR('',#5977,0.0328083989501312);
#1828=VECTOR('',#5978,0.0328083989501312);
#1829=VECTOR('',#5981,0.0328083989501312);
#1830=VECTOR('',#5982,0.0328083989501312);
#1831=VECTOR('',#5983,0.0328083989501312);
#1832=VECTOR('',#5984,0.0328083989501312);
#1833=VECTOR('',#5985,0.0328083989501312);
#1834=VECTOR('',#5988,0.0328083989501312);
#1835=VECTOR('',#5989,0.0328083989501312);
#1836=VECTOR('',#5990,0.0328083989501312);
#1837=VECTOR('',#5991,0.0328083989501312);
#1838=VECTOR('',#5992,0.0328083989501312);
#1839=VECTOR('',#5995,0.0328083989501312);
#1840=VECTOR('',#5996,0.0328083989501312);
#1841=VECTOR('',#5997,0.0328083989501312);
#1842=VECTOR('',#6000,0.0328083989501312);
#1843=VECTOR('',#6001,0.0328083989501312);
#1844=VECTOR('',#6004,0.0328083989501312);
#1845=VECTOR('',#6005,0.0328083989501312);
#1846=VECTOR('',#6008,0.0328083989501312);
#1847=VECTOR('',#6009,0.0328083989501312);
#1848=VECTOR('',#6012,0.0328083989501312);
#1849=VECTOR('',#6013,0.0328083989501312);
#1850=VECTOR('',#6016,0.0328083989501312);
#1851=VECTOR('',#6017,0.0328083989501312);
#1852=VECTOR('',#6020,0.0328083989501312);
#1853=VECTOR('',#6021,0.0328083989501312);
#1854=VECTOR('',#6024,0.0328083989501312);
#1855=VECTOR('',#6025,0.0328083989501312);
#1856=VECTOR('',#6028,0.0328083989501312);
#1857=VECTOR('',#6029,0.0328083989501312);
#1858=VECTOR('',#6032,0.0328083989501312);
#1859=VECTOR('',#6033,0.0328083989501312);
#1860=VECTOR('',#6036,0.0328083989501312);
#1861=VECTOR('',#6039,0.0328083989501312);
#1862=VECTOR('',#6040,0.0328083989501312);
#1863=VECTOR('',#6041,0.0328083989501312);
#1864=VECTOR('',#6044,0.0328083989501312);
#1865=VECTOR('',#6045,0.0328083989501312);
#1866=VECTOR('',#6050,0.0328083989501312);
#1867=VECTOR('',#6053,0.0328083989501312);
#1868=VECTOR('',#6074,0.0328083989501312);
#1869=VECTOR('',#6075,0.0328083989501312);
#1870=VECTOR('',#6076,0.0328083989501312);
#1871=VECTOR('',#6077,0.0328083989501312);
#1872=VECTOR('',#6080,0.0328083989501312);
#1873=VECTOR('',#6081,0.0328083989501312);
#1874=VECTOR('',#6082,0.0328083989501312);
#1875=VECTOR('',#6085,0.0328083989501312);
#1876=VECTOR('',#6086,0.0328083989501312);
#1877=VECTOR('',#6087,0.0328083989501312);
#1878=VECTOR('',#6088,0.0328083989501312);
#1879=VECTOR('',#6091,0.0328083989501312);
#1880=VECTOR('',#6092,0.0328083989501312);
#1881=VECTOR('',#6095,0.0328083989501312);
#1882=VECTOR('',#6096,0.0328083989501312);
#1883=VECTOR('',#6097,0.0328083989501312);
#1884=VECTOR('',#6098,0.0328083989501312);
#1885=VECTOR('',#6099,0.0328083989501312);
#1886=VECTOR('',#6100,0.0328083989501312);
#1887=VECTOR('',#6103,0.0328083989501312);
#1888=VECTOR('',#6106,0.0328083989501312);
#1889=VECTOR('',#6107,0.0328083989501312);
#1890=VECTOR('',#6108,0.0328083989501312);
#1891=VECTOR('',#6109,0.0328083989501312);
#1892=VECTOR('',#6112,0.0328083989501312);
#1893=VECTOR('',#6113,0.0328083989501312);
#1894=VECTOR('',#6114,0.0328083989501312);
#1895=VECTOR('',#6115,0.0328083989501312);
#1896=VECTOR('',#6118,0.0328083989501312);
#1897=VECTOR('',#6119,0.0328083989501312);
#1898=VECTOR('',#6120,0.0328083989501312);
#1899=VECTOR('',#6121,0.0328083989501312);
#1900=VECTOR('',#6124,0.0328083989501312);
#1901=VECTOR('',#6125,0.0328083989501312);
#1902=VECTOR('',#6126,0.0328083989501312);
#1903=VECTOR('',#6129,0.0328083989501312);
#1904=VECTOR('',#6134,0.0328083989501312);
#1905=VECTOR('',#6137,0.0328083989501312);
#1906=VERTEX_POINT('',#6160);
#1907=VERTEX_POINT('',#6161);
#1908=VERTEX_POINT('',#6163);
#1909=VERTEX_POINT('',#6165);
#1910=VERTEX_POINT('',#6169);
#1911=VERTEX_POINT('',#6171);
#1912=VERTEX_POINT('',#6175);
#1913=VERTEX_POINT('',#6177);
#1914=VERTEX_POINT('',#6184);
#1915=VERTEX_POINT('',#6185);
#1916=VERTEX_POINT('',#6187);
#1917=VERTEX_POINT('',#6189);
#1918=VERTEX_POINT('',#6193);
#1919=VERTEX_POINT('',#6195);
#1920=VERTEX_POINT('',#6199);
#1921=VERTEX_POINT('',#6201);
#1922=VERTEX_POINT('',#6211);
#1923=VERTEX_POINT('',#6212);
#1924=VERTEX_POINT('',#6214);
#1925=VERTEX_POINT('',#6216);
#1926=VERTEX_POINT('',#6220);
#1927=VERTEX_POINT('',#6221);
#1928=VERTEX_POINT('',#6223);
#1929=VERTEX_POINT('',#6225);
#1930=VERTEX_POINT('',#6229);
#1931=VERTEX_POINT('',#6230);
#1932=VERTEX_POINT('',#6232);
#1933=VERTEX_POINT('',#6234);
#1934=VERTEX_POINT('',#6238);
#1935=VERTEX_POINT('',#6239);
#1936=VERTEX_POINT('',#6241);
#1937=VERTEX_POINT('',#6243);
#1938=VERTEX_POINT('',#6247);
#1939=VERTEX_POINT('',#6248);
#1940=VERTEX_POINT('',#6250);
#1941=VERTEX_POINT('',#6252);
#1942=VERTEX_POINT('',#6256);
#1943=VERTEX_POINT('',#6257);
#1944=VERTEX_POINT('',#6259);
#1945=VERTEX_POINT('',#6261);
#1946=VERTEX_POINT('',#6265);
#1947=VERTEX_POINT('',#6266);
#1948=VERTEX_POINT('',#6268);
#1949=VERTEX_POINT('',#6270);
#1950=VERTEX_POINT('',#6274);
#1951=VERTEX_POINT('',#6275);
#1952=VERTEX_POINT('',#6277);
#1953=VERTEX_POINT('',#6279);
#1954=VERTEX_POINT('',#6283);
#1955=VERTEX_POINT('',#6285);
#1956=VERTEX_POINT('',#6287);
#1957=VERTEX_POINT('',#6289);
#1958=VERTEX_POINT('',#6291);
#1959=VERTEX_POINT('',#6293);
#1960=VERTEX_POINT('',#6297);
#1961=VERTEX_POINT('',#6298);
#1962=VERTEX_POINT('',#6302);
#1963=VERTEX_POINT('',#6304);
#1964=VERTEX_POINT('',#6308);
#1965=VERTEX_POINT('',#6311);
#1966=VERTEX_POINT('',#6313);
#1967=VERTEX_POINT('',#6316);
#1968=VERTEX_POINT('',#6318);
#1969=VERTEX_POINT('',#6322);
#1970=VERTEX_POINT('',#6325);
#1971=VERTEX_POINT('',#6327);
#1972=VERTEX_POINT('',#6330);
#1973=VERTEX_POINT('',#6332);
#1974=VERTEX_POINT('',#6337);
#1975=VERTEX_POINT('',#6340);
#1976=VERTEX_POINT('',#6342);
#1977=VERTEX_POINT('',#6345);
#1978=VERTEX_POINT('',#6347);
#1979=VERTEX_POINT('',#6351);
#1980=VERTEX_POINT('',#6353);
#1981=VERTEX_POINT('',#6357);
#1982=VERTEX_POINT('',#6358);
#1983=VERTEX_POINT('',#6363);
#1984=VERTEX_POINT('',#6365);
#1985=VERTEX_POINT('',#6369);
#1986=VERTEX_POINT('',#6371);
#1987=VERTEX_POINT('',#6379);
#1988=VERTEX_POINT('',#6380);
#1989=VERTEX_POINT('',#6385);
#1990=VERTEX_POINT('',#6397);
#1991=VERTEX_POINT('',#6398);
#1992=VERTEX_POINT('',#6400);
#1993=VERTEX_POINT('',#6402);
#1994=VERTEX_POINT('',#6410);
#1995=VERTEX_POINT('',#6411);
#1996=VERTEX_POINT('',#6413);
#1997=VERTEX_POINT('',#6415);
#1998=VERTEX_POINT('',#6418);
#1999=VERTEX_POINT('',#6420);
#2000=VERTEX_POINT('',#6435);
#2001=VERTEX_POINT('',#6436);
#2002=VERTEX_POINT('',#6454);
#2003=VERTEX_POINT('',#6455);
#2004=VERTEX_POINT('',#6457);
#2005=VERTEX_POINT('',#6459);
#2006=VERTEX_POINT('',#6463);
#2007=VERTEX_POINT('',#6464);
#2008=VERTEX_POINT('',#6466);
#2009=VERTEX_POINT('',#6468);
#2010=VERTEX_POINT('',#6472);
#2011=VERTEX_POINT('',#6473);
#2012=VERTEX_POINT('',#6475);
#2013=VERTEX_POINT('',#6477);
#2014=VERTEX_POINT('',#6481);
#2015=VERTEX_POINT('',#6482);
#2016=VERTEX_POINT('',#6484);
#2017=VERTEX_POINT('',#6486);
#2018=VERTEX_POINT('',#6490);
#2019=VERTEX_POINT('',#6491);
#2020=VERTEX_POINT('',#6493);
#2021=VERTEX_POINT('',#6495);
#2022=VERTEX_POINT('',#6499);
#2023=VERTEX_POINT('',#6500);
#2024=VERTEX_POINT('',#6502);
#2025=VERTEX_POINT('',#6504);
#2026=VERTEX_POINT('',#6508);
#2027=VERTEX_POINT('',#6509);
#2028=VERTEX_POINT('',#6511);
#2029=VERTEX_POINT('',#6513);
#2030=VERTEX_POINT('',#6517);
#2031=VERTEX_POINT('',#6518);
#2032=VERTEX_POINT('',#6520);
#2033=VERTEX_POINT('',#6522);
#2034=VERTEX_POINT('',#6526);
#2035=VERTEX_POINT('',#6528);
#2036=VERTEX_POINT('',#6530);
#2037=VERTEX_POINT('',#6532);
#2038=VERTEX_POINT('',#6534);
#2039=VERTEX_POINT('',#6536);
#2040=VERTEX_POINT('',#6540);
#2041=VERTEX_POINT('',#6541);
#2042=VERTEX_POINT('',#6545);
#2043=VERTEX_POINT('',#6547);
#2044=VERTEX_POINT('',#6551);
#2045=VERTEX_POINT('',#6554);
#2046=VERTEX_POINT('',#6556);
#2047=VERTEX_POINT('',#6559);
#2048=VERTEX_POINT('',#6561);
#2049=VERTEX_POINT('',#6565);
#2050=VERTEX_POINT('',#6568);
#2051=VERTEX_POINT('',#6570);
#2052=VERTEX_POINT('',#6573);
#2053=VERTEX_POINT('',#6575);
#2054=VERTEX_POINT('',#6580);
#2055=VERTEX_POINT('',#6583);
#2056=VERTEX_POINT('',#6585);
#2057=VERTEX_POINT('',#6588);
#2058=VERTEX_POINT('',#6590);
#2059=VERTEX_POINT('',#6594);
#2060=VERTEX_POINT('',#6596);
#2061=VERTEX_POINT('',#6600);
#2062=VERTEX_POINT('',#6601);
#2063=VERTEX_POINT('',#6606);
#2064=VERTEX_POINT('',#6608);
#2065=VERTEX_POINT('',#6612);
#2066=VERTEX_POINT('',#6614);
#2067=VERTEX_POINT('',#6622);
#2068=VERTEX_POINT('',#6623);
#2069=VERTEX_POINT('',#6628);
#2070=VERTEX_POINT('',#6640);
#2071=VERTEX_POINT('',#6641);
#2072=VERTEX_POINT('',#6643);
#2073=VERTEX_POINT('',#6645);
#2074=VERTEX_POINT('',#6653);
#2075=VERTEX_POINT('',#6654);
#2076=VERTEX_POINT('',#6656);
#2077=VERTEX_POINT('',#6658);
#2078=VERTEX_POINT('',#6661);
#2079=VERTEX_POINT('',#6663);
#2080=VERTEX_POINT('',#6678);
#2081=VERTEX_POINT('',#6679);
#2082=VERTEX_POINT('',#6697);
#2083=VERTEX_POINT('',#6698);
#2084=VERTEX_POINT('',#6700);
#2085=VERTEX_POINT('',#6702);
#2086=VERTEX_POINT('',#6706);
#2087=VERTEX_POINT('',#6707);
#2088=VERTEX_POINT('',#6709);
#2089=VERTEX_POINT('',#6711);
#2090=VERTEX_POINT('',#6715);
#2091=VERTEX_POINT('',#6716);
#2092=VERTEX_POINT('',#6718);
#2093=VERTEX_POINT('',#6720);
#2094=VERTEX_POINT('',#6724);
#2095=VERTEX_POINT('',#6725);
#2096=VERTEX_POINT('',#6727);
#2097=VERTEX_POINT('',#6729);
#2098=VERTEX_POINT('',#6733);
#2099=VERTEX_POINT('',#6735);
#2100=VERTEX_POINT('',#6737);
#2101=VERTEX_POINT('',#6740);
#2102=VERTEX_POINT('',#6742);
#2103=VERTEX_POINT('',#6744);
#2104=VERTEX_POINT('',#6746);
#2105=VERTEX_POINT('',#6749);
#2106=VERTEX_POINT('',#6751);
#2107=VERTEX_POINT('',#6754);
#2108=VERTEX_POINT('',#6756);
#2109=VERTEX_POINT('',#6758);
#2110=VERTEX_POINT('',#6760);
#2111=VERTEX_POINT('',#6762);
#2112=VERTEX_POINT('',#6764);
#2113=VERTEX_POINT('',#6766);
#2114=VERTEX_POINT('',#6770);
#2115=VERTEX_POINT('',#6771);
#2116=VERTEX_POINT('',#6773);
#2117=VERTEX_POINT('',#6775);
#2118=VERTEX_POINT('',#6779);
#2119=VERTEX_POINT('',#6781);
#2120=VERTEX_POINT('',#6786);
#2121=VERTEX_POINT('',#6790);
#2122=VERTEX_POINT('',#6796);
#2123=VERTEX_POINT('',#6797);
#2124=VERTEX_POINT('',#6799);
#2125=VERTEX_POINT('',#6801);
#2126=VERTEX_POINT('',#6805);
#2127=VERTEX_POINT('',#6807);
#2128=VERTEX_POINT('',#6812);
#2129=VERTEX_POINT('',#6816);
#2130=VERTEX_POINT('',#6820);
#2131=VERTEX_POINT('',#6824);
#2132=VERTEX_POINT('',#6828);
#2133=VERTEX_POINT('',#6830);
#2134=VERTEX_POINT('',#6838);
#2135=VERTEX_POINT('',#6839);
#2136=VERTEX_POINT('',#6841);
#2137=VERTEX_POINT('',#6843);
#2138=VERTEX_POINT('',#6848);
#2139=VERTEX_POINT('',#6852);
#2140=VERTEX_POINT('',#6860);
#2141=VERTEX_POINT('',#6861);
#2142=VERTEX_POINT('',#6863);
#2143=VERTEX_POINT('',#6865);
#2144=VERTEX_POINT('',#6870);
#2145=VERTEX_POINT('',#6874);
#2146=VERTEX_POINT('',#6882);
#2147=VERTEX_POINT('',#6883);
#2148=VERTEX_POINT('',#6885);
#2149=VERTEX_POINT('',#6887);
#2150=VERTEX_POINT('',#6892);
#2151=VERTEX_POINT('',#6896);
#2152=VERTEX_POINT('',#6904);
#2153=VERTEX_POINT('',#6905);
#2154=VERTEX_POINT('',#6907);
#2155=VERTEX_POINT('',#6909);
#2156=VERTEX_POINT('',#6914);
#2157=VERTEX_POINT('',#6918);
#2158=VERTEX_POINT('',#6928);
#2159=VERTEX_POINT('',#6929);
#2160=VERTEX_POINT('',#6931);
#2161=VERTEX_POINT('',#6933);
#2162=VERTEX_POINT('',#6935);
#2163=VERTEX_POINT('',#6937);
#2164=VERTEX_POINT('',#6939);
#2165=VERTEX_POINT('',#6941);
#2166=VERTEX_POINT('',#6943);
#2167=VERTEX_POINT('',#6945);
#2168=VERTEX_POINT('',#6947);
#2169=VERTEX_POINT('',#6949);
#2170=VERTEX_POINT('',#6953);
#2171=VERTEX_POINT('',#6955);
#2172=VERTEX_POINT('',#6959);
#2173=VERTEX_POINT('',#6963);
#2174=VERTEX_POINT('',#6967);
#2175=VERTEX_POINT('',#6971);
#2176=VERTEX_POINT('',#6975);
#2177=VERTEX_POINT('',#6979);
#2178=VERTEX_POINT('',#6980);
#2179=VERTEX_POINT('',#6982);
#2180=VERTEX_POINT('',#6984);
#2181=VERTEX_POINT('',#6988);
#2182=VERTEX_POINT('',#6990);
#2183=VERTEX_POINT('',#6994);
#2184=VERTEX_POINT('',#6998);
#2185=VERTEX_POINT('',#6999);
#2186=VERTEX_POINT('',#7001);
#2187=VERTEX_POINT('',#7003);
#2188=VERTEX_POINT('',#7007);
#2189=VERTEX_POINT('',#7009);
#2190=VERTEX_POINT('',#7013);
#2191=VERTEX_POINT('',#7017);
#2192=VERTEX_POINT('',#7021);
#2193=VERTEX_POINT('',#7027);
#2194=VERTEX_POINT('',#7031);
#2195=VERTEX_POINT('',#7033);
#2196=VERTEX_POINT('',#7039);
#2197=VERTEX_POINT('',#7043);
#2198=VERTEX_POINT('',#7051);
#2199=VERTEX_POINT('',#7052);
#2200=VERTEX_POINT('',#7054);
#2201=VERTEX_POINT('',#7056);
#2202=VERTEX_POINT('',#7060);
#2203=VERTEX_POINT('',#7062);
#2204=VERTEX_POINT('',#7066);
#2205=VERTEX_POINT('',#7068);
#2206=VERTEX_POINT('',#7078);
#2207=VERTEX_POINT('',#7079);
#2208=VERTEX_POINT('',#7081);
#2209=VERTEX_POINT('',#7083);
#2210=VERTEX_POINT('',#7087);
#2211=VERTEX_POINT('',#7089);
#2212=VERTEX_POINT('',#7093);
#2213=VERTEX_POINT('',#7095);
#2214=VERTEX_POINT('',#7102);
#2215=VERTEX_POINT('',#7103);
#2216=VERTEX_POINT('',#7105);
#2217=VERTEX_POINT('',#7107);
#2218=VERTEX_POINT('',#7111);
#2219=VERTEX_POINT('',#7113);
#2220=VERTEX_POINT('',#7117);
#2221=VERTEX_POINT('',#7119);
#2222=VERTEX_POINT('',#7130);
#2223=VERTEX_POINT('',#7131);
#2224=VERTEX_POINT('',#7133);
#2225=VERTEX_POINT('',#7135);
#2226=VERTEX_POINT('',#7137);
#2227=VERTEX_POINT('',#7141);
#2228=VERTEX_POINT('',#7142);
#2229=VERTEX_POINT('',#7144);
#2230=VERTEX_POINT('',#7146);
#2231=VERTEX_POINT('',#7150);
#2232=VERTEX_POINT('',#7152);
#2233=VERTEX_POINT('',#7156);
#2234=VERTEX_POINT('',#7158);
#2235=VERTEX_POINT('',#7162);
#2236=VERTEX_POINT('',#7164);
#2237=VERTEX_POINT('',#7168);
#2238=VERTEX_POINT('',#7170);
#2239=VERTEX_POINT('',#7174);
#2240=VERTEX_POINT('',#7176);
#2241=VERTEX_POINT('',#7180);
#2242=VERTEX_POINT('',#7182);
#2243=VERTEX_POINT('',#7186);
#2244=VERTEX_POINT('',#7188);
#2245=VERTEX_POINT('',#7192);
#2246=VERTEX_POINT('',#7194);
#2247=VERTEX_POINT('',#7198);
#2248=VERTEX_POINT('',#7200);
#2249=VERTEX_POINT('',#7204);
#2250=VERTEX_POINT('',#7206);
#2251=VERTEX_POINT('',#7210);
#2252=VERTEX_POINT('',#7211);
#2253=VERTEX_POINT('',#7213);
#2254=VERTEX_POINT('',#7215);
#2255=VERTEX_POINT('',#7222);
#2256=VERTEX_POINT('',#7225);
#2257=VERTEX_POINT('',#7231);
#2258=VERTEX_POINT('',#7235);
#2259=VERTEX_POINT('',#7239);
#2260=VERTEX_POINT('',#7246);
#2261=VERTEX_POINT('',#7247);
#2262=VERTEX_POINT('',#7249);
#2263=VERTEX_POINT('',#7251);
#2264=VERTEX_POINT('',#7255);
#2265=VERTEX_POINT('',#7257);
#2266=VERTEX_POINT('',#7261);
#2267=VERTEX_POINT('',#7263);
#2268=VERTEX_POINT('',#7265);
#2269=VERTEX_POINT('',#7267);
#2270=VERTEX_POINT('',#7269);
#2271=VERTEX_POINT('',#7271);
#2272=VERTEX_POINT('',#7273);
#2273=VERTEX_POINT('',#7275);
#2274=VERTEX_POINT('',#7277);
#2275=VERTEX_POINT('',#7279);
#2276=VERTEX_POINT('',#7281);
#2277=VERTEX_POINT('',#7283);
#2278=VERTEX_POINT('',#7287);
#2279=VERTEX_POINT('',#7288);
#2280=VERTEX_POINT('',#7290);
#2281=VERTEX_POINT('',#7292);
#2282=VERTEX_POINT('',#7297);
#2283=VERTEX_POINT('',#7298);
#2284=VERTEX_POINT('',#7300);
#2285=VERTEX_POINT('',#7302);
#2286=VERTEX_POINT('',#7304);
#2287=VERTEX_POINT('',#7308);
#2288=VERTEX_POINT('',#7313);
#2289=VERTEX_POINT('',#7317);
#2290=VERTEX_POINT('',#7321);
#2291=VERTEX_POINT('',#7325);
#2292=VERTEX_POINT('',#7329);
#2293=VERTEX_POINT('',#7333);
#2294=VERTEX_POINT('',#7337);
#2295=VERTEX_POINT('',#7341);
#2296=VERTEX_POINT('',#7345);
#2297=VERTEX_POINT('',#7351);
#2298=VERTEX_POINT('',#7352);
#2299=VERTEX_POINT('',#7374);
#2300=VERTEX_POINT('',#7375);
#2301=VERTEX_POINT('',#7377);
#2302=VERTEX_POINT('',#7379);
#2303=VERTEX_POINT('',#7383);
#2304=VERTEX_POINT('',#7385);
#2305=VERTEX_POINT('',#7389);
#2306=VERTEX_POINT('',#7390);
#2307=VERTEX_POINT('',#7392);
#2308=VERTEX_POINT('',#7394);
#2309=VERTEX_POINT('',#7398);
#2310=VERTEX_POINT('',#7402);
#2311=VERTEX_POINT('',#7404);
#2312=VERTEX_POINT('',#7406);
#2313=VERTEX_POINT('',#7408);
#2314=VERTEX_POINT('',#7410);
#2315=VERTEX_POINT('',#7416);
#2316=VERTEX_POINT('',#7417);
#2317=VERTEX_POINT('',#7419);
#2318=VERTEX_POINT('',#7421);
#2319=VERTEX_POINT('',#7425);
#2320=VERTEX_POINT('',#7431);
#2321=VERTEX_POINT('',#7433);
#2322=VERTEX_POINT('',#7435);
#2323=VERTEX_POINT('',#7440);
#2324=EDGE_CURVE('',#1906,#1907,#650,.T.);
#2325=EDGE_CURVE('',#1907,#1908,#651,.T.);
#2326=EDGE_CURVE('',#1909,#1908,#652,.T.);
#2327=EDGE_CURVE('',#1906,#1909,#653,.T.);
#2328=EDGE_CURVE('',#1910,#1906,#654,.T.);
#2329=EDGE_CURVE('',#1911,#1909,#655,.T.);
#2330=EDGE_CURVE('',#1910,#1911,#656,.T.);
#2331=EDGE_CURVE('',#1912,#1910,#657,.T.);
#2332=EDGE_CURVE('',#1913,#1911,#658,.T.);
#2333=EDGE_CURVE('',#1912,#1913,#659,.T.);
#2334=EDGE_CURVE('',#1907,#1912,#660,.T.);
#2335=EDGE_CURVE('',#1908,#1913,#661,.T.);
#2336=EDGE_CURVE('',#1914,#1915,#662,.T.);
#2337=EDGE_CURVE('',#1914,#1916,#663,.T.);
#2338=EDGE_CURVE('',#1917,#1916,#664,.T.);
#2339=EDGE_CURVE('',#1915,#1917,#665,.T.);
#2340=EDGE_CURVE('',#1915,#1918,#666,.T.);
#2341=EDGE_CURVE('',#1919,#1917,#667,.T.);
#2342=EDGE_CURVE('',#1918,#1919,#668,.T.);
#2343=EDGE_CURVE('',#1918,#1920,#669,.T.);
#2344=EDGE_CURVE('',#1921,#1919,#670,.T.);
#2345=EDGE_CURVE('',#1920,#1921,#671,.T.);
#2346=EDGE_CURVE('',#1920,#1914,#672,.T.);
#2347=EDGE_CURVE('',#1916,#1921,#673,.T.);
#2348=EDGE_CURVE('',#1922,#1923,#674,.T.);
#2349=EDGE_CURVE('',#1923,#1924,#675,.T.);
#2350=EDGE_CURVE('',#1924,#1925,#676,.T.);
#2351=EDGE_CURVE('',#1922,#1925,#677,.T.);
#2352=EDGE_CURVE('',#1926,#1927,#678,.T.);
#2353=EDGE_CURVE('',#1928,#1926,#679,.T.);
#2354=EDGE_CURVE('',#1929,#1928,#680,.T.);
#2355=EDGE_CURVE('',#1927,#1929,#681,.T.);
#2356=EDGE_CURVE('',#1930,#1931,#682,.T.);
#2357=EDGE_CURVE('',#1932,#1930,#683,.T.);
#2358=EDGE_CURVE('',#1933,#1932,#684,.T.);
#2359=EDGE_CURVE('',#1931,#1933,#685,.T.);
#2360=EDGE_CURVE('',#1934,#1935,#686,.T.);
#2361=EDGE_CURVE('',#1936,#1934,#687,.T.);
#2362=EDGE_CURVE('',#1937,#1936,#688,.T.);
#2363=EDGE_CURVE('',#1935,#1937,#689,.T.);
#2364=EDGE_CURVE('',#1938,#1939,#690,.T.);
#2365=EDGE_CURVE('',#1940,#1938,#691,.T.);
#2366=EDGE_CURVE('',#1941,#1940,#692,.T.);
#2367=EDGE_CURVE('',#1939,#1941,#693,.T.);
#2368=EDGE_CURVE('',#1942,#1943,#694,.T.);
#2369=EDGE_CURVE('',#1944,#1942,#695,.T.);
#2370=EDGE_CURVE('',#1945,#1944,#696,.T.);
#2371=EDGE_CURVE('',#1943,#1945,#697,.T.);
#2372=EDGE_CURVE('',#1946,#1947,#698,.T.);
#2373=EDGE_CURVE('',#1948,#1946,#699,.T.);
#2374=EDGE_CURVE('',#1949,#1948,#700,.T.);
#2375=EDGE_CURVE('',#1947,#1949,#701,.T.);
#2376=EDGE_CURVE('',#1950,#1951,#702,.T.);
#2377=EDGE_CURVE('',#1952,#1950,#703,.T.);
#2378=EDGE_CURVE('',#1953,#1952,#704,.T.);
#2379=EDGE_CURVE('',#1951,#1953,#705,.T.);
#2380=EDGE_CURVE('',#1923,#1954,#706,.T.);
#2381=EDGE_CURVE('',#1922,#1955,#707,.T.);
#2382=EDGE_CURVE('',#1956,#1955,#708,.T.);
#2383=EDGE_CURVE('',#1957,#1956,#709,.T.);
#2384=EDGE_CURVE('',#1958,#1957,#710,.T.);
#2385=EDGE_CURVE('',#1959,#1958,#711,.T.);
#2386=EDGE_CURVE('',#1954,#1959,#712,.T.);
#2387=EDGE_CURVE('',#1960,#1961,#713,.T.);
#2388=EDGE_CURVE('',#1954,#1960,#714,.T.);
#2389=EDGE_CURVE('',#1959,#1961,#715,.T.);
#2390=EDGE_CURVE('',#1962,#1926,#716,.T.);
#2391=EDGE_CURVE('',#1962,#1963,#717,.T.);
#2392=EDGE_CURVE('',#1963,#1928,#718,.T.);
#2393=EDGE_CURVE('',#1961,#1964,#719,.T.);
#2394=EDGE_CURVE('',#1958,#1964,#720,.T.);
#2395=EDGE_CURVE('',#1965,#1932,#721,.T.);
#2396=EDGE_CURVE('',#1965,#1966,#722,.T.);
#2397=EDGE_CURVE('',#1966,#1933,#723,.T.);
#2398=EDGE_CURVE('',#1967,#1940,#724,.T.);
#2399=EDGE_CURVE('',#1967,#1968,#725,.T.);
#2400=EDGE_CURVE('',#1968,#1941,#726,.T.);
#2401=EDGE_CURVE('',#1964,#1969,#727,.T.);
#2402=EDGE_CURVE('',#1957,#1969,#728,.T.);
#2403=EDGE_CURVE('',#1970,#1946,#729,.T.);
#2404=EDGE_CURVE('',#1970,#1971,#730,.T.);
#2405=EDGE_CURVE('',#1971,#1948,#731,.T.);
#2406=EDGE_CURVE('',#1972,#1942,#732,.T.);
#2407=EDGE_CURVE('',#1972,#1973,#733,.T.);
#2408=EDGE_CURVE('',#1973,#1944,#734,.T.);
#2409=EDGE_CURVE('',#1969,#1960,#735,.T.);
#2410=EDGE_CURVE('',#1956,#1974,#736,.T.);
#2411=EDGE_CURVE('',#1924,#1974,#737,.T.);
#2412=EDGE_CURVE('',#1975,#1951,#738,.T.);
#2413=EDGE_CURVE('',#1975,#1976,#739,.T.);
#2414=EDGE_CURVE('',#1976,#1950,#740,.T.);
#2415=EDGE_CURVE('',#1977,#1936,#741,.T.);
#2416=EDGE_CURVE('',#1977,#1978,#742,.T.);
#2417=EDGE_CURVE('',#1978,#1937,#743,.T.);
#2418=EDGE_CURVE('',#1979,#1970,#744,.T.);
#2419=EDGE_CURVE('',#1980,#1979,#745,.T.);
#2420=EDGE_CURVE('',#1971,#1980,#746,.T.);
#2421=EDGE_CURVE('',#1981,#1982,#747,.T.);
#2422=EDGE_CURVE('',#1968,#1981,#748,.T.);
#2423=EDGE_CURVE('',#1982,#1967,#749,.T.);
#2424=EDGE_CURVE('',#1983,#1975,#750,.T.);
#2425=EDGE_CURVE('',#1984,#1983,#751,.T.);
#2426=EDGE_CURVE('',#1976,#1984,#752,.T.);
#2427=EDGE_CURVE('',#1985,#1962,#753,.T.);
#2428=EDGE_CURVE('',#1986,#1985,#754,.T.);
#2429=EDGE_CURVE('',#1963,#1986,#755,.T.);
#2430=EDGE_CURVE('',#1981,#1939,#756,.T.);
#2431=EDGE_CURVE('',#1985,#1927,#757,.T.);
#2432=EDGE_CURVE('',#1987,#1988,#758,.T.);
#2433=EDGE_CURVE('',#1978,#1987,#759,.T.);
#2434=EDGE_CURVE('',#1988,#1977,#760,.T.);
#2435=EDGE_CURVE('',#1989,#1974,#761,.T.);
#2436=EDGE_CURVE('',#1989,#1925,#762,.T.);
#2437=EDGE_CURVE('',#1987,#1935,#763,.T.);
#2438=EDGE_CURVE('',#1983,#1953,#764,.T.);
#2439=EDGE_CURVE('',#1955,#1989,#765,.T.);
#2440=EDGE_CURVE('',#1988,#1934,#766,.T.);
#2441=EDGE_CURVE('',#1990,#1991,#767,.T.);
#2442=EDGE_CURVE('',#1992,#1990,#768,.T.);
#2443=EDGE_CURVE('',#1992,#1993,#769,.T.);
#2444=EDGE_CURVE('',#1993,#1991,#770,.T.);
#2445=EDGE_CURVE('',#1986,#1929,#771,.T.);
#2446=EDGE_CURVE('',#1979,#1947,#772,.T.);
#2447=EDGE_CURVE('',#1994,#1995,#773,.T.);
#2448=EDGE_CURVE('',#1996,#1994,#774,.T.);
#2449=EDGE_CURVE('',#1996,#1997,#775,.T.);
#2450=EDGE_CURVE('',#1997,#1995,#776,.T.);
#2451=EDGE_CURVE('',#1998,#1945,#777,.T.);
#2452=EDGE_CURVE('',#1998,#1999,#778,.T.);
#2453=EDGE_CURVE('',#1999,#1943,#779,.T.);
#2454=EDGE_CURVE('',#1980,#1949,#780,.T.);
#2455=EDGE_CURVE('',#1993,#1996,#781,.T.);
#2456=EDGE_CURVE('',#1991,#1994,#782,.T.);
#2457=EDGE_CURVE('',#1984,#1952,#783,.T.);
#2458=EDGE_CURVE('',#1997,#1992,#784,.T.);
#2459=EDGE_CURVE('',#1999,#1972,#785,.T.);
#2460=EDGE_CURVE('',#1973,#1998,#786,.T.);
#2461=EDGE_CURVE('',#2000,#2001,#787,.T.);
#2462=EDGE_CURVE('',#1966,#2000,#788,.T.);
#2463=EDGE_CURVE('',#2001,#1965,#789,.T.);
#2464=EDGE_CURVE('',#2001,#1930,#790,.T.);
#2465=EDGE_CURVE('',#1995,#1990,#791,.T.);
#2466=EDGE_CURVE('',#1982,#1938,#792,.T.);
#2467=EDGE_CURVE('',#2000,#1931,#793,.T.);
#2468=EDGE_CURVE('',#2002,#2003,#794,.T.);
#2469=EDGE_CURVE('',#2003,#2004,#795,.T.);
#2470=EDGE_CURVE('',#2004,#2005,#796,.T.);
#2471=EDGE_CURVE('',#2002,#2005,#797,.T.);
#2472=EDGE_CURVE('',#2006,#2007,#798,.T.);
#2473=EDGE_CURVE('',#2008,#2006,#799,.T.);
#2474=EDGE_CURVE('',#2009,#2008,#800,.T.);
#2475=EDGE_CURVE('',#2007,#2009,#801,.T.);
#2476=EDGE_CURVE('',#2010,#2011,#802,.T.);
#2477=EDGE_CURVE('',#2012,#2010,#803,.T.);
#2478=EDGE_CURVE('',#2013,#2012,#804,.T.);
#2479=EDGE_CURVE('',#2011,#2013,#805,.T.);
#2480=EDGE_CURVE('',#2014,#2015,#806,.T.);
#2481=EDGE_CURVE('',#2016,#2014,#807,.T.);
#2482=EDGE_CURVE('',#2017,#2016,#808,.T.);
#2483=EDGE_CURVE('',#2015,#2017,#809,.T.);
#2484=EDGE_CURVE('',#2018,#2019,#810,.T.);
#2485=EDGE_CURVE('',#2020,#2018,#811,.T.);
#2486=EDGE_CURVE('',#2021,#2020,#812,.T.);
#2487=EDGE_CURVE('',#2019,#2021,#813,.T.);
#2488=EDGE_CURVE('',#2022,#2023,#814,.T.);
#2489=EDGE_CURVE('',#2024,#2022,#815,.T.);
#2490=EDGE_CURVE('',#2025,#2024,#816,.T.);
#2491=EDGE_CURVE('',#2023,#2025,#817,.T.);
#2492=EDGE_CURVE('',#2026,#2027,#818,.T.);
#2493=EDGE_CURVE('',#2028,#2026,#819,.T.);
#2494=EDGE_CURVE('',#2029,#2028,#820,.T.);
#2495=EDGE_CURVE('',#2027,#2029,#821,.T.);
#2496=EDGE_CURVE('',#2030,#2031,#822,.T.);
#2497=EDGE_CURVE('',#2032,#2030,#823,.T.);
#2498=EDGE_CURVE('',#2033,#2032,#824,.T.);
#2499=EDGE_CURVE('',#2031,#2033,#825,.T.);
#2500=EDGE_CURVE('',#2003,#2034,#826,.T.);
#2501=EDGE_CURVE('',#2002,#2035,#827,.T.);
#2502=EDGE_CURVE('',#2036,#2035,#828,.T.);
#2503=EDGE_CURVE('',#2037,#2036,#829,.T.);
#2504=EDGE_CURVE('',#2038,#2037,#830,.T.);
#2505=EDGE_CURVE('',#2039,#2038,#831,.T.);
#2506=EDGE_CURVE('',#2034,#2039,#832,.T.);
#2507=EDGE_CURVE('',#2040,#2041,#833,.T.);
#2508=EDGE_CURVE('',#2034,#2040,#834,.T.);
#2509=EDGE_CURVE('',#2039,#2041,#835,.T.);
#2510=EDGE_CURVE('',#2042,#2006,#836,.T.);
#2511=EDGE_CURVE('',#2042,#2043,#837,.T.);
#2512=EDGE_CURVE('',#2043,#2008,#838,.T.);
#2513=EDGE_CURVE('',#2041,#2044,#839,.T.);
#2514=EDGE_CURVE('',#2038,#2044,#840,.T.);
#2515=EDGE_CURVE('',#2045,#2012,#841,.T.);
#2516=EDGE_CURVE('',#2045,#2046,#842,.T.);
#2517=EDGE_CURVE('',#2046,#2013,#843,.T.);
#2518=EDGE_CURVE('',#2047,#2020,#844,.T.);
#2519=EDGE_CURVE('',#2047,#2048,#845,.T.);
#2520=EDGE_CURVE('',#2048,#2021,#846,.T.);
#2521=EDGE_CURVE('',#2044,#2049,#847,.T.);
#2522=EDGE_CURVE('',#2037,#2049,#848,.T.);
#2523=EDGE_CURVE('',#2050,#2026,#849,.T.);
#2524=EDGE_CURVE('',#2050,#2051,#850,.T.);
#2525=EDGE_CURVE('',#2051,#2028,#851,.T.);
#2526=EDGE_CURVE('',#2052,#2022,#852,.T.);
#2527=EDGE_CURVE('',#2052,#2053,#853,.T.);
#2528=EDGE_CURVE('',#2053,#2024,#854,.T.);
#2529=EDGE_CURVE('',#2049,#2040,#855,.T.);
#2530=EDGE_CURVE('',#2036,#2054,#856,.T.);
#2531=EDGE_CURVE('',#2004,#2054,#857,.T.);
#2532=EDGE_CURVE('',#2055,#2031,#858,.T.);
#2533=EDGE_CURVE('',#2055,#2056,#859,.T.);
#2534=EDGE_CURVE('',#2056,#2030,#860,.T.);
#2535=EDGE_CURVE('',#2057,#2016,#861,.T.);
#2536=EDGE_CURVE('',#2057,#2058,#862,.T.);
#2537=EDGE_CURVE('',#2058,#2017,#863,.T.);
#2538=EDGE_CURVE('',#2059,#2050,#864,.T.);
#2539=EDGE_CURVE('',#2060,#2059,#865,.T.);
#2540=EDGE_CURVE('',#2051,#2060,#866,.T.);
#2541=EDGE_CURVE('',#2061,#2062,#867,.T.);
#2542=EDGE_CURVE('',#2048,#2061,#868,.T.);
#2543=EDGE_CURVE('',#2062,#2047,#869,.T.);
#2544=EDGE_CURVE('',#2063,#2055,#870,.T.);
#2545=EDGE_CURVE('',#2064,#2063,#871,.T.);
#2546=EDGE_CURVE('',#2056,#2064,#872,.T.);
#2547=EDGE_CURVE('',#2065,#2042,#873,.T.);
#2548=EDGE_CURVE('',#2066,#2065,#874,.T.);
#2549=EDGE_CURVE('',#2043,#2066,#875,.T.);
#2550=EDGE_CURVE('',#2061,#2019,#876,.T.);
#2551=EDGE_CURVE('',#2065,#2007,#877,.T.);
#2552=EDGE_CURVE('',#2067,#2068,#878,.T.);
#2553=EDGE_CURVE('',#2058,#2067,#879,.T.);
#2554=EDGE_CURVE('',#2068,#2057,#880,.T.);
#2555=EDGE_CURVE('',#2069,#2054,#881,.T.);
#2556=EDGE_CURVE('',#2069,#2005,#882,.T.);
#2557=EDGE_CURVE('',#2067,#2015,#883,.T.);
#2558=EDGE_CURVE('',#2063,#2033,#884,.T.);
#2559=EDGE_CURVE('',#2035,#2069,#885,.T.);
#2560=EDGE_CURVE('',#2068,#2014,#886,.T.);
#2561=EDGE_CURVE('',#2070,#2071,#887,.T.);
#2562=EDGE_CURVE('',#2072,#2070,#888,.T.);
#2563=EDGE_CURVE('',#2072,#2073,#889,.T.);
#2564=EDGE_CURVE('',#2073,#2071,#890,.T.);
#2565=EDGE_CURVE('',#2066,#2009,#891,.T.);
#2566=EDGE_CURVE('',#2059,#2027,#892,.T.);
#2567=EDGE_CURVE('',#2074,#2075,#893,.T.);
#2568=EDGE_CURVE('',#2076,#2074,#894,.T.);
#2569=EDGE_CURVE('',#2076,#2077,#895,.T.);
#2570=EDGE_CURVE('',#2077,#2075,#896,.T.);
#2571=EDGE_CURVE('',#2078,#2025,#897,.T.);
#2572=EDGE_CURVE('',#2078,#2079,#898,.T.);
#2573=EDGE_CURVE('',#2079,#2023,#899,.T.);
#2574=EDGE_CURVE('',#2060,#2029,#900,.T.);
#2575=EDGE_CURVE('',#2073,#2076,#901,.T.);
#2576=EDGE_CURVE('',#2071,#2074,#902,.T.);
#2577=EDGE_CURVE('',#2064,#2032,#903,.T.);
#2578=EDGE_CURVE('',#2077,#2072,#904,.T.);
#2579=EDGE_CURVE('',#2079,#2052,#905,.T.);
#2580=EDGE_CURVE('',#2053,#2078,#906,.T.);
#2581=EDGE_CURVE('',#2080,#2081,#907,.T.);
#2582=EDGE_CURVE('',#2046,#2080,#908,.T.);
#2583=EDGE_CURVE('',#2081,#2045,#909,.T.);
#2584=EDGE_CURVE('',#2081,#2010,#910,.T.);
#2585=EDGE_CURVE('',#2075,#2070,#911,.T.);
#2586=EDGE_CURVE('',#2062,#2018,#912,.T.);
#2587=EDGE_CURVE('',#2080,#2011,#913,.T.);
#2588=EDGE_CURVE('',#2082,#2083,#914,.T.);
#2589=EDGE_CURVE('',#2082,#2084,#915,.T.);
#2590=EDGE_CURVE('',#2085,#2084,#916,.T.);
#2591=EDGE_CURVE('',#2083,#2085,#917,.T.);
#2592=EDGE_CURVE('',#2086,#2087,#918,.T.);
#2593=EDGE_CURVE('',#2086,#2088,#919,.T.);
#2594=EDGE_CURVE('',#2089,#2088,#920,.T.);
#2595=EDGE_CURVE('',#2087,#2089,#921,.T.);
#2596=EDGE_CURVE('',#2090,#2091,#922,.T.);
#2597=EDGE_CURVE('',#2090,#2092,#923,.T.);
#2598=EDGE_CURVE('',#2093,#2092,#924,.T.);
#2599=EDGE_CURVE('',#2091,#2093,#925,.T.);
#2600=EDGE_CURVE('',#2094,#2095,#926,.T.);
#2601=EDGE_CURVE('',#2094,#2096,#927,.T.);
#2602=EDGE_CURVE('',#2097,#2096,#928,.T.);
#2603=EDGE_CURVE('',#2095,#2097,#929,.T.);
#2604=EDGE_CURVE('',#2098,#2082,#930,.T.);
#2605=EDGE_CURVE('',#2083,#2099,#931,.T.);
#2606=EDGE_CURVE('',#2100,#2099,#932,.T.);
#2607=EDGE_CURVE('',#2100,#2086,#933,.T.);
#2608=EDGE_CURVE('',#2087,#2101,#934,.T.);
#2609=EDGE_CURVE('',#2102,#2101,#935,.T.);
#2610=EDGE_CURVE('',#2103,#2102,#936,.T.);
#2611=EDGE_CURVE('',#2104,#2103,#937,.T.);
#2612=EDGE_CURVE('',#2104,#2090,#938,.T.);
#2613=EDGE_CURVE('',#2091,#2105,#939,.T.);
#2614=EDGE_CURVE('',#2106,#2105,#940,.T.);
#2615=EDGE_CURVE('',#2106,#2094,#941,.T.);
#2616=EDGE_CURVE('',#2095,#2107,#942,.T.);
#2617=EDGE_CURVE('',#2108,#2107,#943,.T.);
#2618=EDGE_CURVE('',#2108,#2109,#944,.T.);
#2619=EDGE_CURVE('',#2109,#2110,#945,.T.);
#2620=EDGE_CURVE('',#2111,#2110,#946,.T.);
#2621=EDGE_CURVE('',#2111,#2112,#947,.T.);
#2622=EDGE_CURVE('',#2112,#2113,#948,.T.);
#2623=EDGE_CURVE('',#2098,#2113,#949,.T.);
#2624=EDGE_CURVE('',#2114,#2115,#950,.T.);
#2625=EDGE_CURVE('',#2114,#2116,#951,.T.);
#2626=EDGE_CURVE('',#2117,#2116,#952,.T.);
#2627=EDGE_CURVE('',#2115,#2117,#953,.T.);
#2628=EDGE_CURVE('',#2115,#2118,#954,.T.);
#2629=EDGE_CURVE('',#2119,#2117,#955,.T.);
#2630=EDGE_CURVE('',#2110,#2119,#956,.T.);
#2631=EDGE_CURVE('',#2109,#2118,#957,.T.);
#2632=EDGE_CURVE('',#2120,#2119,#958,.T.);
#2633=EDGE_CURVE('',#2111,#2120,#959,.T.);
#2634=EDGE_CURVE('',#2114,#2121,#960,.T.);
#2635=EDGE_CURVE('',#2112,#2121,#961,.T.);
#2636=EDGE_CURVE('',#2116,#2120,#962,.T.);
#2637=EDGE_CURVE('',#2122,#2123,#963,.T.);
#2638=EDGE_CURVE('',#2122,#2124,#964,.T.);
#2639=EDGE_CURVE('',#2125,#2124,#965,.T.);
#2640=EDGE_CURVE('',#2123,#2125,#966,.T.);
#2641=EDGE_CURVE('',#2123,#2126,#967,.T.);
#2642=EDGE_CURVE('',#2127,#2125,#968,.T.);
#2643=EDGE_CURVE('',#2126,#2127,#969,.T.);
#2644=EDGE_CURVE('',#2126,#2089,#970,.T.);
#2645=EDGE_CURVE('',#2128,#2127,#971,.T.);
#2646=EDGE_CURVE('',#2101,#2128,#972,.T.);
#2647=EDGE_CURVE('',#2129,#2128,#973,.T.);
#2648=EDGE_CURVE('',#2102,#2129,#974,.T.);
#2649=EDGE_CURVE('',#2130,#2129,#975,.T.);
#2650=EDGE_CURVE('',#2103,#2130,#976,.T.);
#2651=EDGE_CURVE('',#2131,#2130,#977,.T.);
#2652=EDGE_CURVE('',#2104,#2131,#978,.T.);
#2653=EDGE_CURVE('',#2132,#2092,#979,.T.);
#2654=EDGE_CURVE('',#2133,#2131,#980,.T.);
#2655=EDGE_CURVE('',#2132,#2133,#981,.T.);
#2656=EDGE_CURVE('',#2132,#2122,#982,.T.);
#2657=EDGE_CURVE('',#2124,#2133,#983,.T.);
#2658=EDGE_CURVE('',#2134,#2135,#984,.T.);
#2659=EDGE_CURVE('',#2134,#2136,#985,.T.);
#2660=EDGE_CURVE('',#2137,#2136,#986,.T.);
#2661=EDGE_CURVE('',#2135,#2137,#987,.T.);
#2662=EDGE_CURVE('',#2135,#2085,#988,.T.);
#2663=EDGE_CURVE('',#2138,#2137,#989,.T.);
#2664=EDGE_CURVE('',#2099,#2138,#990,.T.);
#2665=EDGE_CURVE('',#2139,#2138,#991,.T.);
#2666=EDGE_CURVE('',#2100,#2139,#992,.T.);
#2667=EDGE_CURVE('',#2134,#2088,#993,.T.);
#2668=EDGE_CURVE('',#2136,#2139,#994,.T.);
#2669=EDGE_CURVE('',#2140,#2141,#995,.T.);
#2670=EDGE_CURVE('',#2140,#2142,#996,.T.);
#2671=EDGE_CURVE('',#2143,#2142,#997,.T.);
#2672=EDGE_CURVE('',#2141,#2143,#998,.T.);
#2673=EDGE_CURVE('',#2141,#2093,#999,.T.);
#2674=EDGE_CURVE('',#2144,#2143,#1000,.T.);
#2675=EDGE_CURVE('',#2105,#2144,#1001,.T.);
#2676=EDGE_CURVE('',#2145,#2144,#1002,.T.);
#2677=EDGE_CURVE('',#2106,#2145,#1003,.T.);
#2678=EDGE_CURVE('',#2140,#2096,#1004,.T.);
#2679=EDGE_CURVE('',#2142,#2145,#1005,.T.);
#2680=EDGE_CURVE('',#2146,#2147,#1006,.T.);
#2681=EDGE_CURVE('',#2146,#2148,#1007,.T.);
#2682=EDGE_CURVE('',#2149,#2148,#1008,.T.);
#2683=EDGE_CURVE('',#2147,#2149,#1009,.T.);
#2684=EDGE_CURVE('',#2147,#2097,#1010,.T.);
#2685=EDGE_CURVE('',#2150,#2149,#1011,.T.);
#2686=EDGE_CURVE('',#2107,#2150,#1012,.T.);
#2687=EDGE_CURVE('',#2151,#2150,#1013,.T.);
#2688=EDGE_CURVE('',#2108,#2151,#1014,.T.);
#2689=EDGE_CURVE('',#2146,#2118,#1015,.T.);
#2690=EDGE_CURVE('',#2148,#2151,#1016,.T.);
#2691=EDGE_CURVE('',#2152,#2153,#1017,.T.);
#2692=EDGE_CURVE('',#2152,#2154,#1018,.T.);
#2693=EDGE_CURVE('',#2155,#2154,#1019,.T.);
#2694=EDGE_CURVE('',#2153,#2155,#1020,.T.);
#2695=EDGE_CURVE('',#2153,#2121,#1021,.T.);
#2696=EDGE_CURVE('',#2156,#2155,#1022,.T.);
#2697=EDGE_CURVE('',#2113,#2156,#1023,.T.);
#2698=EDGE_CURVE('',#2157,#2156,#1024,.T.);
#2699=EDGE_CURVE('',#2098,#2157,#1025,.T.);
#2700=EDGE_CURVE('',#2152,#2084,#1026,.T.);
#2701=EDGE_CURVE('',#2154,#2157,#1027,.T.);
#2702=EDGE_CURVE('',#2158,#2159,#1028,.T.);
#2703=EDGE_CURVE('',#2160,#2158,#1029,.T.);
#2704=EDGE_CURVE('',#2161,#2160,#1030,.T.);
#2705=EDGE_CURVE('',#2162,#2161,#1031,.T.);
#2706=EDGE_CURVE('',#2163,#2162,#1032,.T.);
#2707=EDGE_CURVE('',#2164,#2163,#1033,.T.);
#2708=EDGE_CURVE('',#2165,#2164,#1034,.T.);
#2709=EDGE_CURVE('',#2166,#2165,#1035,.T.);
#2710=EDGE_CURVE('',#2167,#2166,#1036,.T.);
#2711=EDGE_CURVE('',#2168,#2167,#1037,.T.);
#2712=EDGE_CURVE('',#2169,#2168,#1038,.T.);
#2713=EDGE_CURVE('',#2159,#2169,#1039,.T.);
#2714=EDGE_CURVE('',#2164,#2170,#1040,.T.);
#2715=EDGE_CURVE('',#2171,#2170,#1041,.T.);
#2716=EDGE_CURVE('',#2165,#2171,#1042,.T.);
#2717=EDGE_CURVE('',#2172,#2163,#1043,.T.);
#2718=EDGE_CURVE('',#2170,#2172,#1044,.T.);
#2719=EDGE_CURVE('',#2162,#2173,#1045,.T.);
#2720=EDGE_CURVE('',#2172,#2173,#1046,.T.);
#2721=EDGE_CURVE('',#2161,#2174,#1047,.T.);
#2722=EDGE_CURVE('',#2173,#2174,#1048,.T.);
#2723=EDGE_CURVE('',#2160,#2175,#1049,.T.);
#2724=EDGE_CURVE('',#2174,#2175,#1050,.T.);
#2725=EDGE_CURVE('',#2158,#2176,#1051,.T.);
#2726=EDGE_CURVE('',#2175,#2176,#1052,.T.);
#2727=EDGE_CURVE('',#2177,#2178,#1053,.T.);
#2728=EDGE_CURVE('',#2179,#2177,#1054,.T.);
#2729=EDGE_CURVE('',#2180,#2179,#1055,.T.);
#2730=EDGE_CURVE('',#2178,#2180,#1056,.T.);
#2731=EDGE_CURVE('',#2181,#2179,#1057,.T.);
#2732=EDGE_CURVE('',#2181,#2182,#1058,.T.);
#2733=EDGE_CURVE('',#2182,#2180,#1059,.T.);
#2734=EDGE_CURVE('',#2183,#2177,#1060,.T.);
#2735=EDGE_CURVE('',#2183,#2181,#1061,.T.);
#2736=EDGE_CURVE('',#2184,#2185,#1062,.T.);
#2737=EDGE_CURVE('',#2186,#2184,#1063,.T.);
#2738=EDGE_CURVE('',#2187,#2186,#1064,.T.);
#2739=EDGE_CURVE('',#2185,#2187,#1065,.T.);
#2740=EDGE_CURVE('',#2186,#2188,#1066,.T.);
#2741=EDGE_CURVE('',#2188,#2189,#1067,.T.);
#2742=EDGE_CURVE('',#2189,#2187,#1068,.T.);
#2743=EDGE_CURVE('',#2190,#2184,#1069,.T.);
#2744=EDGE_CURVE('',#2190,#2188,#1070,.T.);
#2745=EDGE_CURVE('',#2191,#2171,#1071,.T.);
#2746=EDGE_CURVE('',#2166,#2191,#1072,.T.);
#2747=EDGE_CURVE('',#2192,#2185,#1073,.T.);
#2748=EDGE_CURVE('',#2192,#2190,#1074,.T.);
#2749=EDGE_CURVE('',#2189,#2192,#1075,.T.);
#2750=EDGE_CURVE('',#2193,#2191,#1076,.T.);
#2751=EDGE_CURVE('',#2167,#2193,#1077,.T.);
#2752=EDGE_CURVE('',#2194,#2169,#1078,.T.);
#2753=EDGE_CURVE('',#2195,#2194,#1079,.T.);
#2754=EDGE_CURVE('',#2159,#2195,#1080,.T.);
#2755=EDGE_CURVE('',#2176,#2195,#1081,.T.);
#2756=EDGE_CURVE('',#2182,#2196,#1082,.T.);
#2757=EDGE_CURVE('',#2178,#2196,#1083,.T.);
#2758=EDGE_CURVE('',#2168,#2197,#1084,.T.);
#2759=EDGE_CURVE('',#2194,#2197,#1085,.T.);
#2760=EDGE_CURVE('',#2196,#2183,#1086,.T.);
#2761=EDGE_CURVE('',#2197,#2193,#1087,.T.);
#2762=EDGE_CURVE('',#2198,#2199,#1088,.T.);
#2763=EDGE_CURVE('',#2198,#2200,#1089,.T.);
#2764=EDGE_CURVE('',#2201,#2200,#1090,.T.);
#2765=EDGE_CURVE('',#2199,#2201,#1091,.T.);
#2766=EDGE_CURVE('',#2199,#2202,#1092,.T.);
#2767=EDGE_CURVE('',#2203,#2201,#1093,.T.);
#2768=EDGE_CURVE('',#2202,#2203,#1094,.T.);
#2769=EDGE_CURVE('',#2202,#2204,#1095,.T.);
#2770=EDGE_CURVE('',#2205,#2203,#1096,.T.);
#2771=EDGE_CURVE('',#2204,#2205,#1097,.T.);
#2772=EDGE_CURVE('',#2204,#2198,#1098,.T.);
#2773=EDGE_CURVE('',#2200,#2205,#1099,.T.);
#2774=EDGE_CURVE('',#2206,#2207,#1100,.T.);
#2775=EDGE_CURVE('',#2206,#2208,#1101,.T.);
#2776=EDGE_CURVE('',#2209,#2208,#1102,.T.);
#2777=EDGE_CURVE('',#2207,#2209,#1103,.T.);
#2778=EDGE_CURVE('',#2210,#2206,#1104,.T.);
#2779=EDGE_CURVE('',#2210,#2211,#1105,.T.);
#2780=EDGE_CURVE('',#2208,#2211,#1106,.T.);
#2781=EDGE_CURVE('',#2212,#2210,#1107,.T.);
#2782=EDGE_CURVE('',#2212,#2213,#1108,.T.);
#2783=EDGE_CURVE('',#2211,#2213,#1109,.T.);
#2784=EDGE_CURVE('',#2207,#2212,#1110,.T.);
#2785=EDGE_CURVE('',#2213,#2209,#1111,.T.);
#2786=EDGE_CURVE('',#2214,#2215,#1112,.T.);
#2787=EDGE_CURVE('',#2215,#2216,#1113,.T.);
#2788=EDGE_CURVE('',#2217,#2216,#1114,.T.);
#2789=EDGE_CURVE('',#2214,#2217,#1115,.T.);
#2790=EDGE_CURVE('',#2218,#2214,#1116,.T.);
#2791=EDGE_CURVE('',#2219,#2217,#1117,.T.);
#2792=EDGE_CURVE('',#2218,#2219,#1118,.T.);
#2793=EDGE_CURVE('',#2220,#2218,#1119,.T.);
#2794=EDGE_CURVE('',#2221,#2219,#1120,.T.);
#2795=EDGE_CURVE('',#2220,#2221,#1121,.T.);
#2796=EDGE_CURVE('',#2215,#2220,#1122,.T.);
#2797=EDGE_CURVE('',#2216,#2221,#1123,.T.);
#2798=EDGE_CURVE('',#2222,#2223,#1124,.T.);
#2799=EDGE_CURVE('',#2223,#2224,#1125,.T.);
#2800=EDGE_CURVE('',#2224,#2225,#1126,.T.);
#2801=EDGE_CURVE('',#2225,#2226,#1127,.T.);
#2802=EDGE_CURVE('',#2226,#2222,#1128,.T.);
#2803=EDGE_CURVE('',#2227,#2228,#1129,.T.);
#2804=EDGE_CURVE('',#2227,#2229,#1130,.T.);
#2805=EDGE_CURVE('',#2230,#2229,#1131,.T.);
#2806=EDGE_CURVE('',#2228,#2230,#1132,.T.);
#2807=EDGE_CURVE('',#2228,#2231,#1133,.T.);
#2808=EDGE_CURVE('',#2232,#2230,#1134,.T.);
#2809=EDGE_CURVE('',#2231,#2232,#1135,.T.);
#2810=EDGE_CURVE('',#2231,#2233,#1136,.T.);
#2811=EDGE_CURVE('',#2234,#2232,#1137,.T.);
#2812=EDGE_CURVE('',#2233,#2234,#1138,.T.);
#2813=EDGE_CURVE('',#2233,#2235,#1139,.T.);
#2814=EDGE_CURVE('',#2236,#2234,#1140,.T.);
#2815=EDGE_CURVE('',#2235,#2236,#1141,.T.);
#2816=EDGE_CURVE('',#2235,#2237,#1142,.T.);
#2817=EDGE_CURVE('',#2238,#2236,#1143,.T.);
#2818=EDGE_CURVE('',#2237,#2238,#1144,.T.);
#2819=EDGE_CURVE('',#2237,#2239,#1145,.T.);
#2820=EDGE_CURVE('',#2240,#2238,#1146,.T.);
#2821=EDGE_CURVE('',#2239,#2240,#1147,.T.);
#2822=EDGE_CURVE('',#2239,#2241,#1148,.T.);
#2823=EDGE_CURVE('',#2242,#2240,#1149,.T.);
#2824=EDGE_CURVE('',#2241,#2242,#1150,.T.);
#2825=EDGE_CURVE('',#2241,#2243,#1151,.T.);
#2826=EDGE_CURVE('',#2244,#2242,#1152,.T.);
#2827=EDGE_CURVE('',#2243,#2244,#1153,.T.);
#2828=EDGE_CURVE('',#2243,#2245,#1154,.T.);
#2829=EDGE_CURVE('',#2246,#2244,#1155,.T.);
#2830=EDGE_CURVE('',#2245,#2246,#1156,.T.);
#2831=EDGE_CURVE('',#2245,#2247,#1157,.T.);
#2832=EDGE_CURVE('',#2248,#2246,#1158,.T.);
#2833=EDGE_CURVE('',#2247,#2248,#1159,.T.);
#2834=EDGE_CURVE('',#2247,#2249,#1160,.T.);
#2835=EDGE_CURVE('',#2250,#2248,#1161,.T.);
#2836=EDGE_CURVE('',#2249,#2250,#1162,.T.);
#2837=EDGE_CURVE('',#2251,#2252,#1163,.T.);
#2838=EDGE_CURVE('',#2252,#2253,#1164,.T.);
#2839=EDGE_CURVE('',#2254,#2253,#1165,.T.);
#2840=EDGE_CURVE('',#2254,#2251,#1166,.T.);
#2841=EDGE_CURVE('',#2251,#2227,#1167,.T.);
#2842=EDGE_CURVE('',#2229,#2254,#1168,.T.);
#2843=EDGE_CURVE('',#2255,#2250,#1169,.T.);
#2844=EDGE_CURVE('',#2255,#2226,#1170,.T.);
#2845=EDGE_CURVE('',#2256,#2225,#1171,.T.);
#2846=EDGE_CURVE('',#2256,#2249,#1172,.T.);
#2847=EDGE_CURVE('',#2253,#2255,#1173,.T.);
#2848=EDGE_CURVE('',#2252,#2257,#1174,.T.);
#2849=EDGE_CURVE('',#2257,#2222,#1175,.T.);
#2850=EDGE_CURVE('',#2257,#2258,#1176,.T.);
#2851=EDGE_CURVE('',#2258,#2223,#1177,.T.);
#2852=EDGE_CURVE('',#2258,#2259,#1178,.T.);
#2853=EDGE_CURVE('',#2259,#2224,#1179,.T.);
#2854=EDGE_CURVE('',#2256,#2259,#1180,.T.);
#2855=EDGE_CURVE('',#2260,#2261,#1181,.T.);
#2856=EDGE_CURVE('',#2262,#2260,#1182,.T.);
#2857=EDGE_CURVE('',#2263,#2262,#1183,.T.);
#2858=EDGE_CURVE('',#2261,#2263,#1184,.T.);
#2859=EDGE_CURVE('',#2261,#2264,#1185,.T.);
#2860=EDGE_CURVE('',#2265,#2263,#1186,.T.);
#2861=EDGE_CURVE('',#2264,#2265,#1187,.T.);
#2862=EDGE_CURVE('',#2266,#2262,#1188,.T.);
#2863=EDGE_CURVE('',#2266,#2267,#1189,.T.);
#2864=EDGE_CURVE('',#2267,#2268,#1190,.T.);
#2865=EDGE_CURVE('',#2268,#2269,#1191,.T.);
#2866=EDGE_CURVE('',#2269,#2270,#1192,.T.);
#2867=EDGE_CURVE('',#2270,#2271,#1193,.T.);
#2868=EDGE_CURVE('',#2271,#2272,#1194,.T.);
#2869=EDGE_CURVE('',#2272,#2273,#1195,.T.);
#2870=EDGE_CURVE('',#2273,#2274,#1196,.T.);
#2871=EDGE_CURVE('',#2274,#2275,#1197,.T.);
#2872=EDGE_CURVE('',#2275,#2276,#1198,.T.);
#2873=EDGE_CURVE('',#2276,#2277,#1199,.T.);
#2874=EDGE_CURVE('',#2277,#2265,#1200,.T.);
#2875=EDGE_CURVE('',#2278,#2279,#1201,.T.);
#2876=EDGE_CURVE('',#2278,#2280,#1202,.T.);
#2877=EDGE_CURVE('',#2281,#2280,#1203,.T.);
#2878=EDGE_CURVE('',#2267,#2281,#1204,.T.);
#2879=EDGE_CURVE('',#2279,#2266,#1205,.T.);
#2880=EDGE_CURVE('',#2282,#2283,#1206,.T.);
#2881=EDGE_CURVE('',#2282,#2284,#1207,.T.);
#2882=EDGE_CURVE('',#2284,#2285,#1208,.T.);
#2883=EDGE_CURVE('',#2286,#2285,#1209,.T.);
#2884=EDGE_CURVE('',#2283,#2286,#1210,.T.);
#2885=EDGE_CURVE('',#2287,#2282,#1211,.T.);
#2886=EDGE_CURVE('',#2287,#2268,#1212,.T.);
#2887=EDGE_CURVE('',#2284,#2268,#1213,.T.);
#2888=EDGE_CURVE('',#2288,#2287,#1214,.T.);
#2889=EDGE_CURVE('',#2288,#2269,#1215,.T.);
#2890=EDGE_CURVE('',#2289,#2288,#1216,.T.);
#2891=EDGE_CURVE('',#2289,#2270,#1217,.T.);
#2892=EDGE_CURVE('',#2290,#2289,#1218,.T.);
#2893=EDGE_CURVE('',#2290,#2271,#1219,.T.);
#2894=EDGE_CURVE('',#2291,#2290,#1220,.T.);
#2895=EDGE_CURVE('',#2291,#2272,#1221,.T.);
#2896=EDGE_CURVE('',#2292,#2291,#1222,.T.);
#2897=EDGE_CURVE('',#2292,#2273,#1223,.T.);
#2898=EDGE_CURVE('',#2293,#2292,#1224,.T.);
#2899=EDGE_CURVE('',#2293,#2274,#1225,.T.);
#2900=EDGE_CURVE('',#2294,#2293,#1226,.T.);
#2901=EDGE_CURVE('',#2294,#2275,#1227,.T.);
#2902=EDGE_CURVE('',#2295,#2294,#1228,.T.);
#2903=EDGE_CURVE('',#2295,#2276,#1229,.T.);
#2904=EDGE_CURVE('',#2296,#2295,#1230,.T.);
#2905=EDGE_CURVE('',#2296,#2277,#1231,.T.);
#2906=EDGE_CURVE('',#2264,#2296,#1232,.T.);
#2907=EDGE_CURVE('',#2297,#2298,#1233,.T.);
#2908=EDGE_CURVE('',#2280,#2297,#1234,.T.);
#2909=EDGE_CURVE('',#2298,#2278,#1235,.T.);
#2910=EDGE_CURVE('',#2285,#2281,#1236,.T.);
#2911=EDGE_CURVE('',#2286,#2297,#1237,.T.);
#2912=EDGE_CURVE('',#2260,#2279,#1238,.T.);
#2913=EDGE_CURVE('',#2298,#2283,#1239,.T.);
#2914=EDGE_CURVE('',#2299,#2300,#1240,.T.);
#2915=EDGE_CURVE('',#2299,#2301,#1241,.T.);
#2916=EDGE_CURVE('',#2302,#2301,#1242,.T.);
#2917=EDGE_CURVE('',#2300,#2302,#1243,.T.);
#2918=EDGE_CURVE('',#2302,#2303,#1244,.T.);
#2919=EDGE_CURVE('',#2303,#2304,#1245,.T.);
#2920=EDGE_CURVE('',#2304,#2300,#1246,.T.);
#2921=EDGE_CURVE('',#2305,#2306,#1247,.T.);
#2922=EDGE_CURVE('',#2306,#2307,#1248,.T.);
#2923=EDGE_CURVE('',#2308,#2307,#1249,.T.);
#2924=EDGE_CURVE('',#2305,#2308,#1250,.T.);
#2925=EDGE_CURVE('',#2309,#2303,#1251,.T.);
#2926=EDGE_CURVE('',#2301,#2309,#1252,.T.);
#2927=EDGE_CURVE('',#2310,#2299,#1253,.T.);
#2928=EDGE_CURVE('',#2311,#2310,#1254,.T.);
#2929=EDGE_CURVE('',#2311,#2312,#1255,.T.);
#2930=EDGE_CURVE('',#2312,#2313,#1256,.T.);
#2931=EDGE_CURVE('',#2313,#2314,#1257,.T.);
#2932=EDGE_CURVE('',#2314,#2309,#1258,.T.);
#2933=EDGE_CURVE('',#2304,#2310,#1259,.T.);
#2934=EDGE_CURVE('',#2315,#2316,#1260,.T.);
#2935=EDGE_CURVE('',#2317,#2315,#1261,.T.);
#2936=EDGE_CURVE('',#2318,#2317,#1262,.T.);
#2937=EDGE_CURVE('',#2316,#2318,#1263,.T.);
#2938=EDGE_CURVE('',#2319,#2311,#1264,.T.);
#2939=EDGE_CURVE('',#2307,#2319,#1265,.T.);
#2940=EDGE_CURVE('',#2306,#2315,#1266,.T.);
#2941=EDGE_CURVE('',#2316,#2312,#1267,.T.);
#2942=EDGE_CURVE('',#2320,#2319,#1268,.T.);
#2943=EDGE_CURVE('',#2321,#2320,#1269,.T.);
#2944=EDGE_CURVE('',#2321,#2322,#1270,.T.);
#2945=EDGE_CURVE('',#2322,#2308,#1271,.T.);
#2946=EDGE_CURVE('',#2317,#2321,#1272,.T.);
#2947=EDGE_CURVE('',#2317,#2323,#1273,.T.);
#2948=EDGE_CURVE('',#2323,#2322,#1274,.T.);
#2949=EDGE_CURVE('',#2323,#2305,#1275,.T.);
#2950=EDGE_CURVE('',#2318,#2313,#1276,.T.);
#2951=EDGE_CURVE('',#2320,#2314,#1277,.T.);
#2952=ORIENTED_EDGE('',*,*,#2324,.T.);
#2953=ORIENTED_EDGE('',*,*,#2325,.T.);
#2954=ORIENTED_EDGE('',*,*,#2326,.F.);
#2955=ORIENTED_EDGE('',*,*,#2327,.F.);
#2956=ORIENTED_EDGE('',*,*,#2328,.T.);
#2957=ORIENTED_EDGE('',*,*,#2327,.T.);
#2958=ORIENTED_EDGE('',*,*,#2329,.F.);
#2959=ORIENTED_EDGE('',*,*,#2330,.F.);
#2960=ORIENTED_EDGE('',*,*,#2331,.T.);
#2961=ORIENTED_EDGE('',*,*,#2330,.T.);
#2962=ORIENTED_EDGE('',*,*,#2332,.F.);
#2963=ORIENTED_EDGE('',*,*,#2333,.F.);
#2964=ORIENTED_EDGE('',*,*,#2334,.T.);
#2965=ORIENTED_EDGE('',*,*,#2333,.T.);
#2966=ORIENTED_EDGE('',*,*,#2335,.F.);
#2967=ORIENTED_EDGE('',*,*,#2325,.F.);
#2968=ORIENTED_EDGE('',*,*,#2336,.F.);
#2969=ORIENTED_EDGE('',*,*,#2337,.T.);
#2970=ORIENTED_EDGE('',*,*,#2338,.F.);
#2971=ORIENTED_EDGE('',*,*,#2339,.F.);
#2972=ORIENTED_EDGE('',*,*,#2340,.F.);
#2973=ORIENTED_EDGE('',*,*,#2339,.T.);
#2974=ORIENTED_EDGE('',*,*,#2341,.F.);
#2975=ORIENTED_EDGE('',*,*,#2342,.F.);
#2976=ORIENTED_EDGE('',*,*,#2343,.F.);
#2977=ORIENTED_EDGE('',*,*,#2342,.T.);
#2978=ORIENTED_EDGE('',*,*,#2344,.F.);
#2979=ORIENTED_EDGE('',*,*,#2345,.F.);
#2980=ORIENTED_EDGE('',*,*,#2346,.F.);
#2981=ORIENTED_EDGE('',*,*,#2345,.T.);
#2982=ORIENTED_EDGE('',*,*,#2347,.F.);
#2983=ORIENTED_EDGE('',*,*,#2337,.F.);
#2984=ORIENTED_EDGE('',*,*,#2347,.T.);
#2985=ORIENTED_EDGE('',*,*,#2344,.T.);
#2986=ORIENTED_EDGE('',*,*,#2341,.T.);
#2987=ORIENTED_EDGE('',*,*,#2338,.T.);
#2988=ORIENTED_EDGE('',*,*,#2335,.T.);
#2989=ORIENTED_EDGE('',*,*,#2332,.T.);
#2990=ORIENTED_EDGE('',*,*,#2329,.T.);
#2991=ORIENTED_EDGE('',*,*,#2326,.T.);
#2992=ORIENTED_EDGE('',*,*,#2346,.T.);
#2993=ORIENTED_EDGE('',*,*,#2336,.T.);
#2994=ORIENTED_EDGE('',*,*,#2340,.T.);
#2995=ORIENTED_EDGE('',*,*,#2343,.T.);
#2996=ORIENTED_EDGE('',*,*,#2334,.F.);
#2997=ORIENTED_EDGE('',*,*,#2324,.F.);
#2998=ORIENTED_EDGE('',*,*,#2328,.F.);
#2999=ORIENTED_EDGE('',*,*,#2331,.F.);
#3000=ORIENTED_EDGE('',*,*,#2348,.T.);
#3001=ORIENTED_EDGE('',*,*,#2349,.T.);
#3002=ORIENTED_EDGE('',*,*,#2350,.T.);
#3003=ORIENTED_EDGE('',*,*,#2351,.F.);
#3004=ORIENTED_EDGE('',*,*,#2352,.F.);
#3005=ORIENTED_EDGE('',*,*,#2353,.F.);
#3006=ORIENTED_EDGE('',*,*,#2354,.F.);
#3007=ORIENTED_EDGE('',*,*,#2355,.F.);
#3008=ORIENTED_EDGE('',*,*,#2356,.F.);
#3009=ORIENTED_EDGE('',*,*,#2357,.F.);
#3010=ORIENTED_EDGE('',*,*,#2358,.F.);
#3011=ORIENTED_EDGE('',*,*,#2359,.F.);
#3012=ORIENTED_EDGE('',*,*,#2360,.F.);
#3013=ORIENTED_EDGE('',*,*,#2361,.F.);
#3014=ORIENTED_EDGE('',*,*,#2362,.F.);
#3015=ORIENTED_EDGE('',*,*,#2363,.F.);
#3016=ORIENTED_EDGE('',*,*,#2364,.F.);
#3017=ORIENTED_EDGE('',*,*,#2365,.F.);
#3018=ORIENTED_EDGE('',*,*,#2366,.F.);
#3019=ORIENTED_EDGE('',*,*,#2367,.F.);
#3020=ORIENTED_EDGE('',*,*,#2368,.F.);
#3021=ORIENTED_EDGE('',*,*,#2369,.F.);
#3022=ORIENTED_EDGE('',*,*,#2370,.F.);
#3023=ORIENTED_EDGE('',*,*,#2371,.F.);
#3024=ORIENTED_EDGE('',*,*,#2372,.F.);
#3025=ORIENTED_EDGE('',*,*,#2373,.F.);
#3026=ORIENTED_EDGE('',*,*,#2374,.F.);
#3027=ORIENTED_EDGE('',*,*,#2375,.F.);
#3028=ORIENTED_EDGE('',*,*,#2376,.F.);
#3029=ORIENTED_EDGE('',*,*,#2377,.F.);
#3030=ORIENTED_EDGE('',*,*,#2378,.F.);
#3031=ORIENTED_EDGE('',*,*,#2379,.F.);
#3032=ORIENTED_EDGE('',*,*,#2380,.F.);
#3033=ORIENTED_EDGE('',*,*,#2348,.F.);
#3034=ORIENTED_EDGE('',*,*,#2381,.T.);
#3035=ORIENTED_EDGE('',*,*,#2382,.F.);
#3036=ORIENTED_EDGE('',*,*,#2383,.F.);
#3037=ORIENTED_EDGE('',*,*,#2384,.F.);
#3038=ORIENTED_EDGE('',*,*,#2385,.F.);
#3039=ORIENTED_EDGE('',*,*,#2386,.F.);
#3040=ORIENTED_EDGE('',*,*,#2387,.F.);
#3041=ORIENTED_EDGE('',*,*,#2388,.F.);
#3042=ORIENTED_EDGE('',*,*,#2386,.T.);
#3043=ORIENTED_EDGE('',*,*,#2389,.T.);
#3044=ORIENTED_EDGE('',*,*,#2390,.F.);
#3045=ORIENTED_EDGE('',*,*,#2391,.T.);
#3046=ORIENTED_EDGE('',*,*,#2392,.T.);
#3047=ORIENTED_EDGE('',*,*,#2353,.T.);
#3048=ORIENTED_EDGE('',*,*,#2393,.F.);
#3049=ORIENTED_EDGE('',*,*,#2389,.F.);
#3050=ORIENTED_EDGE('',*,*,#2385,.T.);
#3051=ORIENTED_EDGE('',*,*,#2394,.T.);
#3052=ORIENTED_EDGE('',*,*,#2395,.F.);
#3053=ORIENTED_EDGE('',*,*,#2396,.T.);
#3054=ORIENTED_EDGE('',*,*,#2397,.T.);
#3055=ORIENTED_EDGE('',*,*,#2358,.T.);
#3056=ORIENTED_EDGE('',*,*,#2366,.T.);
#3057=ORIENTED_EDGE('',*,*,#2398,.F.);
#3058=ORIENTED_EDGE('',*,*,#2399,.T.);
#3059=ORIENTED_EDGE('',*,*,#2400,.T.);
#3060=ORIENTED_EDGE('',*,*,#2401,.F.);
#3061=ORIENTED_EDGE('',*,*,#2394,.F.);
#3062=ORIENTED_EDGE('',*,*,#2384,.T.);
#3063=ORIENTED_EDGE('',*,*,#2402,.T.);
#3064=ORIENTED_EDGE('',*,*,#2403,.F.);
#3065=ORIENTED_EDGE('',*,*,#2404,.T.);
#3066=ORIENTED_EDGE('',*,*,#2405,.T.);
#3067=ORIENTED_EDGE('',*,*,#2373,.T.);
#3068=ORIENTED_EDGE('',*,*,#2369,.T.);
#3069=ORIENTED_EDGE('',*,*,#2406,.F.);
#3070=ORIENTED_EDGE('',*,*,#2407,.T.);
#3071=ORIENTED_EDGE('',*,*,#2408,.T.);
#3072=ORIENTED_EDGE('',*,*,#2409,.F.);
#3073=ORIENTED_EDGE('',*,*,#2402,.F.);
#3074=ORIENTED_EDGE('',*,*,#2383,.T.);
#3075=ORIENTED_EDGE('',*,*,#2410,.T.);
#3076=ORIENTED_EDGE('',*,*,#2411,.F.);
#3077=ORIENTED_EDGE('',*,*,#2349,.F.);
#3078=ORIENTED_EDGE('',*,*,#2380,.T.);
#3079=ORIENTED_EDGE('',*,*,#2388,.T.);
#3080=ORIENTED_EDGE('',*,*,#2412,.F.);
#3081=ORIENTED_EDGE('',*,*,#2413,.T.);
#3082=ORIENTED_EDGE('',*,*,#2414,.T.);
#3083=ORIENTED_EDGE('',*,*,#2376,.T.);
#3084=ORIENTED_EDGE('',*,*,#2362,.T.);
#3085=ORIENTED_EDGE('',*,*,#2415,.F.);
#3086=ORIENTED_EDGE('',*,*,#2416,.T.);
#3087=ORIENTED_EDGE('',*,*,#2417,.T.);
#3088=ORIENTED_EDGE('',*,*,#2418,.F.);
#3089=ORIENTED_EDGE('',*,*,#2419,.F.);
#3090=ORIENTED_EDGE('',*,*,#2420,.F.);
#3091=ORIENTED_EDGE('',*,*,#2404,.F.);
#3092=ORIENTED_EDGE('',*,*,#2421,.F.);
#3093=ORIENTED_EDGE('',*,*,#2422,.F.);
#3094=ORIENTED_EDGE('',*,*,#2399,.F.);
#3095=ORIENTED_EDGE('',*,*,#2423,.F.);
#3096=ORIENTED_EDGE('',*,*,#2413,.F.);
#3097=ORIENTED_EDGE('',*,*,#2424,.F.);
#3098=ORIENTED_EDGE('',*,*,#2425,.F.);
#3099=ORIENTED_EDGE('',*,*,#2426,.F.);
#3100=ORIENTED_EDGE('',*,*,#2427,.F.);
#3101=ORIENTED_EDGE('',*,*,#2428,.F.);
#3102=ORIENTED_EDGE('',*,*,#2429,.F.);
#3103=ORIENTED_EDGE('',*,*,#2391,.F.);
#3104=ORIENTED_EDGE('',*,*,#2367,.T.);
#3105=ORIENTED_EDGE('',*,*,#2400,.F.);
#3106=ORIENTED_EDGE('',*,*,#2422,.T.);
#3107=ORIENTED_EDGE('',*,*,#2430,.T.);
#3108=ORIENTED_EDGE('',*,*,#2352,.T.);
#3109=ORIENTED_EDGE('',*,*,#2431,.F.);
#3110=ORIENTED_EDGE('',*,*,#2427,.T.);
#3111=ORIENTED_EDGE('',*,*,#2390,.T.);
#3112=ORIENTED_EDGE('',*,*,#2432,.F.);
#3113=ORIENTED_EDGE('',*,*,#2433,.F.);
#3114=ORIENTED_EDGE('',*,*,#2416,.F.);
#3115=ORIENTED_EDGE('',*,*,#2434,.F.);
#3116=ORIENTED_EDGE('',*,*,#2411,.T.);
#3117=ORIENTED_EDGE('',*,*,#2435,.F.);
#3118=ORIENTED_EDGE('',*,*,#2436,.T.);
#3119=ORIENTED_EDGE('',*,*,#2350,.F.);
#3120=ORIENTED_EDGE('',*,*,#2363,.T.);
#3121=ORIENTED_EDGE('',*,*,#2417,.F.);
#3122=ORIENTED_EDGE('',*,*,#2433,.T.);
#3123=ORIENTED_EDGE('',*,*,#2437,.T.);
#3124=ORIENTED_EDGE('',*,*,#2379,.T.);
#3125=ORIENTED_EDGE('',*,*,#2438,.F.);
#3126=ORIENTED_EDGE('',*,*,#2424,.T.);
#3127=ORIENTED_EDGE('',*,*,#2412,.T.);
#3128=ORIENTED_EDGE('',*,*,#2382,.T.);
#3129=ORIENTED_EDGE('',*,*,#2439,.T.);
#3130=ORIENTED_EDGE('',*,*,#2435,.T.);
#3131=ORIENTED_EDGE('',*,*,#2410,.F.);
#3132=ORIENTED_EDGE('',*,*,#2361,.T.);
#3133=ORIENTED_EDGE('',*,*,#2440,.F.);
#3134=ORIENTED_EDGE('',*,*,#2434,.T.);
#3135=ORIENTED_EDGE('',*,*,#2415,.T.);
#3136=ORIENTED_EDGE('',*,*,#2441,.F.);
#3137=ORIENTED_EDGE('',*,*,#2442,.F.);
#3138=ORIENTED_EDGE('',*,*,#2443,.T.);
#3139=ORIENTED_EDGE('',*,*,#2444,.T.);
#3140=ORIENTED_EDGE('',*,*,#2355,.T.);
#3141=ORIENTED_EDGE('',*,*,#2445,.F.);
#3142=ORIENTED_EDGE('',*,*,#2428,.T.);
#3143=ORIENTED_EDGE('',*,*,#2431,.T.);
#3144=ORIENTED_EDGE('',*,*,#2354,.T.);
#3145=ORIENTED_EDGE('',*,*,#2392,.F.);
#3146=ORIENTED_EDGE('',*,*,#2429,.T.);
#3147=ORIENTED_EDGE('',*,*,#2445,.T.);
#3148=ORIENTED_EDGE('',*,*,#2372,.T.);
#3149=ORIENTED_EDGE('',*,*,#2446,.F.);
#3150=ORIENTED_EDGE('',*,*,#2418,.T.);
#3151=ORIENTED_EDGE('',*,*,#2403,.T.);
#3152=ORIENTED_EDGE('',*,*,#2447,.F.);
#3153=ORIENTED_EDGE('',*,*,#2448,.F.);
#3154=ORIENTED_EDGE('',*,*,#2449,.T.);
#3155=ORIENTED_EDGE('',*,*,#2450,.T.);
#3156=ORIENTED_EDGE('',*,*,#2451,.F.);
#3157=ORIENTED_EDGE('',*,*,#2452,.T.);
#3158=ORIENTED_EDGE('',*,*,#2453,.T.);
#3159=ORIENTED_EDGE('',*,*,#2371,.T.);
#3160=ORIENTED_EDGE('',*,*,#2375,.T.);
#3161=ORIENTED_EDGE('',*,*,#2454,.F.);
#3162=ORIENTED_EDGE('',*,*,#2419,.T.);
#3163=ORIENTED_EDGE('',*,*,#2446,.T.);
#3164=ORIENTED_EDGE('',*,*,#2455,.T.);
#3165=ORIENTED_EDGE('',*,*,#2448,.T.);
#3166=ORIENTED_EDGE('',*,*,#2456,.F.);
#3167=ORIENTED_EDGE('',*,*,#2444,.F.);
#3168=ORIENTED_EDGE('',*,*,#2437,.F.);
#3169=ORIENTED_EDGE('',*,*,#2432,.T.);
#3170=ORIENTED_EDGE('',*,*,#2440,.T.);
#3171=ORIENTED_EDGE('',*,*,#2360,.T.);
#3172=ORIENTED_EDGE('',*,*,#2381,.F.);
#3173=ORIENTED_EDGE('',*,*,#2351,.T.);
#3174=ORIENTED_EDGE('',*,*,#2436,.F.);
#3175=ORIENTED_EDGE('',*,*,#2439,.F.);
#3176=ORIENTED_EDGE('',*,*,#2378,.T.);
#3177=ORIENTED_EDGE('',*,*,#2457,.F.);
#3178=ORIENTED_EDGE('',*,*,#2425,.T.);
#3179=ORIENTED_EDGE('',*,*,#2438,.T.);
#3180=ORIENTED_EDGE('',*,*,#2377,.T.);
#3181=ORIENTED_EDGE('',*,*,#2414,.F.);
#3182=ORIENTED_EDGE('',*,*,#2426,.T.);
#3183=ORIENTED_EDGE('',*,*,#2457,.T.);
#3184=ORIENTED_EDGE('',*,*,#2455,.F.);
#3185=ORIENTED_EDGE('',*,*,#2443,.F.);
#3186=ORIENTED_EDGE('',*,*,#2458,.F.);
#3187=ORIENTED_EDGE('',*,*,#2449,.F.);
#3188=ORIENTED_EDGE('',*,*,#2459,.F.);
#3189=ORIENTED_EDGE('',*,*,#2452,.F.);
#3190=ORIENTED_EDGE('',*,*,#2460,.F.);
#3191=ORIENTED_EDGE('',*,*,#2407,.F.);
#3192=ORIENTED_EDGE('',*,*,#2461,.F.);
#3193=ORIENTED_EDGE('',*,*,#2462,.F.);
#3194=ORIENTED_EDGE('',*,*,#2396,.F.);
#3195=ORIENTED_EDGE('',*,*,#2463,.F.);
#3196=ORIENTED_EDGE('',*,*,#2357,.T.);
#3197=ORIENTED_EDGE('',*,*,#2464,.F.);
#3198=ORIENTED_EDGE('',*,*,#2463,.T.);
#3199=ORIENTED_EDGE('',*,*,#2395,.T.);
#3200=ORIENTED_EDGE('',*,*,#2370,.T.);
#3201=ORIENTED_EDGE('',*,*,#2408,.F.);
#3202=ORIENTED_EDGE('',*,*,#2460,.T.);
#3203=ORIENTED_EDGE('',*,*,#2451,.T.);
#3204=ORIENTED_EDGE('',*,*,#2441,.T.);
#3205=ORIENTED_EDGE('',*,*,#2456,.T.);
#3206=ORIENTED_EDGE('',*,*,#2447,.T.);
#3207=ORIENTED_EDGE('',*,*,#2465,.T.);
#3208=ORIENTED_EDGE('',*,*,#2387,.T.);
#3209=ORIENTED_EDGE('',*,*,#2393,.T.);
#3210=ORIENTED_EDGE('',*,*,#2401,.T.);
#3211=ORIENTED_EDGE('',*,*,#2409,.T.);
#3212=ORIENTED_EDGE('',*,*,#2365,.T.);
#3213=ORIENTED_EDGE('',*,*,#2466,.F.);
#3214=ORIENTED_EDGE('',*,*,#2423,.T.);
#3215=ORIENTED_EDGE('',*,*,#2398,.T.);
#3216=ORIENTED_EDGE('',*,*,#2465,.F.);
#3217=ORIENTED_EDGE('',*,*,#2450,.F.);
#3218=ORIENTED_EDGE('',*,*,#2458,.T.);
#3219=ORIENTED_EDGE('',*,*,#2442,.T.);
#3220=ORIENTED_EDGE('',*,*,#2430,.F.);
#3221=ORIENTED_EDGE('',*,*,#2421,.T.);
#3222=ORIENTED_EDGE('',*,*,#2466,.T.);
#3223=ORIENTED_EDGE('',*,*,#2364,.T.);
#3224=ORIENTED_EDGE('',*,*,#2356,.T.);
#3225=ORIENTED_EDGE('',*,*,#2467,.F.);
#3226=ORIENTED_EDGE('',*,*,#2461,.T.);
#3227=ORIENTED_EDGE('',*,*,#2464,.T.);
#3228=ORIENTED_EDGE('',*,*,#2359,.T.);
#3229=ORIENTED_EDGE('',*,*,#2397,.F.);
#3230=ORIENTED_EDGE('',*,*,#2462,.T.);
#3231=ORIENTED_EDGE('',*,*,#2467,.T.);
#3232=ORIENTED_EDGE('',*,*,#2368,.T.);
#3233=ORIENTED_EDGE('',*,*,#2453,.F.);
#3234=ORIENTED_EDGE('',*,*,#2459,.T.);
#3235=ORIENTED_EDGE('',*,*,#2406,.T.);
#3236=ORIENTED_EDGE('',*,*,#2374,.T.);
#3237=ORIENTED_EDGE('',*,*,#2405,.F.);
#3238=ORIENTED_EDGE('',*,*,#2420,.T.);
#3239=ORIENTED_EDGE('',*,*,#2454,.T.);
#3240=ORIENTED_EDGE('',*,*,#2468,.T.);
#3241=ORIENTED_EDGE('',*,*,#2469,.T.);
#3242=ORIENTED_EDGE('',*,*,#2470,.T.);
#3243=ORIENTED_EDGE('',*,*,#2471,.F.);
#3244=ORIENTED_EDGE('',*,*,#2472,.F.);
#3245=ORIENTED_EDGE('',*,*,#2473,.F.);
#3246=ORIENTED_EDGE('',*,*,#2474,.F.);
#3247=ORIENTED_EDGE('',*,*,#2475,.F.);
#3248=ORIENTED_EDGE('',*,*,#2476,.F.);
#3249=ORIENTED_EDGE('',*,*,#2477,.F.);
#3250=ORIENTED_EDGE('',*,*,#2478,.F.);
#3251=ORIENTED_EDGE('',*,*,#2479,.F.);
#3252=ORIENTED_EDGE('',*,*,#2480,.F.);
#3253=ORIENTED_EDGE('',*,*,#2481,.F.);
#3254=ORIENTED_EDGE('',*,*,#2482,.F.);
#3255=ORIENTED_EDGE('',*,*,#2483,.F.);
#3256=ORIENTED_EDGE('',*,*,#2484,.F.);
#3257=ORIENTED_EDGE('',*,*,#2485,.F.);
#3258=ORIENTED_EDGE('',*,*,#2486,.F.);
#3259=ORIENTED_EDGE('',*,*,#2487,.F.);
#3260=ORIENTED_EDGE('',*,*,#2488,.F.);
#3261=ORIENTED_EDGE('',*,*,#2489,.F.);
#3262=ORIENTED_EDGE('',*,*,#2490,.F.);
#3263=ORIENTED_EDGE('',*,*,#2491,.F.);
#3264=ORIENTED_EDGE('',*,*,#2492,.F.);
#3265=ORIENTED_EDGE('',*,*,#2493,.F.);
#3266=ORIENTED_EDGE('',*,*,#2494,.F.);
#3267=ORIENTED_EDGE('',*,*,#2495,.F.);
#3268=ORIENTED_EDGE('',*,*,#2496,.F.);
#3269=ORIENTED_EDGE('',*,*,#2497,.F.);
#3270=ORIENTED_EDGE('',*,*,#2498,.F.);
#3271=ORIENTED_EDGE('',*,*,#2499,.F.);
#3272=ORIENTED_EDGE('',*,*,#2500,.F.);
#3273=ORIENTED_EDGE('',*,*,#2468,.F.);
#3274=ORIENTED_EDGE('',*,*,#2501,.T.);
#3275=ORIENTED_EDGE('',*,*,#2502,.F.);
#3276=ORIENTED_EDGE('',*,*,#2503,.F.);
#3277=ORIENTED_EDGE('',*,*,#2504,.F.);
#3278=ORIENTED_EDGE('',*,*,#2505,.F.);
#3279=ORIENTED_EDGE('',*,*,#2506,.F.);
#3280=ORIENTED_EDGE('',*,*,#2507,.F.);
#3281=ORIENTED_EDGE('',*,*,#2508,.F.);
#3282=ORIENTED_EDGE('',*,*,#2506,.T.);
#3283=ORIENTED_EDGE('',*,*,#2509,.T.);
#3284=ORIENTED_EDGE('',*,*,#2510,.F.);
#3285=ORIENTED_EDGE('',*,*,#2511,.T.);
#3286=ORIENTED_EDGE('',*,*,#2512,.T.);
#3287=ORIENTED_EDGE('',*,*,#2473,.T.);
#3288=ORIENTED_EDGE('',*,*,#2513,.F.);
#3289=ORIENTED_EDGE('',*,*,#2509,.F.);
#3290=ORIENTED_EDGE('',*,*,#2505,.T.);
#3291=ORIENTED_EDGE('',*,*,#2514,.T.);
#3292=ORIENTED_EDGE('',*,*,#2515,.F.);
#3293=ORIENTED_EDGE('',*,*,#2516,.T.);
#3294=ORIENTED_EDGE('',*,*,#2517,.T.);
#3295=ORIENTED_EDGE('',*,*,#2478,.T.);
#3296=ORIENTED_EDGE('',*,*,#2486,.T.);
#3297=ORIENTED_EDGE('',*,*,#2518,.F.);
#3298=ORIENTED_EDGE('',*,*,#2519,.T.);
#3299=ORIENTED_EDGE('',*,*,#2520,.T.);
#3300=ORIENTED_EDGE('',*,*,#2521,.F.);
#3301=ORIENTED_EDGE('',*,*,#2514,.F.);
#3302=ORIENTED_EDGE('',*,*,#2504,.T.);
#3303=ORIENTED_EDGE('',*,*,#2522,.T.);
#3304=ORIENTED_EDGE('',*,*,#2523,.F.);
#3305=ORIENTED_EDGE('',*,*,#2524,.T.);
#3306=ORIENTED_EDGE('',*,*,#2525,.T.);
#3307=ORIENTED_EDGE('',*,*,#2493,.T.);
#3308=ORIENTED_EDGE('',*,*,#2489,.T.);
#3309=ORIENTED_EDGE('',*,*,#2526,.F.);
#3310=ORIENTED_EDGE('',*,*,#2527,.T.);
#3311=ORIENTED_EDGE('',*,*,#2528,.T.);
#3312=ORIENTED_EDGE('',*,*,#2529,.F.);
#3313=ORIENTED_EDGE('',*,*,#2522,.F.);
#3314=ORIENTED_EDGE('',*,*,#2503,.T.);
#3315=ORIENTED_EDGE('',*,*,#2530,.T.);
#3316=ORIENTED_EDGE('',*,*,#2531,.F.);
#3317=ORIENTED_EDGE('',*,*,#2469,.F.);
#3318=ORIENTED_EDGE('',*,*,#2500,.T.);
#3319=ORIENTED_EDGE('',*,*,#2508,.T.);
#3320=ORIENTED_EDGE('',*,*,#2532,.F.);
#3321=ORIENTED_EDGE('',*,*,#2533,.T.);
#3322=ORIENTED_EDGE('',*,*,#2534,.T.);
#3323=ORIENTED_EDGE('',*,*,#2496,.T.);
#3324=ORIENTED_EDGE('',*,*,#2482,.T.);
#3325=ORIENTED_EDGE('',*,*,#2535,.F.);
#3326=ORIENTED_EDGE('',*,*,#2536,.T.);
#3327=ORIENTED_EDGE('',*,*,#2537,.T.);
#3328=ORIENTED_EDGE('',*,*,#2538,.F.);
#3329=ORIENTED_EDGE('',*,*,#2539,.F.);
#3330=ORIENTED_EDGE('',*,*,#2540,.F.);
#3331=ORIENTED_EDGE('',*,*,#2524,.F.);
#3332=ORIENTED_EDGE('',*,*,#2541,.F.);
#3333=ORIENTED_EDGE('',*,*,#2542,.F.);
#3334=ORIENTED_EDGE('',*,*,#2519,.F.);
#3335=ORIENTED_EDGE('',*,*,#2543,.F.);
#3336=ORIENTED_EDGE('',*,*,#2533,.F.);
#3337=ORIENTED_EDGE('',*,*,#2544,.F.);
#3338=ORIENTED_EDGE('',*,*,#2545,.F.);
#3339=ORIENTED_EDGE('',*,*,#2546,.F.);
#3340=ORIENTED_EDGE('',*,*,#2547,.F.);
#3341=ORIENTED_EDGE('',*,*,#2548,.F.);
#3342=ORIENTED_EDGE('',*,*,#2549,.F.);
#3343=ORIENTED_EDGE('',*,*,#2511,.F.);
#3344=ORIENTED_EDGE('',*,*,#2487,.T.);
#3345=ORIENTED_EDGE('',*,*,#2520,.F.);
#3346=ORIENTED_EDGE('',*,*,#2542,.T.);
#3347=ORIENTED_EDGE('',*,*,#2550,.T.);
#3348=ORIENTED_EDGE('',*,*,#2472,.T.);
#3349=ORIENTED_EDGE('',*,*,#2551,.F.);
#3350=ORIENTED_EDGE('',*,*,#2547,.T.);
#3351=ORIENTED_EDGE('',*,*,#2510,.T.);
#3352=ORIENTED_EDGE('',*,*,#2552,.F.);
#3353=ORIENTED_EDGE('',*,*,#2553,.F.);
#3354=ORIENTED_EDGE('',*,*,#2536,.F.);
#3355=ORIENTED_EDGE('',*,*,#2554,.F.);
#3356=ORIENTED_EDGE('',*,*,#2531,.T.);
#3357=ORIENTED_EDGE('',*,*,#2555,.F.);
#3358=ORIENTED_EDGE('',*,*,#2556,.T.);
#3359=ORIENTED_EDGE('',*,*,#2470,.F.);
#3360=ORIENTED_EDGE('',*,*,#2483,.T.);
#3361=ORIENTED_EDGE('',*,*,#2537,.F.);
#3362=ORIENTED_EDGE('',*,*,#2553,.T.);
#3363=ORIENTED_EDGE('',*,*,#2557,.T.);
#3364=ORIENTED_EDGE('',*,*,#2499,.T.);
#3365=ORIENTED_EDGE('',*,*,#2558,.F.);
#3366=ORIENTED_EDGE('',*,*,#2544,.T.);
#3367=ORIENTED_EDGE('',*,*,#2532,.T.);
#3368=ORIENTED_EDGE('',*,*,#2502,.T.);
#3369=ORIENTED_EDGE('',*,*,#2559,.T.);
#3370=ORIENTED_EDGE('',*,*,#2555,.T.);
#3371=ORIENTED_EDGE('',*,*,#2530,.F.);
#3372=ORIENTED_EDGE('',*,*,#2481,.T.);
#3373=ORIENTED_EDGE('',*,*,#2560,.F.);
#3374=ORIENTED_EDGE('',*,*,#2554,.T.);
#3375=ORIENTED_EDGE('',*,*,#2535,.T.);
#3376=ORIENTED_EDGE('',*,*,#2561,.F.);
#3377=ORIENTED_EDGE('',*,*,#2562,.F.);
#3378=ORIENTED_EDGE('',*,*,#2563,.T.);
#3379=ORIENTED_EDGE('',*,*,#2564,.T.);
#3380=ORIENTED_EDGE('',*,*,#2475,.T.);
#3381=ORIENTED_EDGE('',*,*,#2565,.F.);
#3382=ORIENTED_EDGE('',*,*,#2548,.T.);
#3383=ORIENTED_EDGE('',*,*,#2551,.T.);
#3384=ORIENTED_EDGE('',*,*,#2474,.T.);
#3385=ORIENTED_EDGE('',*,*,#2512,.F.);
#3386=ORIENTED_EDGE('',*,*,#2549,.T.);
#3387=ORIENTED_EDGE('',*,*,#2565,.T.);
#3388=ORIENTED_EDGE('',*,*,#2492,.T.);
#3389=ORIENTED_EDGE('',*,*,#2566,.F.);
#3390=ORIENTED_EDGE('',*,*,#2538,.T.);
#3391=ORIENTED_EDGE('',*,*,#2523,.T.);
#3392=ORIENTED_EDGE('',*,*,#2567,.F.);
#3393=ORIENTED_EDGE('',*,*,#2568,.F.);
#3394=ORIENTED_EDGE('',*,*,#2569,.T.);
#3395=ORIENTED_EDGE('',*,*,#2570,.T.);
#3396=ORIENTED_EDGE('',*,*,#2571,.F.);
#3397=ORIENTED_EDGE('',*,*,#2572,.T.);
#3398=ORIENTED_EDGE('',*,*,#2573,.T.);
#3399=ORIENTED_EDGE('',*,*,#2491,.T.);
#3400=ORIENTED_EDGE('',*,*,#2495,.T.);
#3401=ORIENTED_EDGE('',*,*,#2574,.F.);
#3402=ORIENTED_EDGE('',*,*,#2539,.T.);
#3403=ORIENTED_EDGE('',*,*,#2566,.T.);
#3404=ORIENTED_EDGE('',*,*,#2575,.T.);
#3405=ORIENTED_EDGE('',*,*,#2568,.T.);
#3406=ORIENTED_EDGE('',*,*,#2576,.F.);
#3407=ORIENTED_EDGE('',*,*,#2564,.F.);
#3408=ORIENTED_EDGE('',*,*,#2557,.F.);
#3409=ORIENTED_EDGE('',*,*,#2552,.T.);
#3410=ORIENTED_EDGE('',*,*,#2560,.T.);
#3411=ORIENTED_EDGE('',*,*,#2480,.T.);
#3412=ORIENTED_EDGE('',*,*,#2501,.F.);
#3413=ORIENTED_EDGE('',*,*,#2471,.T.);
#3414=ORIENTED_EDGE('',*,*,#2556,.F.);
#3415=ORIENTED_EDGE('',*,*,#2559,.F.);
#3416=ORIENTED_EDGE('',*,*,#2498,.T.);
#3417=ORIENTED_EDGE('',*,*,#2577,.F.);
#3418=ORIENTED_EDGE('',*,*,#2545,.T.);
#3419=ORIENTED_EDGE('',*,*,#2558,.T.);
#3420=ORIENTED_EDGE('',*,*,#2497,.T.);
#3421=ORIENTED_EDGE('',*,*,#2534,.F.);
#3422=ORIENTED_EDGE('',*,*,#2546,.T.);
#3423=ORIENTED_EDGE('',*,*,#2577,.T.);
#3424=ORIENTED_EDGE('',*,*,#2575,.F.);
#3425=ORIENTED_EDGE('',*,*,#2563,.F.);
#3426=ORIENTED_EDGE('',*,*,#2578,.F.);
#3427=ORIENTED_EDGE('',*,*,#2569,.F.);
#3428=ORIENTED_EDGE('',*,*,#2579,.F.);
#3429=ORIENTED_EDGE('',*,*,#2572,.F.);
#3430=ORIENTED_EDGE('',*,*,#2580,.F.);
#3431=ORIENTED_EDGE('',*,*,#2527,.F.);
#3432=ORIENTED_EDGE('',*,*,#2581,.F.);
#3433=ORIENTED_EDGE('',*,*,#2582,.F.);
#3434=ORIENTED_EDGE('',*,*,#2516,.F.);
#3435=ORIENTED_EDGE('',*,*,#2583,.F.);
#3436=ORIENTED_EDGE('',*,*,#2477,.T.);
#3437=ORIENTED_EDGE('',*,*,#2584,.F.);
#3438=ORIENTED_EDGE('',*,*,#2583,.T.);
#3439=ORIENTED_EDGE('',*,*,#2515,.T.);
#3440=ORIENTED_EDGE('',*,*,#2490,.T.);
#3441=ORIENTED_EDGE('',*,*,#2528,.F.);
#3442=ORIENTED_EDGE('',*,*,#2580,.T.);
#3443=ORIENTED_EDGE('',*,*,#2571,.T.);
#3444=ORIENTED_EDGE('',*,*,#2561,.T.);
#3445=ORIENTED_EDGE('',*,*,#2576,.T.);
#3446=ORIENTED_EDGE('',*,*,#2567,.T.);
#3447=ORIENTED_EDGE('',*,*,#2585,.T.);
#3448=ORIENTED_EDGE('',*,*,#2507,.T.);
#3449=ORIENTED_EDGE('',*,*,#2513,.T.);
#3450=ORIENTED_EDGE('',*,*,#2521,.T.);
#3451=ORIENTED_EDGE('',*,*,#2529,.T.);
#3452=ORIENTED_EDGE('',*,*,#2485,.T.);
#3453=ORIENTED_EDGE('',*,*,#2586,.F.);
#3454=ORIENTED_EDGE('',*,*,#2543,.T.);
#3455=ORIENTED_EDGE('',*,*,#2518,.T.);
#3456=ORIENTED_EDGE('',*,*,#2585,.F.);
#3457=ORIENTED_EDGE('',*,*,#2570,.F.);
#3458=ORIENTED_EDGE('',*,*,#2578,.T.);
#3459=ORIENTED_EDGE('',*,*,#2562,.T.);
#3460=ORIENTED_EDGE('',*,*,#2550,.F.);
#3461=ORIENTED_EDGE('',*,*,#2541,.T.);
#3462=ORIENTED_EDGE('',*,*,#2586,.T.);
#3463=ORIENTED_EDGE('',*,*,#2484,.T.);
#3464=ORIENTED_EDGE('',*,*,#2476,.T.);
#3465=ORIENTED_EDGE('',*,*,#2587,.F.);
#3466=ORIENTED_EDGE('',*,*,#2581,.T.);
#3467=ORIENTED_EDGE('',*,*,#2584,.T.);
#3468=ORIENTED_EDGE('',*,*,#2479,.T.);
#3469=ORIENTED_EDGE('',*,*,#2517,.F.);
#3470=ORIENTED_EDGE('',*,*,#2582,.T.);
#3471=ORIENTED_EDGE('',*,*,#2587,.T.);
#3472=ORIENTED_EDGE('',*,*,#2488,.T.);
#3473=ORIENTED_EDGE('',*,*,#2573,.F.);
#3474=ORIENTED_EDGE('',*,*,#2579,.T.);
#3475=ORIENTED_EDGE('',*,*,#2526,.T.);
#3476=ORIENTED_EDGE('',*,*,#2494,.T.);
#3477=ORIENTED_EDGE('',*,*,#2525,.F.);
#3478=ORIENTED_EDGE('',*,*,#2540,.T.);
#3479=ORIENTED_EDGE('',*,*,#2574,.T.);
#3480=ORIENTED_EDGE('',*,*,#2588,.F.);
#3481=ORIENTED_EDGE('',*,*,#2589,.T.);
#3482=ORIENTED_EDGE('',*,*,#2590,.F.);
#3483=ORIENTED_EDGE('',*,*,#2591,.F.);
#3484=ORIENTED_EDGE('',*,*,#2592,.F.);
#3485=ORIENTED_EDGE('',*,*,#2593,.T.);
#3486=ORIENTED_EDGE('',*,*,#2594,.F.);
#3487=ORIENTED_EDGE('',*,*,#2595,.F.);
#3488=ORIENTED_EDGE('',*,*,#2596,.F.);
#3489=ORIENTED_EDGE('',*,*,#2597,.T.);
#3490=ORIENTED_EDGE('',*,*,#2598,.F.);
#3491=ORIENTED_EDGE('',*,*,#2599,.F.);
#3492=ORIENTED_EDGE('',*,*,#2600,.F.);
#3493=ORIENTED_EDGE('',*,*,#2601,.T.);
#3494=ORIENTED_EDGE('',*,*,#2602,.F.);
#3495=ORIENTED_EDGE('',*,*,#2603,.F.);
#3496=ORIENTED_EDGE('',*,*,#2604,.T.);
#3497=ORIENTED_EDGE('',*,*,#2588,.T.);
#3498=ORIENTED_EDGE('',*,*,#2605,.T.);
#3499=ORIENTED_EDGE('',*,*,#2606,.F.);
#3500=ORIENTED_EDGE('',*,*,#2607,.T.);
#3501=ORIENTED_EDGE('',*,*,#2592,.T.);
#3502=ORIENTED_EDGE('',*,*,#2608,.T.);
#3503=ORIENTED_EDGE('',*,*,#2609,.F.);
#3504=ORIENTED_EDGE('',*,*,#2610,.F.);
#3505=ORIENTED_EDGE('',*,*,#2611,.F.);
#3506=ORIENTED_EDGE('',*,*,#2612,.T.);
#3507=ORIENTED_EDGE('',*,*,#2596,.T.);
#3508=ORIENTED_EDGE('',*,*,#2613,.T.);
#3509=ORIENTED_EDGE('',*,*,#2614,.F.);
#3510=ORIENTED_EDGE('',*,*,#2615,.T.);
#3511=ORIENTED_EDGE('',*,*,#2600,.T.);
#3512=ORIENTED_EDGE('',*,*,#2616,.T.);
#3513=ORIENTED_EDGE('',*,*,#2617,.F.);
#3514=ORIENTED_EDGE('',*,*,#2618,.T.);
#3515=ORIENTED_EDGE('',*,*,#2619,.T.);
#3516=ORIENTED_EDGE('',*,*,#2620,.F.);
#3517=ORIENTED_EDGE('',*,*,#2621,.T.);
#3518=ORIENTED_EDGE('',*,*,#2622,.T.);
#3519=ORIENTED_EDGE('',*,*,#2623,.F.);
#3520=ORIENTED_EDGE('',*,*,#2624,.F.);
#3521=ORIENTED_EDGE('',*,*,#2625,.T.);
#3522=ORIENTED_EDGE('',*,*,#2626,.F.);
#3523=ORIENTED_EDGE('',*,*,#2627,.F.);
#3524=ORIENTED_EDGE('',*,*,#2628,.F.);
#3525=ORIENTED_EDGE('',*,*,#2627,.T.);
#3526=ORIENTED_EDGE('',*,*,#2629,.F.);
#3527=ORIENTED_EDGE('',*,*,#2630,.F.);
#3528=ORIENTED_EDGE('',*,*,#2619,.F.);
#3529=ORIENTED_EDGE('',*,*,#2631,.T.);
#3530=ORIENTED_EDGE('',*,*,#2620,.T.);
#3531=ORIENTED_EDGE('',*,*,#2630,.T.);
#3532=ORIENTED_EDGE('',*,*,#2632,.F.);
#3533=ORIENTED_EDGE('',*,*,#2633,.F.);
#3534=ORIENTED_EDGE('',*,*,#2634,.T.);
#3535=ORIENTED_EDGE('',*,*,#2635,.F.);
#3536=ORIENTED_EDGE('',*,*,#2621,.F.);
#3537=ORIENTED_EDGE('',*,*,#2633,.T.);
#3538=ORIENTED_EDGE('',*,*,#2636,.F.);
#3539=ORIENTED_EDGE('',*,*,#2625,.F.);
#3540=ORIENTED_EDGE('',*,*,#2636,.T.);
#3541=ORIENTED_EDGE('',*,*,#2632,.T.);
#3542=ORIENTED_EDGE('',*,*,#2629,.T.);
#3543=ORIENTED_EDGE('',*,*,#2626,.T.);
#3544=ORIENTED_EDGE('',*,*,#2637,.F.);
#3545=ORIENTED_EDGE('',*,*,#2638,.T.);
#3546=ORIENTED_EDGE('',*,*,#2639,.F.);
#3547=ORIENTED_EDGE('',*,*,#2640,.F.);
#3548=ORIENTED_EDGE('',*,*,#2641,.F.);
#3549=ORIENTED_EDGE('',*,*,#2640,.T.);
#3550=ORIENTED_EDGE('',*,*,#2642,.F.);
#3551=ORIENTED_EDGE('',*,*,#2643,.F.);
#3552=ORIENTED_EDGE('',*,*,#2644,.F.);
#3553=ORIENTED_EDGE('',*,*,#2643,.T.);
#3554=ORIENTED_EDGE('',*,*,#2645,.F.);
#3555=ORIENTED_EDGE('',*,*,#2646,.F.);
#3556=ORIENTED_EDGE('',*,*,#2608,.F.);
#3557=ORIENTED_EDGE('',*,*,#2595,.T.);
#3558=ORIENTED_EDGE('',*,*,#2609,.T.);
#3559=ORIENTED_EDGE('',*,*,#2646,.T.);
#3560=ORIENTED_EDGE('',*,*,#2647,.F.);
#3561=ORIENTED_EDGE('',*,*,#2648,.F.);
#3562=ORIENTED_EDGE('',*,*,#2610,.T.);
#3563=ORIENTED_EDGE('',*,*,#2648,.T.);
#3564=ORIENTED_EDGE('',*,*,#2649,.F.);
#3565=ORIENTED_EDGE('',*,*,#2650,.F.);
#3566=ORIENTED_EDGE('',*,*,#2611,.T.);
#3567=ORIENTED_EDGE('',*,*,#2650,.T.);
#3568=ORIENTED_EDGE('',*,*,#2651,.F.);
#3569=ORIENTED_EDGE('',*,*,#2652,.F.);
#3570=ORIENTED_EDGE('',*,*,#2653,.T.);
#3571=ORIENTED_EDGE('',*,*,#2597,.F.);
#3572=ORIENTED_EDGE('',*,*,#2612,.F.);
#3573=ORIENTED_EDGE('',*,*,#2652,.T.);
#3574=ORIENTED_EDGE('',*,*,#2654,.F.);
#3575=ORIENTED_EDGE('',*,*,#2655,.F.);
#3576=ORIENTED_EDGE('',*,*,#2656,.F.);
#3577=ORIENTED_EDGE('',*,*,#2655,.T.);
#3578=ORIENTED_EDGE('',*,*,#2657,.F.);
#3579=ORIENTED_EDGE('',*,*,#2638,.F.);
#3580=ORIENTED_EDGE('',*,*,#2657,.T.);
#3581=ORIENTED_EDGE('',*,*,#2654,.T.);
#3582=ORIENTED_EDGE('',*,*,#2651,.T.);
#3583=ORIENTED_EDGE('',*,*,#2649,.T.);
#3584=ORIENTED_EDGE('',*,*,#2647,.T.);
#3585=ORIENTED_EDGE('',*,*,#2645,.T.);
#3586=ORIENTED_EDGE('',*,*,#2642,.T.);
#3587=ORIENTED_EDGE('',*,*,#2639,.T.);
#3588=ORIENTED_EDGE('',*,*,#2658,.F.);
#3589=ORIENTED_EDGE('',*,*,#2659,.T.);
#3590=ORIENTED_EDGE('',*,*,#2660,.F.);
#3591=ORIENTED_EDGE('',*,*,#2661,.F.);
#3592=ORIENTED_EDGE('',*,*,#2662,.F.);
#3593=ORIENTED_EDGE('',*,*,#2661,.T.);
#3594=ORIENTED_EDGE('',*,*,#2663,.F.);
#3595=ORIENTED_EDGE('',*,*,#2664,.F.);
#3596=ORIENTED_EDGE('',*,*,#2605,.F.);
#3597=ORIENTED_EDGE('',*,*,#2591,.T.);
#3598=ORIENTED_EDGE('',*,*,#2606,.T.);
#3599=ORIENTED_EDGE('',*,*,#2664,.T.);
#3600=ORIENTED_EDGE('',*,*,#2665,.F.);
#3601=ORIENTED_EDGE('',*,*,#2666,.F.);
#3602=ORIENTED_EDGE('',*,*,#2667,.T.);
#3603=ORIENTED_EDGE('',*,*,#2593,.F.);
#3604=ORIENTED_EDGE('',*,*,#2607,.F.);
#3605=ORIENTED_EDGE('',*,*,#2666,.T.);
#3606=ORIENTED_EDGE('',*,*,#2668,.F.);
#3607=ORIENTED_EDGE('',*,*,#2659,.F.);
#3608=ORIENTED_EDGE('',*,*,#2668,.T.);
#3609=ORIENTED_EDGE('',*,*,#2665,.T.);
#3610=ORIENTED_EDGE('',*,*,#2663,.T.);
#3611=ORIENTED_EDGE('',*,*,#2660,.T.);
#3612=ORIENTED_EDGE('',*,*,#2669,.F.);
#3613=ORIENTED_EDGE('',*,*,#2670,.T.);
#3614=ORIENTED_EDGE('',*,*,#2671,.F.);
#3615=ORIENTED_EDGE('',*,*,#2672,.F.);
#3616=ORIENTED_EDGE('',*,*,#2673,.F.);
#3617=ORIENTED_EDGE('',*,*,#2672,.T.);
#3618=ORIENTED_EDGE('',*,*,#2674,.F.);
#3619=ORIENTED_EDGE('',*,*,#2675,.F.);
#3620=ORIENTED_EDGE('',*,*,#2613,.F.);
#3621=ORIENTED_EDGE('',*,*,#2599,.T.);
#3622=ORIENTED_EDGE('',*,*,#2614,.T.);
#3623=ORIENTED_EDGE('',*,*,#2675,.T.);
#3624=ORIENTED_EDGE('',*,*,#2676,.F.);
#3625=ORIENTED_EDGE('',*,*,#2677,.F.);
#3626=ORIENTED_EDGE('',*,*,#2678,.T.);
#3627=ORIENTED_EDGE('',*,*,#2601,.F.);
#3628=ORIENTED_EDGE('',*,*,#2615,.F.);
#3629=ORIENTED_EDGE('',*,*,#2677,.T.);
#3630=ORIENTED_EDGE('',*,*,#2679,.F.);
#3631=ORIENTED_EDGE('',*,*,#2670,.F.);
#3632=ORIENTED_EDGE('',*,*,#2679,.T.);
#3633=ORIENTED_EDGE('',*,*,#2676,.T.);
#3634=ORIENTED_EDGE('',*,*,#2674,.T.);
#3635=ORIENTED_EDGE('',*,*,#2671,.T.);
#3636=ORIENTED_EDGE('',*,*,#2680,.F.);
#3637=ORIENTED_EDGE('',*,*,#2681,.T.);
#3638=ORIENTED_EDGE('',*,*,#2682,.F.);
#3639=ORIENTED_EDGE('',*,*,#2683,.F.);
#3640=ORIENTED_EDGE('',*,*,#2684,.F.);
#3641=ORIENTED_EDGE('',*,*,#2683,.T.);
#3642=ORIENTED_EDGE('',*,*,#2685,.F.);
#3643=ORIENTED_EDGE('',*,*,#2686,.F.);
#3644=ORIENTED_EDGE('',*,*,#2616,.F.);
#3645=ORIENTED_EDGE('',*,*,#2603,.T.);
#3646=ORIENTED_EDGE('',*,*,#2617,.T.);
#3647=ORIENTED_EDGE('',*,*,#2686,.T.);
#3648=ORIENTED_EDGE('',*,*,#2687,.F.);
#3649=ORIENTED_EDGE('',*,*,#2688,.F.);
#3650=ORIENTED_EDGE('',*,*,#2689,.T.);
#3651=ORIENTED_EDGE('',*,*,#2631,.F.);
#3652=ORIENTED_EDGE('',*,*,#2618,.F.);
#3653=ORIENTED_EDGE('',*,*,#2688,.T.);
#3654=ORIENTED_EDGE('',*,*,#2690,.F.);
#3655=ORIENTED_EDGE('',*,*,#2681,.F.);
#3656=ORIENTED_EDGE('',*,*,#2690,.T.);
#3657=ORIENTED_EDGE('',*,*,#2687,.T.);
#3658=ORIENTED_EDGE('',*,*,#2685,.T.);
#3659=ORIENTED_EDGE('',*,*,#2682,.T.);
#3660=ORIENTED_EDGE('',*,*,#2691,.F.);
#3661=ORIENTED_EDGE('',*,*,#2692,.T.);
#3662=ORIENTED_EDGE('',*,*,#2693,.F.);
#3663=ORIENTED_EDGE('',*,*,#2694,.F.);
#3664=ORIENTED_EDGE('',*,*,#2695,.F.);
#3665=ORIENTED_EDGE('',*,*,#2694,.T.);
#3666=ORIENTED_EDGE('',*,*,#2696,.F.);
#3667=ORIENTED_EDGE('',*,*,#2697,.F.);
#3668=ORIENTED_EDGE('',*,*,#2622,.F.);
#3669=ORIENTED_EDGE('',*,*,#2635,.T.);
#3670=ORIENTED_EDGE('',*,*,#2623,.T.);
#3671=ORIENTED_EDGE('',*,*,#2697,.T.);
#3672=ORIENTED_EDGE('',*,*,#2698,.F.);
#3673=ORIENTED_EDGE('',*,*,#2699,.F.);
#3674=ORIENTED_EDGE('',*,*,#2700,.T.);
#3675=ORIENTED_EDGE('',*,*,#2589,.F.);
#3676=ORIENTED_EDGE('',*,*,#2604,.F.);
#3677=ORIENTED_EDGE('',*,*,#2699,.T.);
#3678=ORIENTED_EDGE('',*,*,#2701,.F.);
#3679=ORIENTED_EDGE('',*,*,#2692,.F.);
#3680=ORIENTED_EDGE('',*,*,#2701,.T.);
#3681=ORIENTED_EDGE('',*,*,#2698,.T.);
#3682=ORIENTED_EDGE('',*,*,#2696,.T.);
#3683=ORIENTED_EDGE('',*,*,#2693,.T.);
#3684=ORIENTED_EDGE('',*,*,#2700,.F.);
#3685=ORIENTED_EDGE('',*,*,#2691,.T.);
#3686=ORIENTED_EDGE('',*,*,#2695,.T.);
#3687=ORIENTED_EDGE('',*,*,#2634,.F.);
#3688=ORIENTED_EDGE('',*,*,#2624,.T.);
#3689=ORIENTED_EDGE('',*,*,#2628,.T.);
#3690=ORIENTED_EDGE('',*,*,#2689,.F.);
#3691=ORIENTED_EDGE('',*,*,#2680,.T.);
#3692=ORIENTED_EDGE('',*,*,#2684,.T.);
#3693=ORIENTED_EDGE('',*,*,#2602,.T.);
#3694=ORIENTED_EDGE('',*,*,#2678,.F.);
#3695=ORIENTED_EDGE('',*,*,#2669,.T.);
#3696=ORIENTED_EDGE('',*,*,#2673,.T.);
#3697=ORIENTED_EDGE('',*,*,#2598,.T.);
#3698=ORIENTED_EDGE('',*,*,#2653,.F.);
#3699=ORIENTED_EDGE('',*,*,#2656,.T.);
#3700=ORIENTED_EDGE('',*,*,#2637,.T.);
#3701=ORIENTED_EDGE('',*,*,#2641,.T.);
#3702=ORIENTED_EDGE('',*,*,#2644,.T.);
#3703=ORIENTED_EDGE('',*,*,#2594,.T.);
#3704=ORIENTED_EDGE('',*,*,#2667,.F.);
#3705=ORIENTED_EDGE('',*,*,#2658,.T.);
#3706=ORIENTED_EDGE('',*,*,#2662,.T.);
#3707=ORIENTED_EDGE('',*,*,#2590,.T.);
#3708=ORIENTED_EDGE('',*,*,#2702,.F.);
#3709=ORIENTED_EDGE('',*,*,#2703,.F.);
#3710=ORIENTED_EDGE('',*,*,#2704,.F.);
#3711=ORIENTED_EDGE('',*,*,#2705,.F.);
#3712=ORIENTED_EDGE('',*,*,#2706,.F.);
#3713=ORIENTED_EDGE('',*,*,#2707,.F.);
#3714=ORIENTED_EDGE('',*,*,#2708,.F.);
#3715=ORIENTED_EDGE('',*,*,#2709,.F.);
#3716=ORIENTED_EDGE('',*,*,#2710,.F.);
#3717=ORIENTED_EDGE('',*,*,#2711,.F.);
#3718=ORIENTED_EDGE('',*,*,#2712,.F.);
#3719=ORIENTED_EDGE('',*,*,#2713,.F.);
#3720=ORIENTED_EDGE('',*,*,#2708,.T.);
#3721=ORIENTED_EDGE('',*,*,#2714,.T.);
#3722=ORIENTED_EDGE('',*,*,#2715,.F.);
#3723=ORIENTED_EDGE('',*,*,#2716,.F.);
#3724=ORIENTED_EDGE('',*,*,#2707,.T.);
#3725=ORIENTED_EDGE('',*,*,#2717,.F.);
#3726=ORIENTED_EDGE('',*,*,#2718,.F.);
#3727=ORIENTED_EDGE('',*,*,#2714,.F.);
#3728=ORIENTED_EDGE('',*,*,#2706,.T.);
#3729=ORIENTED_EDGE('',*,*,#2719,.T.);
#3730=ORIENTED_EDGE('',*,*,#2720,.F.);
#3731=ORIENTED_EDGE('',*,*,#2717,.T.);
#3732=ORIENTED_EDGE('',*,*,#2705,.T.);
#3733=ORIENTED_EDGE('',*,*,#2721,.T.);
#3734=ORIENTED_EDGE('',*,*,#2722,.F.);
#3735=ORIENTED_EDGE('',*,*,#2719,.F.);
#3736=ORIENTED_EDGE('',*,*,#2704,.T.);
#3737=ORIENTED_EDGE('',*,*,#2723,.T.);
#3738=ORIENTED_EDGE('',*,*,#2724,.F.);
#3739=ORIENTED_EDGE('',*,*,#2721,.F.);
#3740=ORIENTED_EDGE('',*,*,#2703,.T.);
#3741=ORIENTED_EDGE('',*,*,#2725,.T.);
#3742=ORIENTED_EDGE('',*,*,#2726,.F.);
#3743=ORIENTED_EDGE('',*,*,#2723,.F.);
#3744=ORIENTED_EDGE('',*,*,#2727,.F.);
#3745=ORIENTED_EDGE('',*,*,#2728,.F.);
#3746=ORIENTED_EDGE('',*,*,#2729,.F.);
#3747=ORIENTED_EDGE('',*,*,#2730,.F.);
#3748=ORIENTED_EDGE('',*,*,#2729,.T.);
#3749=ORIENTED_EDGE('',*,*,#2731,.F.);
#3750=ORIENTED_EDGE('',*,*,#2732,.T.);
#3751=ORIENTED_EDGE('',*,*,#2733,.T.);
#3752=ORIENTED_EDGE('',*,*,#2728,.T.);
#3753=ORIENTED_EDGE('',*,*,#2734,.F.);
#3754=ORIENTED_EDGE('',*,*,#2735,.T.);
#3755=ORIENTED_EDGE('',*,*,#2731,.T.);
#3756=ORIENTED_EDGE('',*,*,#2736,.F.);
#3757=ORIENTED_EDGE('',*,*,#2737,.F.);
#3758=ORIENTED_EDGE('',*,*,#2738,.F.);
#3759=ORIENTED_EDGE('',*,*,#2739,.F.);
#3760=ORIENTED_EDGE('',*,*,#2738,.T.);
#3761=ORIENTED_EDGE('',*,*,#2740,.T.);
#3762=ORIENTED_EDGE('',*,*,#2741,.T.);
#3763=ORIENTED_EDGE('',*,*,#2742,.T.);
#3764=ORIENTED_EDGE('',*,*,#2737,.T.);
#3765=ORIENTED_EDGE('',*,*,#2743,.F.);
#3766=ORIENTED_EDGE('',*,*,#2744,.T.);
#3767=ORIENTED_EDGE('',*,*,#2740,.F.);
#3768=ORIENTED_EDGE('',*,*,#2709,.T.);
#3769=ORIENTED_EDGE('',*,*,#2716,.T.);
#3770=ORIENTED_EDGE('',*,*,#2745,.F.);
#3771=ORIENTED_EDGE('',*,*,#2746,.F.);
#3772=ORIENTED_EDGE('',*,*,#2736,.T.);
#3773=ORIENTED_EDGE('',*,*,#2747,.F.);
#3774=ORIENTED_EDGE('',*,*,#2748,.T.);
#3775=ORIENTED_EDGE('',*,*,#2743,.T.);
#3776=ORIENTED_EDGE('',*,*,#2739,.T.);
#3777=ORIENTED_EDGE('',*,*,#2742,.F.);
#3778=ORIENTED_EDGE('',*,*,#2749,.T.);
#3779=ORIENTED_EDGE('',*,*,#2747,.T.);
#3780=ORIENTED_EDGE('',*,*,#2710,.T.);
#3781=ORIENTED_EDGE('',*,*,#2746,.T.);
#3782=ORIENTED_EDGE('',*,*,#2750,.F.);
#3783=ORIENTED_EDGE('',*,*,#2751,.F.);
#3784=ORIENTED_EDGE('',*,*,#2713,.T.);
#3785=ORIENTED_EDGE('',*,*,#2752,.F.);
#3786=ORIENTED_EDGE('',*,*,#2753,.F.);
#3787=ORIENTED_EDGE('',*,*,#2754,.F.);
#3788=ORIENTED_EDGE('',*,*,#2702,.T.);
#3789=ORIENTED_EDGE('',*,*,#2754,.T.);
#3790=ORIENTED_EDGE('',*,*,#2755,.F.);
#3791=ORIENTED_EDGE('',*,*,#2725,.F.);
#3792=ORIENTED_EDGE('',*,*,#2730,.T.);
#3793=ORIENTED_EDGE('',*,*,#2733,.F.);
#3794=ORIENTED_EDGE('',*,*,#2756,.T.);
#3795=ORIENTED_EDGE('',*,*,#2757,.F.);
#3796=ORIENTED_EDGE('',*,*,#2712,.T.);
#3797=ORIENTED_EDGE('',*,*,#2758,.T.);
#3798=ORIENTED_EDGE('',*,*,#2759,.F.);
#3799=ORIENTED_EDGE('',*,*,#2752,.T.);
#3800=ORIENTED_EDGE('',*,*,#2727,.T.);
#3801=ORIENTED_EDGE('',*,*,#2757,.T.);
#3802=ORIENTED_EDGE('',*,*,#2760,.T.);
#3803=ORIENTED_EDGE('',*,*,#2734,.T.);
#3804=ORIENTED_EDGE('',*,*,#2711,.T.);
#3805=ORIENTED_EDGE('',*,*,#2751,.T.);
#3806=ORIENTED_EDGE('',*,*,#2761,.F.);
#3807=ORIENTED_EDGE('',*,*,#2758,.F.);
#3808=ORIENTED_EDGE('',*,*,#2762,.F.);
#3809=ORIENTED_EDGE('',*,*,#2763,.T.);
#3810=ORIENTED_EDGE('',*,*,#2764,.F.);
#3811=ORIENTED_EDGE('',*,*,#2765,.F.);
#3812=ORIENTED_EDGE('',*,*,#2766,.F.);
#3813=ORIENTED_EDGE('',*,*,#2765,.T.);
#3814=ORIENTED_EDGE('',*,*,#2767,.F.);
#3815=ORIENTED_EDGE('',*,*,#2768,.F.);
#3816=ORIENTED_EDGE('',*,*,#2769,.F.);
#3817=ORIENTED_EDGE('',*,*,#2768,.T.);
#3818=ORIENTED_EDGE('',*,*,#2770,.F.);
#3819=ORIENTED_EDGE('',*,*,#2771,.F.);
#3820=ORIENTED_EDGE('',*,*,#2772,.F.);
#3821=ORIENTED_EDGE('',*,*,#2771,.T.);
#3822=ORIENTED_EDGE('',*,*,#2773,.F.);
#3823=ORIENTED_EDGE('',*,*,#2763,.F.);
#3824=ORIENTED_EDGE('',*,*,#2773,.T.);
#3825=ORIENTED_EDGE('',*,*,#2770,.T.);
#3826=ORIENTED_EDGE('',*,*,#2767,.T.);
#3827=ORIENTED_EDGE('',*,*,#2764,.T.);
#3828=ORIENTED_EDGE('',*,*,#2720,.T.);
#3829=ORIENTED_EDGE('',*,*,#2722,.T.);
#3830=ORIENTED_EDGE('',*,*,#2724,.T.);
#3831=ORIENTED_EDGE('',*,*,#2726,.T.);
#3832=ORIENTED_EDGE('',*,*,#2755,.T.);
#3833=ORIENTED_EDGE('',*,*,#2753,.T.);
#3834=ORIENTED_EDGE('',*,*,#2759,.T.);
#3835=ORIENTED_EDGE('',*,*,#2761,.T.);
#3836=ORIENTED_EDGE('',*,*,#2750,.T.);
#3837=ORIENTED_EDGE('',*,*,#2745,.T.);
#3838=ORIENTED_EDGE('',*,*,#2715,.T.);
#3839=ORIENTED_EDGE('',*,*,#2718,.T.);
#3840=ORIENTED_EDGE('',*,*,#2772,.T.);
#3841=ORIENTED_EDGE('',*,*,#2762,.T.);
#3842=ORIENTED_EDGE('',*,*,#2766,.T.);
#3843=ORIENTED_EDGE('',*,*,#2769,.T.);
#3844=ORIENTED_EDGE('',*,*,#2741,.F.);
#3845=ORIENTED_EDGE('',*,*,#2744,.F.);
#3846=ORIENTED_EDGE('',*,*,#2748,.F.);
#3847=ORIENTED_EDGE('',*,*,#2749,.F.);
#3848=ORIENTED_EDGE('',*,*,#2756,.F.);
#3849=ORIENTED_EDGE('',*,*,#2732,.F.);
#3850=ORIENTED_EDGE('',*,*,#2735,.F.);
#3851=ORIENTED_EDGE('',*,*,#2760,.F.);
#3852=ORIENTED_EDGE('',*,*,#2774,.F.);
#3853=ORIENTED_EDGE('',*,*,#2775,.T.);
#3854=ORIENTED_EDGE('',*,*,#2776,.F.);
#3855=ORIENTED_EDGE('',*,*,#2777,.F.);
#3856=ORIENTED_EDGE('',*,*,#2778,.F.);
#3857=ORIENTED_EDGE('',*,*,#2779,.T.);
#3858=ORIENTED_EDGE('',*,*,#2780,.F.);
#3859=ORIENTED_EDGE('',*,*,#2775,.F.);
#3860=ORIENTED_EDGE('',*,*,#2781,.F.);
#3861=ORIENTED_EDGE('',*,*,#2782,.T.);
#3862=ORIENTED_EDGE('',*,*,#2783,.F.);
#3863=ORIENTED_EDGE('',*,*,#2779,.F.);
#3864=ORIENTED_EDGE('',*,*,#2784,.F.);
#3865=ORIENTED_EDGE('',*,*,#2777,.T.);
#3866=ORIENTED_EDGE('',*,*,#2785,.F.);
#3867=ORIENTED_EDGE('',*,*,#2782,.F.);
#3868=ORIENTED_EDGE('',*,*,#2786,.T.);
#3869=ORIENTED_EDGE('',*,*,#2787,.T.);
#3870=ORIENTED_EDGE('',*,*,#2788,.F.);
#3871=ORIENTED_EDGE('',*,*,#2789,.F.);
#3872=ORIENTED_EDGE('',*,*,#2790,.T.);
#3873=ORIENTED_EDGE('',*,*,#2789,.T.);
#3874=ORIENTED_EDGE('',*,*,#2791,.F.);
#3875=ORIENTED_EDGE('',*,*,#2792,.F.);
#3876=ORIENTED_EDGE('',*,*,#2793,.T.);
#3877=ORIENTED_EDGE('',*,*,#2792,.T.);
#3878=ORIENTED_EDGE('',*,*,#2794,.F.);
#3879=ORIENTED_EDGE('',*,*,#2795,.F.);
#3880=ORIENTED_EDGE('',*,*,#2796,.T.);
#3881=ORIENTED_EDGE('',*,*,#2795,.T.);
#3882=ORIENTED_EDGE('',*,*,#2797,.F.);
#3883=ORIENTED_EDGE('',*,*,#2787,.F.);
#3884=ORIENTED_EDGE('',*,*,#2796,.F.);
#3885=ORIENTED_EDGE('',*,*,#2786,.F.);
#3886=ORIENTED_EDGE('',*,*,#2790,.F.);
#3887=ORIENTED_EDGE('',*,*,#2793,.F.);
#3888=ORIENTED_EDGE('',*,*,#2774,.T.);
#3889=ORIENTED_EDGE('',*,*,#2784,.T.);
#3890=ORIENTED_EDGE('',*,*,#2781,.T.);
#3891=ORIENTED_EDGE('',*,*,#2778,.T.);
#3892=ORIENTED_EDGE('',*,*,#2797,.T.);
#3893=ORIENTED_EDGE('',*,*,#2794,.T.);
#3894=ORIENTED_EDGE('',*,*,#2791,.T.);
#3895=ORIENTED_EDGE('',*,*,#2788,.T.);
#3896=ORIENTED_EDGE('',*,*,#2776,.T.);
#3897=ORIENTED_EDGE('',*,*,#2780,.T.);
#3898=ORIENTED_EDGE('',*,*,#2783,.T.);
#3899=ORIENTED_EDGE('',*,*,#2785,.T.);
#3900=ORIENTED_EDGE('',*,*,#2798,.T.);
#3901=ORIENTED_EDGE('',*,*,#2799,.T.);
#3902=ORIENTED_EDGE('',*,*,#2800,.T.);
#3903=ORIENTED_EDGE('',*,*,#2801,.T.);
#3904=ORIENTED_EDGE('',*,*,#2802,.T.);
#3905=ORIENTED_EDGE('',*,*,#2803,.F.);
#3906=ORIENTED_EDGE('',*,*,#2804,.T.);
#3907=ORIENTED_EDGE('',*,*,#2805,.F.);
#3908=ORIENTED_EDGE('',*,*,#2806,.F.);
#3909=ORIENTED_EDGE('',*,*,#2807,.F.);
#3910=ORIENTED_EDGE('',*,*,#2806,.T.);
#3911=ORIENTED_EDGE('',*,*,#2808,.F.);
#3912=ORIENTED_EDGE('',*,*,#2809,.F.);
#3913=ORIENTED_EDGE('',*,*,#2810,.F.);
#3914=ORIENTED_EDGE('',*,*,#2809,.T.);
#3915=ORIENTED_EDGE('',*,*,#2811,.F.);
#3916=ORIENTED_EDGE('',*,*,#2812,.F.);
#3917=ORIENTED_EDGE('',*,*,#2813,.F.);
#3918=ORIENTED_EDGE('',*,*,#2812,.T.);
#3919=ORIENTED_EDGE('',*,*,#2814,.F.);
#3920=ORIENTED_EDGE('',*,*,#2815,.F.);
#3921=ORIENTED_EDGE('',*,*,#2816,.F.);
#3922=ORIENTED_EDGE('',*,*,#2815,.T.);
#3923=ORIENTED_EDGE('',*,*,#2817,.F.);
#3924=ORIENTED_EDGE('',*,*,#2818,.F.);
#3925=ORIENTED_EDGE('',*,*,#2819,.F.);
#3926=ORIENTED_EDGE('',*,*,#2818,.T.);
#3927=ORIENTED_EDGE('',*,*,#2820,.F.);
#3928=ORIENTED_EDGE('',*,*,#2821,.F.);
#3929=ORIENTED_EDGE('',*,*,#2822,.F.);
#3930=ORIENTED_EDGE('',*,*,#2821,.T.);
#3931=ORIENTED_EDGE('',*,*,#2823,.F.);
#3932=ORIENTED_EDGE('',*,*,#2824,.F.);
#3933=ORIENTED_EDGE('',*,*,#2825,.F.);
#3934=ORIENTED_EDGE('',*,*,#2824,.T.);
#3935=ORIENTED_EDGE('',*,*,#2826,.F.);
#3936=ORIENTED_EDGE('',*,*,#2827,.F.);
#3937=ORIENTED_EDGE('',*,*,#2828,.F.);
#3938=ORIENTED_EDGE('',*,*,#2827,.T.);
#3939=ORIENTED_EDGE('',*,*,#2829,.F.);
#3940=ORIENTED_EDGE('',*,*,#2830,.F.);
#3941=ORIENTED_EDGE('',*,*,#2831,.F.);
#3942=ORIENTED_EDGE('',*,*,#2830,.T.);
#3943=ORIENTED_EDGE('',*,*,#2832,.F.);
#3944=ORIENTED_EDGE('',*,*,#2833,.F.);
#3945=ORIENTED_EDGE('',*,*,#2834,.F.);
#3946=ORIENTED_EDGE('',*,*,#2833,.T.);
#3947=ORIENTED_EDGE('',*,*,#2835,.F.);
#3948=ORIENTED_EDGE('',*,*,#2836,.F.);
#3949=ORIENTED_EDGE('',*,*,#2837,.T.);
#3950=ORIENTED_EDGE('',*,*,#2838,.T.);
#3951=ORIENTED_EDGE('',*,*,#2839,.F.);
#3952=ORIENTED_EDGE('',*,*,#2840,.T.);
#3953=ORIENTED_EDGE('',*,*,#2841,.F.);
#3954=ORIENTED_EDGE('',*,*,#2840,.F.);
#3955=ORIENTED_EDGE('',*,*,#2842,.F.);
#3956=ORIENTED_EDGE('',*,*,#2804,.F.);
#3957=ORIENTED_EDGE('',*,*,#2836,.T.);
#3958=ORIENTED_EDGE('',*,*,#2843,.F.);
#3959=ORIENTED_EDGE('',*,*,#2844,.T.);
#3960=ORIENTED_EDGE('',*,*,#2801,.F.);
#3961=ORIENTED_EDGE('',*,*,#2845,.F.);
#3962=ORIENTED_EDGE('',*,*,#2846,.T.);
#3963=ORIENTED_EDGE('',*,*,#2843,.T.);
#3964=ORIENTED_EDGE('',*,*,#2835,.T.);
#3965=ORIENTED_EDGE('',*,*,#2832,.T.);
#3966=ORIENTED_EDGE('',*,*,#2829,.T.);
#3967=ORIENTED_EDGE('',*,*,#2826,.T.);
#3968=ORIENTED_EDGE('',*,*,#2823,.T.);
#3969=ORIENTED_EDGE('',*,*,#2820,.T.);
#3970=ORIENTED_EDGE('',*,*,#2817,.T.);
#3971=ORIENTED_EDGE('',*,*,#2814,.T.);
#3972=ORIENTED_EDGE('',*,*,#2811,.T.);
#3973=ORIENTED_EDGE('',*,*,#2808,.T.);
#3974=ORIENTED_EDGE('',*,*,#2805,.T.);
#3975=ORIENTED_EDGE('',*,*,#2842,.T.);
#3976=ORIENTED_EDGE('',*,*,#2839,.T.);
#3977=ORIENTED_EDGE('',*,*,#2847,.T.);
#3978=ORIENTED_EDGE('',*,*,#2848,.T.);
#3979=ORIENTED_EDGE('',*,*,#2849,.T.);
#3980=ORIENTED_EDGE('',*,*,#2802,.F.);
#3981=ORIENTED_EDGE('',*,*,#2844,.F.);
#3982=ORIENTED_EDGE('',*,*,#2847,.F.);
#3983=ORIENTED_EDGE('',*,*,#2838,.F.);
#3984=ORIENTED_EDGE('',*,*,#2849,.F.);
#3985=ORIENTED_EDGE('',*,*,#2850,.T.);
#3986=ORIENTED_EDGE('',*,*,#2851,.T.);
#3987=ORIENTED_EDGE('',*,*,#2798,.F.);
#3988=ORIENTED_EDGE('',*,*,#2852,.T.);
#3989=ORIENTED_EDGE('',*,*,#2853,.T.);
#3990=ORIENTED_EDGE('',*,*,#2799,.F.);
#3991=ORIENTED_EDGE('',*,*,#2851,.F.);
#3992=ORIENTED_EDGE('',*,*,#2854,.F.);
#3993=ORIENTED_EDGE('',*,*,#2845,.T.);
#3994=ORIENTED_EDGE('',*,*,#2800,.F.);
#3995=ORIENTED_EDGE('',*,*,#2853,.F.);
#3996=ORIENTED_EDGE('',*,*,#2846,.F.);
#3997=ORIENTED_EDGE('',*,*,#2854,.T.);
#3998=ORIENTED_EDGE('',*,*,#2852,.F.);
#3999=ORIENTED_EDGE('',*,*,#2850,.F.);
#4000=ORIENTED_EDGE('',*,*,#2848,.F.);
#4001=ORIENTED_EDGE('',*,*,#2837,.F.);
#4002=ORIENTED_EDGE('',*,*,#2841,.T.);
#4003=ORIENTED_EDGE('',*,*,#2803,.T.);
#4004=ORIENTED_EDGE('',*,*,#2807,.T.);
#4005=ORIENTED_EDGE('',*,*,#2810,.T.);
#4006=ORIENTED_EDGE('',*,*,#2813,.T.);
#4007=ORIENTED_EDGE('',*,*,#2816,.T.);
#4008=ORIENTED_EDGE('',*,*,#2819,.T.);
#4009=ORIENTED_EDGE('',*,*,#2822,.T.);
#4010=ORIENTED_EDGE('',*,*,#2825,.T.);
#4011=ORIENTED_EDGE('',*,*,#2828,.T.);
#4012=ORIENTED_EDGE('',*,*,#2831,.T.);
#4013=ORIENTED_EDGE('',*,*,#2834,.T.);
#4014=ORIENTED_EDGE('',*,*,#2855,.F.);
#4015=ORIENTED_EDGE('',*,*,#2856,.F.);
#4016=ORIENTED_EDGE('',*,*,#2857,.F.);
#4017=ORIENTED_EDGE('',*,*,#2858,.F.);
#4018=ORIENTED_EDGE('',*,*,#2859,.F.);
#4019=ORIENTED_EDGE('',*,*,#2858,.T.);
#4020=ORIENTED_EDGE('',*,*,#2860,.F.);
#4021=ORIENTED_EDGE('',*,*,#2861,.F.);
#4022=ORIENTED_EDGE('',*,*,#2860,.T.);
#4023=ORIENTED_EDGE('',*,*,#2857,.T.);
#4024=ORIENTED_EDGE('',*,*,#2862,.F.);
#4025=ORIENTED_EDGE('',*,*,#2863,.T.);
#4026=ORIENTED_EDGE('',*,*,#2864,.T.);
#4027=ORIENTED_EDGE('',*,*,#2865,.T.);
#4028=ORIENTED_EDGE('',*,*,#2866,.T.);
#4029=ORIENTED_EDGE('',*,*,#2867,.T.);
#4030=ORIENTED_EDGE('',*,*,#2868,.T.);
#4031=ORIENTED_EDGE('',*,*,#2869,.T.);
#4032=ORIENTED_EDGE('',*,*,#2870,.T.);
#4033=ORIENTED_EDGE('',*,*,#2871,.T.);
#4034=ORIENTED_EDGE('',*,*,#2872,.T.);
#4035=ORIENTED_EDGE('',*,*,#2873,.T.);
#4036=ORIENTED_EDGE('',*,*,#2874,.T.);
#4037=ORIENTED_EDGE('',*,*,#2875,.F.);
#4038=ORIENTED_EDGE('',*,*,#2876,.T.);
#4039=ORIENTED_EDGE('',*,*,#2877,.F.);
#4040=ORIENTED_EDGE('',*,*,#2878,.F.);
#4041=ORIENTED_EDGE('',*,*,#2863,.F.);
#4042=ORIENTED_EDGE('',*,*,#2879,.F.);
#4043=ORIENTED_EDGE('',*,*,#2880,.F.);
#4044=ORIENTED_EDGE('',*,*,#2881,.T.);
#4045=ORIENTED_EDGE('',*,*,#2882,.T.);
#4046=ORIENTED_EDGE('',*,*,#2883,.F.);
#4047=ORIENTED_EDGE('',*,*,#2884,.F.);
#4048=ORIENTED_EDGE('',*,*,#2885,.F.);
#4049=ORIENTED_EDGE('',*,*,#2886,.T.);
#4050=ORIENTED_EDGE('',*,*,#2887,.F.);
#4051=ORIENTED_EDGE('',*,*,#2881,.F.);
#4052=ORIENTED_EDGE('',*,*,#2888,.F.);
#4053=ORIENTED_EDGE('',*,*,#2889,.T.);
#4054=ORIENTED_EDGE('',*,*,#2865,.F.);
#4055=ORIENTED_EDGE('',*,*,#2886,.F.);
#4056=ORIENTED_EDGE('',*,*,#2890,.F.);
#4057=ORIENTED_EDGE('',*,*,#2891,.T.);
#4058=ORIENTED_EDGE('',*,*,#2866,.F.);
#4059=ORIENTED_EDGE('',*,*,#2889,.F.);
#4060=ORIENTED_EDGE('',*,*,#2892,.F.);
#4061=ORIENTED_EDGE('',*,*,#2893,.T.);
#4062=ORIENTED_EDGE('',*,*,#2867,.F.);
#4063=ORIENTED_EDGE('',*,*,#2891,.F.);
#4064=ORIENTED_EDGE('',*,*,#2894,.F.);
#4065=ORIENTED_EDGE('',*,*,#2895,.T.);
#4066=ORIENTED_EDGE('',*,*,#2868,.F.);
#4067=ORIENTED_EDGE('',*,*,#2893,.F.);
#4068=ORIENTED_EDGE('',*,*,#2896,.F.);
#4069=ORIENTED_EDGE('',*,*,#2897,.T.);
#4070=ORIENTED_EDGE('',*,*,#2869,.F.);
#4071=ORIENTED_EDGE('',*,*,#2895,.F.);
#4072=ORIENTED_EDGE('',*,*,#2898,.F.);
#4073=ORIENTED_EDGE('',*,*,#2899,.T.);
#4074=ORIENTED_EDGE('',*,*,#2870,.F.);
#4075=ORIENTED_EDGE('',*,*,#2897,.F.);
#4076=ORIENTED_EDGE('',*,*,#2900,.F.);
#4077=ORIENTED_EDGE('',*,*,#2901,.T.);
#4078=ORIENTED_EDGE('',*,*,#2871,.F.);
#4079=ORIENTED_EDGE('',*,*,#2899,.F.);
#4080=ORIENTED_EDGE('',*,*,#2902,.F.);
#4081=ORIENTED_EDGE('',*,*,#2903,.T.);
#4082=ORIENTED_EDGE('',*,*,#2872,.F.);
#4083=ORIENTED_EDGE('',*,*,#2901,.F.);
#4084=ORIENTED_EDGE('',*,*,#2904,.F.);
#4085=ORIENTED_EDGE('',*,*,#2905,.T.);
#4086=ORIENTED_EDGE('',*,*,#2873,.F.);
#4087=ORIENTED_EDGE('',*,*,#2903,.F.);
#4088=ORIENTED_EDGE('',*,*,#2906,.F.);
#4089=ORIENTED_EDGE('',*,*,#2861,.T.);
#4090=ORIENTED_EDGE('',*,*,#2874,.F.);
#4091=ORIENTED_EDGE('',*,*,#2905,.F.);
#4092=ORIENTED_EDGE('',*,*,#2907,.F.);
#4093=ORIENTED_EDGE('',*,*,#2908,.F.);
#4094=ORIENTED_EDGE('',*,*,#2876,.F.);
#4095=ORIENTED_EDGE('',*,*,#2909,.F.);
#4096=ORIENTED_EDGE('',*,*,#2910,.T.);
#4097=ORIENTED_EDGE('',*,*,#2877,.T.);
#4098=ORIENTED_EDGE('',*,*,#2908,.T.);
#4099=ORIENTED_EDGE('',*,*,#2911,.F.);
#4100=ORIENTED_EDGE('',*,*,#2883,.T.);
#4101=ORIENTED_EDGE('',*,*,#2864,.F.);
#4102=ORIENTED_EDGE('',*,*,#2878,.T.);
#4103=ORIENTED_EDGE('',*,*,#2910,.F.);
#4104=ORIENTED_EDGE('',*,*,#2882,.F.);
#4105=ORIENTED_EDGE('',*,*,#2887,.T.);
#4106=ORIENTED_EDGE('',*,*,#2912,.T.);
#4107=ORIENTED_EDGE('',*,*,#2879,.T.);
#4108=ORIENTED_EDGE('',*,*,#2862,.T.);
#4109=ORIENTED_EDGE('',*,*,#2856,.T.);
#4110=ORIENTED_EDGE('',*,*,#2913,.T.);
#4111=ORIENTED_EDGE('',*,*,#2884,.T.);
#4112=ORIENTED_EDGE('',*,*,#2911,.T.);
#4113=ORIENTED_EDGE('',*,*,#2907,.T.);
#4114=ORIENTED_EDGE('',*,*,#2880,.T.);
#4115=ORIENTED_EDGE('',*,*,#2913,.F.);
#4116=ORIENTED_EDGE('',*,*,#2909,.T.);
#4117=ORIENTED_EDGE('',*,*,#2875,.T.);
#4118=ORIENTED_EDGE('',*,*,#2912,.F.);
#4119=ORIENTED_EDGE('',*,*,#2855,.T.);
#4120=ORIENTED_EDGE('',*,*,#2859,.T.);
#4121=ORIENTED_EDGE('',*,*,#2906,.T.);
#4122=ORIENTED_EDGE('',*,*,#2904,.T.);
#4123=ORIENTED_EDGE('',*,*,#2902,.T.);
#4124=ORIENTED_EDGE('',*,*,#2900,.T.);
#4125=ORIENTED_EDGE('',*,*,#2898,.T.);
#4126=ORIENTED_EDGE('',*,*,#2896,.T.);
#4127=ORIENTED_EDGE('',*,*,#2894,.T.);
#4128=ORIENTED_EDGE('',*,*,#2892,.T.);
#4129=ORIENTED_EDGE('',*,*,#2890,.T.);
#4130=ORIENTED_EDGE('',*,*,#2888,.T.);
#4131=ORIENTED_EDGE('',*,*,#2885,.T.);
#4132=ORIENTED_EDGE('',*,*,#2914,.F.);
#4133=ORIENTED_EDGE('',*,*,#2915,.T.);
#4134=ORIENTED_EDGE('',*,*,#2916,.F.);
#4135=ORIENTED_EDGE('',*,*,#2917,.F.);
#4136=ORIENTED_EDGE('',*,*,#2917,.T.);
#4137=ORIENTED_EDGE('',*,*,#2918,.T.);
#4138=ORIENTED_EDGE('',*,*,#2919,.T.);
#4139=ORIENTED_EDGE('',*,*,#2920,.T.);
#4140=ORIENTED_EDGE('',*,*,#2921,.T.);
#4141=ORIENTED_EDGE('',*,*,#2922,.T.);
#4142=ORIENTED_EDGE('',*,*,#2923,.F.);
#4143=ORIENTED_EDGE('',*,*,#2924,.F.);
#4144=ORIENTED_EDGE('',*,*,#2925,.T.);
#4145=ORIENTED_EDGE('',*,*,#2918,.F.);
#4146=ORIENTED_EDGE('',*,*,#2916,.T.);
#4147=ORIENTED_EDGE('',*,*,#2926,.T.);
#4148=ORIENTED_EDGE('',*,*,#2927,.F.);
#4149=ORIENTED_EDGE('',*,*,#2928,.F.);
#4150=ORIENTED_EDGE('',*,*,#2929,.T.);
#4151=ORIENTED_EDGE('',*,*,#2930,.T.);
#4152=ORIENTED_EDGE('',*,*,#2931,.T.);
#4153=ORIENTED_EDGE('',*,*,#2932,.T.);
#4154=ORIENTED_EDGE('',*,*,#2926,.F.);
#4155=ORIENTED_EDGE('',*,*,#2915,.F.);
#4156=ORIENTED_EDGE('',*,*,#2920,.F.);
#4157=ORIENTED_EDGE('',*,*,#2933,.T.);
#4158=ORIENTED_EDGE('',*,*,#2927,.T.);
#4159=ORIENTED_EDGE('',*,*,#2914,.T.);
#4160=ORIENTED_EDGE('',*,*,#2934,.F.);
#4161=ORIENTED_EDGE('',*,*,#2935,.F.);
#4162=ORIENTED_EDGE('',*,*,#2936,.F.);
#4163=ORIENTED_EDGE('',*,*,#2937,.F.);
#4164=ORIENTED_EDGE('',*,*,#2938,.F.);
#4165=ORIENTED_EDGE('',*,*,#2939,.F.);
#4166=ORIENTED_EDGE('',*,*,#2922,.F.);
#4167=ORIENTED_EDGE('',*,*,#2940,.T.);
#4168=ORIENTED_EDGE('',*,*,#2934,.T.);
#4169=ORIENTED_EDGE('',*,*,#2941,.T.);
#4170=ORIENTED_EDGE('',*,*,#2929,.F.);
#4171=ORIENTED_EDGE('',*,*,#2939,.T.);
#4172=ORIENTED_EDGE('',*,*,#2942,.F.);
#4173=ORIENTED_EDGE('',*,*,#2943,.F.);
#4174=ORIENTED_EDGE('',*,*,#2944,.T.);
#4175=ORIENTED_EDGE('',*,*,#2945,.T.);
#4176=ORIENTED_EDGE('',*,*,#2923,.T.);
#4177=ORIENTED_EDGE('',*,*,#2946,.F.);
#4178=ORIENTED_EDGE('',*,*,#2947,.T.);
#4179=ORIENTED_EDGE('',*,*,#2948,.T.);
#4180=ORIENTED_EDGE('',*,*,#2944,.F.);
#4181=ORIENTED_EDGE('',*,*,#2945,.F.);
#4182=ORIENTED_EDGE('',*,*,#2948,.F.);
#4183=ORIENTED_EDGE('',*,*,#2949,.T.);
#4184=ORIENTED_EDGE('',*,*,#2924,.T.);
#4185=ORIENTED_EDGE('',*,*,#2949,.F.);
#4186=ORIENTED_EDGE('',*,*,#2947,.F.);
#4187=ORIENTED_EDGE('',*,*,#2935,.T.);
#4188=ORIENTED_EDGE('',*,*,#2940,.F.);
#4189=ORIENTED_EDGE('',*,*,#2921,.F.);
#4190=ORIENTED_EDGE('',*,*,#2941,.F.);
#4191=ORIENTED_EDGE('',*,*,#2937,.T.);
#4192=ORIENTED_EDGE('',*,*,#2950,.T.);
#4193=ORIENTED_EDGE('',*,*,#2930,.F.);
#4194=ORIENTED_EDGE('',*,*,#2950,.F.);
#4195=ORIENTED_EDGE('',*,*,#2936,.T.);
#4196=ORIENTED_EDGE('',*,*,#2946,.T.);
#4197=ORIENTED_EDGE('',*,*,#2943,.T.);
#4198=ORIENTED_EDGE('',*,*,#2951,.T.);
#4199=ORIENTED_EDGE('',*,*,#2931,.F.);
#4200=ORIENTED_EDGE('',*,*,#2951,.F.);
#4201=ORIENTED_EDGE('',*,*,#2942,.T.);
#4202=ORIENTED_EDGE('',*,*,#2938,.T.);
#4203=ORIENTED_EDGE('',*,*,#2928,.T.);
#4204=ORIENTED_EDGE('',*,*,#2933,.F.);
#4205=ORIENTED_EDGE('',*,*,#2919,.F.);
#4206=ORIENTED_EDGE('',*,*,#2925,.F.);
#4207=ORIENTED_EDGE('',*,*,#2932,.F.);
#4208=PLANE('',#4760);
#4209=PLANE('',#4761);
#4210=PLANE('',#4762);
#4211=PLANE('',#4763);
#4212=PLANE('',#4764);
#4213=PLANE('',#4765);
#4214=PLANE('',#4766);
#4215=PLANE('',#4767);
#4216=PLANE('',#4768);
#4217=PLANE('',#4769);
#4218=PLANE('',#4771);
#4219=PLANE('',#4772);
#4220=PLANE('',#4773);
#4221=PLANE('',#4774);
#4222=PLANE('',#4775);
#4223=PLANE('',#4776);
#4224=PLANE('',#4777);
#4225=PLANE('',#4778);
#4226=PLANE('',#4779);
#4227=PLANE('',#4780);
#4228=PLANE('',#4781);
#4229=PLANE('',#4782);
#4230=PLANE('',#4783);
#4231=PLANE('',#4784);
#4232=PLANE('',#4785);
#4233=PLANE('',#4786);
#4234=PLANE('',#4787);
#4235=PLANE('',#4788);
#4236=PLANE('',#4789);
#4237=PLANE('',#4790);
#4238=PLANE('',#4791);
#4239=PLANE('',#4792);
#4240=PLANE('',#4793);
#4241=PLANE('',#4794);
#4242=PLANE('',#4795);
#4243=PLANE('',#4796);
#4244=PLANE('',#4797);
#4245=PLANE('',#4798);
#4246=PLANE('',#4799);
#4247=PLANE('',#4800);
#4248=PLANE('',#4801);
#4249=PLANE('',#4802);
#4250=PLANE('',#4803);
#4251=PLANE('',#4804);
#4252=PLANE('',#4805);
#4253=PLANE('',#4806);
#4254=PLANE('',#4807);
#4255=PLANE('',#4808);
#4256=PLANE('',#4809);
#4257=PLANE('',#4810);
#4258=PLANE('',#4811);
#4259=PLANE('',#4812);
#4260=PLANE('',#4814);
#4261=PLANE('',#4815);
#4262=PLANE('',#4816);
#4263=PLANE('',#4817);
#4264=PLANE('',#4818);
#4265=PLANE('',#4819);
#4266=PLANE('',#4820);
#4267=PLANE('',#4821);
#4268=PLANE('',#4822);
#4269=PLANE('',#4823);
#4270=PLANE('',#4824);
#4271=PLANE('',#4825);
#4272=PLANE('',#4826);
#4273=PLANE('',#4827);
#4274=PLANE('',#4828);
#4275=PLANE('',#4829);
#4276=PLANE('',#4830);
#4277=PLANE('',#4831);
#4278=PLANE('',#4832);
#4279=PLANE('',#4833);
#4280=PLANE('',#4834);
#4281=PLANE('',#4835);
#4282=PLANE('',#4836);
#4283=PLANE('',#4837);
#4284=PLANE('',#4838);
#4285=PLANE('',#4839);
#4286=PLANE('',#4840);
#4287=PLANE('',#4841);
#4288=PLANE('',#4842);
#4289=PLANE('',#4843);
#4290=PLANE('',#4844);
#4291=PLANE('',#4845);
#4292=PLANE('',#4846);
#4293=PLANE('',#4847);
#4294=PLANE('',#4848);
#4295=PLANE('',#4849);
#4296=PLANE('',#4850);
#4297=PLANE('',#4851);
#4298=PLANE('',#4852);
#4299=PLANE('',#4853);
#4300=PLANE('',#4854);
#4301=PLANE('',#4855);
#4302=PLANE('',#4857);
#4303=PLANE('',#4858);
#4304=PLANE('',#4859);
#4305=PLANE('',#4860);
#4306=PLANE('',#4861);
#4307=PLANE('',#4862);
#4308=PLANE('',#4863);
#4309=PLANE('',#4864);
#4310=PLANE('',#4865);
#4311=PLANE('',#4866);
#4312=PLANE('',#4867);
#4313=PLANE('',#4868);
#4314=PLANE('',#4869);
#4315=PLANE('',#4870);
#4316=PLANE('',#4871);
#4317=PLANE('',#4872);
#4318=PLANE('',#4873);
#4319=PLANE('',#4874);
#4320=PLANE('',#4875);
#4321=PLANE('',#4876);
#4322=PLANE('',#4877);
#4323=PLANE('',#4878);
#4324=PLANE('',#4879);
#4325=PLANE('',#4880);
#4326=PLANE('',#4881);
#4327=PLANE('',#4882);
#4328=PLANE('',#4883);
#4329=PLANE('',#4884);
#4330=PLANE('',#4885);
#4331=PLANE('',#4886);
#4332=PLANE('',#4887);
#4333=PLANE('',#4888);
#4334=PLANE('',#4889);
#4335=PLANE('',#4890);
#4336=PLANE('',#4891);
#4337=PLANE('',#4892);
#4338=PLANE('',#4893);
#4339=PLANE('',#4894);
#4340=PLANE('',#4895);
#4341=PLANE('',#4896);
#4342=PLANE('',#4898);
#4343=PLANE('',#4899);
#4344=PLANE('',#4900);
#4345=PLANE('',#4901);
#4346=PLANE('',#4902);
#4347=PLANE('',#4903);
#4348=PLANE('',#4904);
#4349=PLANE('',#4905);
#4350=PLANE('',#4906);
#4351=PLANE('',#4907);
#4352=PLANE('',#4908);
#4353=PLANE('',#4909);
#4354=PLANE('',#4910);
#4355=PLANE('',#4911);
#4356=PLANE('',#4912);
#4357=PLANE('',#4913);
#4358=PLANE('',#4914);
#4359=PLANE('',#4915);
#4360=PLANE('',#4916);
#4361=PLANE('',#4917);
#4362=PLANE('',#4918);
#4363=PLANE('',#4919);
#4364=PLANE('',#4920);
#4365=PLANE('',#4921);
#4366=PLANE('',#4922);
#4367=PLANE('',#4923);
#4368=PLANE('',#4924);
#4369=PLANE('',#4925);
#4370=PLANE('',#4926);
#4371=PLANE('',#4928);
#4372=PLANE('',#4929);
#4373=PLANE('',#4930);
#4374=PLANE('',#4931);
#4375=PLANE('',#4932);
#4376=PLANE('',#4933);
#4377=PLANE('',#4934);
#4378=PLANE('',#4935);
#4379=PLANE('',#4936);
#4380=PLANE('',#4937);
#4381=PLANE('',#4940);
#4382=PLANE('',#4941);
#4383=PLANE('',#4942);
#4384=PLANE('',#4943);
#4385=PLANE('',#4944);
#4386=PLANE('',#4945);
#4387=PLANE('',#4946);
#4388=PLANE('',#4947);
#4389=PLANE('',#4948);
#4390=PLANE('',#4949);
#4391=PLANE('',#4950);
#4392=PLANE('',#4951);
#4393=PLANE('',#4952);
#4394=PLANE('',#4953);
#4395=PLANE('',#4954);
#4396=PLANE('',#4955);
#4397=PLANE('',#4956);
#4398=PLANE('',#4957);
#4399=PLANE('',#4958);
#4400=PLANE('',#4959);
#4401=PLANE('',#4960);
#4402=PLANE('',#4961);
#4403=PLANE('',#4962);
#4404=PLANE('',#4963);
#4405=PLANE('',#4964);
#4406=PLANE('',#4965);
#4407=PLANE('',#4966);
#4408=PLANE('',#4967);
#4409=PLANE('',#4968);
#4410=PLANE('',#4969);
#4411=PLANE('',#4970);
#4412=PLANE('',#4971);
#4413=PLANE('',#4972);
#4414=PLANE('',#4973);
#4415=PLANE('',#4974);
#4416=PLANE('',#4975);
#4417=PLANE('',#4976);
#4418=PLANE('',#4977);
#4419=PLANE('',#4978);
#4420=PLANE('',#4979);
#4421=PLANE('',#4980);
#4422=PLANE('',#4981);
#4423=PLANE('',#4982);
#4424=PLANE('',#4991);
#4425=PLANE('',#4992);
#4426=PLANE('',#4993);
#4427=PLANE('',#4994);
#4428=PLANE('',#4995);
#4429=PLANE('',#4996);
#4430=PLANE('',#4997);
#4431=PLANE('',#4998);
#4432=PLANE('',#4999);
#4433=PLANE('',#5000);
#4434=PLANE('',#5001);
#4435=PLANE('',#5002);
#4436=PLANE('',#5003);
#4437=PLANE('',#5004);
#4438=PLANE('',#5005);
#4439=ADVANCED_FACE('',(#149),#4208,.T.);
#4440=ADVANCED_FACE('',(#150),#4209,.T.);
#4441=ADVANCED_FACE('',(#151),#4210,.T.);
#4442=ADVANCED_FACE('',(#152),#4211,.T.);
#4443=ADVANCED_FACE('',(#153),#4212,.T.);
#4444=ADVANCED_FACE('',(#154),#4213,.T.);
#4445=ADVANCED_FACE('',(#155),#4214,.T.);
#4446=ADVANCED_FACE('',(#156),#4215,.T.);
#4447=ADVANCED_FACE('',(#157,#110),#4216,.T.);
#4448=ADVANCED_FACE('',(#158,#111),#4217,.F.);
#4449=ADVANCED_FACE('',(#159),#4218,.T.);
#4450=ADVANCED_FACE('',(#160),#4219,.F.);
#4451=ADVANCED_FACE('',(#161),#4220,.F.);
#4452=ADVANCED_FACE('',(#162),#4221,.F.);
#4453=ADVANCED_FACE('',(#163),#4222,.F.);
#4454=ADVANCED_FACE('',(#164),#4223,.F.);
#4455=ADVANCED_FACE('',(#165),#4224,.F.);
#4456=ADVANCED_FACE('',(#166),#4225,.F.);
#4457=ADVANCED_FACE('',(#167),#4226,.T.);
#4458=ADVANCED_FACE('',(#168,#112),#4227,.T.);
#4459=ADVANCED_FACE('',(#169,#113,#114),#4228,.T.);
#4460=ADVANCED_FACE('',(#170,#115,#116),#4229,.T.);
#4461=ADVANCED_FACE('',(#171,#117,#118),#4230,.T.);
#4462=ADVANCED_FACE('',(#172),#4231,.T.);
#4463=ADVANCED_FACE('',(#173),#4232,.T.);
#4464=ADVANCED_FACE('',(#174),#4233,.T.);
#4465=ADVANCED_FACE('',(#175),#4234,.T.);
#4466=ADVANCED_FACE('',(#176),#4235,.T.);
#4467=ADVANCED_FACE('',(#177),#4236,.T.);
#4468=ADVANCED_FACE('',(#178),#4237,.T.);
#4469=ADVANCED_FACE('',(#179),#4238,.F.);
#4470=ADVANCED_FACE('',(#180),#4239,.T.);
#4471=ADVANCED_FACE('',(#181),#4240,.T.);
#4472=ADVANCED_FACE('',(#182),#4241,.T.);
#4473=ADVANCED_FACE('',(#183),#4242,.T.);
#4474=ADVANCED_FACE('',(#184,#119),#4243,.T.);
#4475=ADVANCED_FACE('',(#185),#4244,.T.);
#4476=ADVANCED_FACE('',(#186),#4245,.T.);
#4477=ADVANCED_FACE('',(#187,#120,#121),#4246,.T.);
#4478=ADVANCED_FACE('',(#188,#122,#123,#124),#4247,.T.);
#4479=ADVANCED_FACE('',(#189),#4248,.T.);
#4480=ADVANCED_FACE('',(#190),#4249,.F.);
#4481=ADVANCED_FACE('',(#191),#4250,.T.);
#4482=ADVANCED_FACE('',(#192),#4251,.T.);
#4483=ADVANCED_FACE('',(#193),#4252,.T.);
#4484=ADVANCED_FACE('',(#194),#4253,.T.);
#4485=ADVANCED_FACE('',(#195,#125),#4254,.T.);
#4486=ADVANCED_FACE('',(#196),#4255,.T.);
#4487=ADVANCED_FACE('',(#197,#126,#127),#4256,.T.);
#4488=ADVANCED_FACE('',(#198),#4257,.T.);
#4489=ADVANCED_FACE('',(#199),#4258,.T.);
#4490=ADVANCED_FACE('',(#200),#4259,.T.);
#4491=ADVANCED_FACE('',(#201),#4260,.T.);
#4492=ADVANCED_FACE('',(#202),#4261,.F.);
#4493=ADVANCED_FACE('',(#203),#4262,.F.);
#4494=ADVANCED_FACE('',(#204),#4263,.F.);
#4495=ADVANCED_FACE('',(#205),#4264,.F.);
#4496=ADVANCED_FACE('',(#206),#4265,.F.);
#4497=ADVANCED_FACE('',(#207),#4266,.F.);
#4498=ADVANCED_FACE('',(#208),#4267,.F.);
#4499=ADVANCED_FACE('',(#209),#4268,.T.);
#4500=ADVANCED_FACE('',(#210,#128),#4269,.T.);
#4501=ADVANCED_FACE('',(#211,#129,#130),#4270,.T.);
#4502=ADVANCED_FACE('',(#212,#131,#132),#4271,.T.);
#4503=ADVANCED_FACE('',(#213,#133,#134),#4272,.T.);
#4504=ADVANCED_FACE('',(#214),#4273,.T.);
#4505=ADVANCED_FACE('',(#215),#4274,.T.);
#4506=ADVANCED_FACE('',(#216),#4275,.T.);
#4507=ADVANCED_FACE('',(#217),#4276,.T.);
#4508=ADVANCED_FACE('',(#218),#4277,.T.);
#4509=ADVANCED_FACE('',(#219),#4278,.T.);
#4510=ADVANCED_FACE('',(#220),#4279,.T.);
#4511=ADVANCED_FACE('',(#221),#4280,.F.);
#4512=ADVANCED_FACE('',(#222),#4281,.T.);
#4513=ADVANCED_FACE('',(#223),#4282,.T.);
#4514=ADVANCED_FACE('',(#224),#4283,.T.);
#4515=ADVANCED_FACE('',(#225),#4284,.T.);
#4516=ADVANCED_FACE('',(#226,#135),#4285,.T.);
#4517=ADVANCED_FACE('',(#227),#4286,.T.);
#4518=ADVANCED_FACE('',(#228),#4287,.T.);
#4519=ADVANCED_FACE('',(#229,#136,#137),#4288,.T.);
#4520=ADVANCED_FACE('',(#230,#138,#139,#140),#4289,.T.);
#4521=ADVANCED_FACE('',(#231),#4290,.T.);
#4522=ADVANCED_FACE('',(#232),#4291,.F.);
#4523=ADVANCED_FACE('',(#233),#4292,.T.);
#4524=ADVANCED_FACE('',(#234),#4293,.T.);
#4525=ADVANCED_FACE('',(#235),#4294,.T.);
#4526=ADVANCED_FACE('',(#236),#4295,.T.);
#4527=ADVANCED_FACE('',(#237,#141),#4296,.T.);
#4528=ADVANCED_FACE('',(#238),#4297,.T.);
#4529=ADVANCED_FACE('',(#239,#142,#143),#4298,.T.);
#4530=ADVANCED_FACE('',(#240),#4299,.T.);
#4531=ADVANCED_FACE('',(#241),#4300,.T.);
#4532=ADVANCED_FACE('',(#242),#4301,.T.);
#4533=ADVANCED_FACE('',(#243),#4302,.T.);
#4534=ADVANCED_FACE('',(#244),#4303,.T.);
#4535=ADVANCED_FACE('',(#245),#4304,.T.);
#4536=ADVANCED_FACE('',(#246),#4305,.T.);
#4537=ADVANCED_FACE('',(#247),#4306,.T.);
#4538=ADVANCED_FACE('',(#248),#4307,.T.);
#4539=ADVANCED_FACE('',(#249),#4308,.T.);
#4540=ADVANCED_FACE('',(#250),#4309,.T.);
#4541=ADVANCED_FACE('',(#251),#4310,.T.);
#4542=ADVANCED_FACE('',(#252),#4311,.T.);
#4543=ADVANCED_FACE('',(#253),#4312,.T.);
#4544=ADVANCED_FACE('',(#254),#4313,.T.);
#4545=ADVANCED_FACE('',(#255),#4314,.T.);
#4546=ADVANCED_FACE('',(#256),#4315,.T.);
#4547=ADVANCED_FACE('',(#257),#4316,.T.);
#4548=ADVANCED_FACE('',(#258),#4317,.T.);
#4549=ADVANCED_FACE('',(#259),#4318,.T.);
#4550=ADVANCED_FACE('',(#260),#4319,.T.);
#4551=ADVANCED_FACE('',(#261),#4320,.T.);
#4552=ADVANCED_FACE('',(#262),#4321,.T.);
#4553=ADVANCED_FACE('',(#263),#4322,.T.);
#4554=ADVANCED_FACE('',(#264),#4323,.T.);
#4555=ADVANCED_FACE('',(#265),#4324,.T.);
#4556=ADVANCED_FACE('',(#266),#4325,.T.);
#4557=ADVANCED_FACE('',(#267),#4326,.T.);
#4558=ADVANCED_FACE('',(#268),#4327,.T.);
#4559=ADVANCED_FACE('',(#269),#4328,.T.);
#4560=ADVANCED_FACE('',(#270),#4329,.T.);
#4561=ADVANCED_FACE('',(#271),#4330,.T.);
#4562=ADVANCED_FACE('',(#272),#4331,.T.);
#4563=ADVANCED_FACE('',(#273),#4332,.T.);
#4564=ADVANCED_FACE('',(#274),#4333,.T.);
#4565=ADVANCED_FACE('',(#275),#4334,.T.);
#4566=ADVANCED_FACE('',(#276),#4335,.T.);
#4567=ADVANCED_FACE('',(#277),#4336,.T.);
#4568=ADVANCED_FACE('',(#278),#4337,.T.);
#4569=ADVANCED_FACE('',(#279),#4338,.T.);
#4570=ADVANCED_FACE('',(#280),#4339,.T.);
#4571=ADVANCED_FACE('',(#281),#4340,.T.);
#4572=ADVANCED_FACE('',(#282),#4341,.F.);
#4573=ADVANCED_FACE('',(#283),#4342,.T.);
#4574=ADVANCED_FACE('',(#284),#4343,.T.);
#4575=ADVANCED_FACE('',(#285),#4344,.T.);
#4576=ADVANCED_FACE('',(#286),#4345,.T.);
#4577=ADVANCED_FACE('',(#287),#4346,.T.);
#4578=ADVANCED_FACE('',(#288),#4347,.T.);
#4579=ADVANCED_FACE('',(#289),#4348,.T.);
#4580=ADVANCED_FACE('',(#290),#4349,.T.);
#4581=ADVANCED_FACE('',(#291),#4350,.T.);
#4582=ADVANCED_FACE('',(#292),#4351,.T.);
#4583=ADVANCED_FACE('',(#293),#4352,.T.);
#4584=ADVANCED_FACE('',(#294),#4353,.T.);
#4585=ADVANCED_FACE('',(#295),#4354,.T.);
#4586=ADVANCED_FACE('',(#296),#4355,.T.);
#4587=ADVANCED_FACE('',(#297),#4356,.T.);
#4588=ADVANCED_FACE('',(#298),#4357,.T.);
#4589=ADVANCED_FACE('',(#299),#4358,.T.);
#4590=ADVANCED_FACE('',(#300),#4359,.T.);
#4591=ADVANCED_FACE('',(#301),#4360,.T.);
#4592=ADVANCED_FACE('',(#302),#4361,.T.);
#4593=ADVANCED_FACE('',(#303),#4362,.T.);
#4594=ADVANCED_FACE('',(#304),#4363,.T.);
#4595=ADVANCED_FACE('',(#305),#4364,.T.);
#4596=ADVANCED_FACE('',(#306),#4365,.T.);
#4597=ADVANCED_FACE('',(#307),#4366,.T.);
#4598=ADVANCED_FACE('',(#308),#4367,.T.);
#4599=ADVANCED_FACE('',(#309),#4368,.T.);
#4600=ADVANCED_FACE('',(#310,#144),#4369,.T.);
#4601=ADVANCED_FACE('',(#311,#145,#146),#4370,.F.);
#4602=ADVANCED_FACE('',(#312),#4371,.F.);
#4603=ADVANCED_FACE('',(#313),#4372,.F.);
#4604=ADVANCED_FACE('',(#314),#4373,.F.);
#4605=ADVANCED_FACE('',(#315),#4374,.F.);
#4606=ADVANCED_FACE('',(#316),#4375,.T.);
#4607=ADVANCED_FACE('',(#317),#4376,.T.);
#4608=ADVANCED_FACE('',(#318),#4377,.T.);
#4609=ADVANCED_FACE('',(#319),#4378,.T.);
#4610=ADVANCED_FACE('',(#320,#147),#4379,.T.);
#4611=ADVANCED_FACE('',(#321,#148),#4380,.T.);
#4612=ADVANCED_FACE('',(#322),#4381,.F.);
#4613=ADVANCED_FACE('',(#323),#4382,.T.);
#4614=ADVANCED_FACE('',(#324),#4383,.T.);
#4615=ADVANCED_FACE('',(#325),#4384,.T.);
#4616=ADVANCED_FACE('',(#326),#4385,.T.);
#4617=ADVANCED_FACE('',(#327),#4386,.T.);
#4618=ADVANCED_FACE('',(#328),#4387,.T.);
#4619=ADVANCED_FACE('',(#329),#4388,.T.);
#4620=ADVANCED_FACE('',(#330),#4389,.T.);
#4621=ADVANCED_FACE('',(#331),#4390,.T.);
#4622=ADVANCED_FACE('',(#332),#4391,.T.);
#4623=ADVANCED_FACE('',(#333),#4392,.T.);
#4624=ADVANCED_FACE('',(#334),#4393,.T.);
#4625=ADVANCED_FACE('',(#335),#4394,.T.);
#4626=ADVANCED_FACE('',(#336),#4395,.T.);
#4627=ADVANCED_FACE('',(#337),#4396,.T.);
#4628=ADVANCED_FACE('',(#338),#4397,.T.);
#4629=ADVANCED_FACE('',(#339),#4398,.T.);
#4630=ADVANCED_FACE('',(#340),#4399,.T.);
#4631=ADVANCED_FACE('',(#341),#4400,.T.);
#4632=ADVANCED_FACE('',(#342),#4401,.T.);
#4633=ADVANCED_FACE('',(#343),#4402,.T.);
#4634=ADVANCED_FACE('',(#344),#4403,.T.);
#4635=ADVANCED_FACE('',(#345),#4404,.T.);
#4636=ADVANCED_FACE('',(#346),#4405,.T.);
#4637=ADVANCED_FACE('',(#347),#4406,.T.);
#4638=ADVANCED_FACE('',(#348),#4407,.T.);
#4639=ADVANCED_FACE('',(#349),#4408,.T.);
#4640=ADVANCED_FACE('',(#350),#4409,.T.);
#4641=ADVANCED_FACE('',(#351),#4410,.T.);
#4642=ADVANCED_FACE('',(#352),#4411,.T.);
#4643=ADVANCED_FACE('',(#353),#4412,.T.);
#4644=ADVANCED_FACE('',(#354),#4413,.T.);
#4645=ADVANCED_FACE('',(#355),#4414,.T.);
#4646=ADVANCED_FACE('',(#356),#4415,.T.);
#4647=ADVANCED_FACE('',(#357),#4416,.T.);
#4648=ADVANCED_FACE('',(#358),#4417,.T.);
#4649=ADVANCED_FACE('',(#359),#4418,.T.);
#4650=ADVANCED_FACE('',(#360),#4419,.T.);
#4651=ADVANCED_FACE('',(#361),#4420,.T.);
#4652=ADVANCED_FACE('',(#362),#4421,.F.);
#4653=ADVANCED_FACE('',(#363),#4422,.F.);
#4654=ADVANCED_FACE('',(#364),#4423,.F.);
#4655=ADVANCED_FACE('',(#365),#4424,.T.);
#4656=ADVANCED_FACE('',(#366),#4425,.T.);
#4657=ADVANCED_FACE('',(#367),#4426,.T.);
#4658=ADVANCED_FACE('',(#368),#4427,.T.);
#4659=ADVANCED_FACE('',(#369),#4428,.T.);
#4660=ADVANCED_FACE('',(#370),#4429,.T.);
#4661=ADVANCED_FACE('',(#371),#4430,.F.);
#4662=ADVANCED_FACE('',(#372),#4431,.T.);
#4663=ADVANCED_FACE('',(#373),#4432,.T.);
#4664=ADVANCED_FACE('',(#374),#4433,.T.);
#4665=ADVANCED_FACE('',(#375),#4434,.T.);
#4666=ADVANCED_FACE('',(#376),#4435,.F.);
#4667=ADVANCED_FACE('',(#377),#4436,.T.);
#4668=ADVANCED_FACE('',(#378),#4437,.T.);
#4669=ADVANCED_FACE('',(#379),#4438,.T.);
#4670=CLOSED_SHELL('',(#4439,#4440,#4441,#4442,#4443,#4444,#4445,#4446,
#4447,#4448));
#4671=CLOSED_SHELL('',(#4449,#4450,#4451,#4452,#4453,#4454,#4455,#4456,
#4457,#4458,#4459,#4460,#4461,#4462,#4463,#4464,#4465,#4466,#4467,#4468,
#4469,#4470,#4471,#4472,#4473,#4474,#4475,#4476,#4477,#4478,#4479,#4480,
#4481,#4482,#4483,#4484,#4485,#4486,#4487,#4488,#4489,#4490));
#4672=CLOSED_SHELL('',(#4491,#4492,#4493,#4494,#4495,#4496,#4497,#4498,
#4499,#4500,#4501,#4502,#4503,#4504,#4505,#4506,#4507,#4508,#4509,#4510,
#4511,#4512,#4513,#4514,#4515,#4516,#4517,#4518,#4519,#4520,#4521,#4522,
#4523,#4524,#4525,#4526,#4527,#4528,#4529,#4530,#4531,#4532));
#4673=CLOSED_SHELL('',(#4533,#4534,#4535,#4536,#4537,#4538,#4539,#4540,
#4541,#4542,#4543,#4544,#4545,#4546,#4547,#4548,#4549,#4550,#4551,#4552,
#4553,#4554,#4555,#4556,#4557,#4558,#4559,#4560,#4561,#4562,#4563,#4564,
#4565,#4566,#4567,#4568,#4569,#4570,#4571,#4572));
#4674=CLOSED_SHELL('',(#4573,#4574,#4575,#4576,#4577,#4578,#4579,#4580,
#4581,#4582,#4583,#4584,#4585,#4586,#4587,#4588,#4589,#4590,#4591,#4592,
#4593,#4594,#4595,#4596,#4597,#4598,#4599,#4600,#4601));
#4675=CLOSED_SHELL('',(#4602,#4603,#4604,#4605,#4606,#4607,#4608,#4609,
#4610,#4611));
#4676=CLOSED_SHELL('',(#4612,#4613,#4614,#4615,#4616,#4617,#4618,#4619,
#4620,#4621,#4622,#4623,#4624,#4625,#4626,#4627,#4628,#4629,#4630,#4631,
#4632));
#4677=CLOSED_SHELL('',(#4633,#4634,#4635,#4636,#4637,#4638,#4639,#4640,
#4641,#4642,#4643,#4644,#4645,#4646,#4647,#4648,#4649,#4650,#4651,#4652,
#4653,#4654));
#4678=CLOSED_SHELL('',(#4655,#4656,#4657,#4658,#4659,#4660,#4661,#4662,
#4663,#4664,#4665,#4666,#4667,#4668,#4669));
#4679=DERIVED_UNIT_ELEMENT(#4693,1.);
#4680=DERIVED_UNIT_ELEMENT(#7484,-3.);
#4681=DERIVED_UNIT_ELEMENT(#4693,1.);
#4682=DERIVED_UNIT_ELEMENT(#7484,-3.);
#4683=DERIVED_UNIT_ELEMENT(#4693,1.);
#4684=DERIVED_UNIT_ELEMENT(#7484,-3.);
#4685=DERIVED_UNIT_ELEMENT(#4693,1.);
#4686=DERIVED_UNIT_ELEMENT(#7484,-3.);
#4687=DERIVED_UNIT_ELEMENT(#4693,1.);
#4688=DERIVED_UNIT_ELEMENT(#7484,-3.);
#4689=DERIVED_UNIT_ELEMENT(#4693,1.);
#4690=DERIVED_UNIT_ELEMENT(#7484,-3.);
#4691=DERIVED_UNIT_ELEMENT(#4693,1.);
#4692=DERIVED_UNIT_ELEMENT(#7484,-3.);
#4693=(
MASS_UNIT()
NAMED_UNIT(*)
SI_UNIT(.KILO.,.GRAM.)
);
#4694=DERIVED_UNIT((#4679,#4680));
#4695=DERIVED_UNIT((#4681,#4682));
#4696=DERIVED_UNIT((#4683,#4684));
#4697=DERIVED_UNIT((#4685,#4686));
#4698=DERIVED_UNIT((#4687,#4688));
#4699=DERIVED_UNIT((#4689,#4690));
#4700=DERIVED_UNIT((#4691,#4692));
#4701=MEASURE_REPRESENTATION_ITEM('density measure',
POSITIVE_RATIO_MEASURE(7850.),#4694);
#4702=MEASURE_REPRESENTATION_ITEM('density measure',
POSITIVE_RATIO_MEASURE(7850.),#4695);
#4703=MEASURE_REPRESENTATION_ITEM('density measure',
POSITIVE_RATIO_MEASURE(7850.),#4696);
#4704=MEASURE_REPRESENTATION_ITEM('density measure',
POSITIVE_RATIO_MEASURE(7850.),#4697);
#4705=MEASURE_REPRESENTATION_ITEM('density measure',
POSITIVE_RATIO_MEASURE(7850.),#4698);
#4706=MEASURE_REPRESENTATION_ITEM('density measure',
POSITIVE_RATIO_MEASURE(7850.),#4699);
#4707=MEASURE_REPRESENTATION_ITEM('density measure',
POSITIVE_RATIO_MEASURE(7850.),#4700);
#4708=PROPERTY_DEFINITION_REPRESENTATION(#4743,#4722);
#4709=PROPERTY_DEFINITION_REPRESENTATION(#4744,#4723);
#4710=PROPERTY_DEFINITION_REPRESENTATION(#4745,#4724);
#4711=PROPERTY_DEFINITION_REPRESENTATION(#4746,#4725);
#4712=PROPERTY_DEFINITION_REPRESENTATION(#4747,#4726);
#4713=PROPERTY_DEFINITION_REPRESENTATION(#4748,#4727);
#4714=PROPERTY_DEFINITION_REPRESENTATION(#4749,#4728);
#4715=PROPERTY_DEFINITION_REPRESENTATION(#4750,#4729);
#4716=PROPERTY_DEFINITION_REPRESENTATION(#4751,#4730);
#4717=PROPERTY_DEFINITION_REPRESENTATION(#4752,#4731);
#4718=PROPERTY_DEFINITION_REPRESENTATION(#4753,#4732);
#4719=PROPERTY_DEFINITION_REPRESENTATION(#4754,#4733);
#4720=PROPERTY_DEFINITION_REPRESENTATION(#4755,#4734);
#4721=PROPERTY_DEFINITION_REPRESENTATION(#4756,#4735);
#4722=REPRESENTATION('material name',(#4736),#7472);
#4723=REPRESENTATION('density',(#4701),#7472);
#4724=REPRESENTATION('material name',(#4737),#7473);
#4725=REPRESENTATION('density',(#4702),#7473);
#4726=REPRESENTATION('material name',(#4738),#7474);
#4727=REPRESENTATION('density',(#4703),#7474);
#4728=REPRESENTATION('material name',(#4739),#7475);
#4729=REPRESENTATION('density',(#4704),#7475);
#4730=REPRESENTATION('material name',(#4740),#7476);
#4731=REPRESENTATION('density',(#4705),#7476);
#4732=REPRESENTATION('material name',(#4741),#7477);
#4733=REPRESENTATION('density',(#4706),#7477);
#4734=REPRESENTATION('material name',(#4742),#7479);
#4735=REPRESENTATION('density',(#4707),#7479);
#4736=DESCRIPTIVE_REPRESENTATION_ITEM('Steel','Steel');
#4737=DESCRIPTIVE_REPRESENTATION_ITEM('Steel','Steel');
#4738=DESCRIPTIVE_REPRESENTATION_ITEM('Steel','Steel');
#4739=DESCRIPTIVE_REPRESENTATION_ITEM('Steel','Steel');
#4740=DESCRIPTIVE_REPRESENTATION_ITEM('Steel','Steel');
#4741=DESCRIPTIVE_REPRESENTATION_ITEM('Steel','Steel');
#4742=DESCRIPTIVE_REPRESENTATION_ITEM('Steel','Steel');
#4743=PROPERTY_DEFINITION('material property','material name',#7537);
#4744=PROPERTY_DEFINITION('material property','density of part',#7537);
#4745=PROPERTY_DEFINITION('material property','material name',#7538);
#4746=PROPERTY_DEFINITION('material property','density of part',#7538);
#4747=PROPERTY_DEFINITION('material property','material name',#7539);
#4748=PROPERTY_DEFINITION('material property','density of part',#7539);
#4749=PROPERTY_DEFINITION('material property','material name',#7540);
#4750=PROPERTY_DEFINITION('material property','density of part',#7540);
#4751=PROPERTY_DEFINITION('material property','material name',#7541);
#4752=PROPERTY_DEFINITION('material property','density of part',#7541);
#4753=PROPERTY_DEFINITION('material property','material name',#7542);
#4754=PROPERTY_DEFINITION('material property','density of part',#7542);
#4755=PROPERTY_DEFINITION('material property','material name',#7544);
#4756=PROPERTY_DEFINITION('material property','density of part',#7544);
#4757=AXIS2_PLACEMENT_3D('',#6156,#5014,#5015);
#4758=AXIS2_PLACEMENT_3D('',#6157,#5016,#5017);
#4759=AXIS2_PLACEMENT_3D('',#6158,#5018,#5019);
#4760=AXIS2_PLACEMENT_3D('',#6159,#5020,#5021);
#4761=AXIS2_PLACEMENT_3D('',#6168,#5026,#5027);
#4762=AXIS2_PLACEMENT_3D('',#6174,#5031,#5032);
#4763=AXIS2_PLACEMENT_3D('',#6180,#5036,#5037);
#4764=AXIS2_PLACEMENT_3D('',#6183,#5040,#5041);
#4765=AXIS2_PLACEMENT_3D('',#6192,#5046,#5047);
#4766=AXIS2_PLACEMENT_3D('',#6198,#5051,#5052);
#4767=AXIS2_PLACEMENT_3D('',#6204,#5056,#5057);
#4768=AXIS2_PLACEMENT_3D('',#6207,#5060,#5061);
#4769=AXIS2_PLACEMENT_3D('',#6208,#5062,#5063);
#4770=AXIS2_PLACEMENT_3D('',#6209,#5064,#5065);
#4771=AXIS2_PLACEMENT_3D('',#6210,#5066,#5067);
#4772=AXIS2_PLACEMENT_3D('',#6219,#5072,#5073);
#4773=AXIS2_PLACEMENT_3D('',#6228,#5078,#5079);
#4774=AXIS2_PLACEMENT_3D('',#6237,#5084,#5085);
#4775=AXIS2_PLACEMENT_3D('',#6246,#5090,#5091);
#4776=AXIS2_PLACEMENT_3D('',#6255,#5096,#5097);
#4777=AXIS2_PLACEMENT_3D('',#6264,#5102,#5103);
#4778=AXIS2_PLACEMENT_3D('',#6273,#5108,#5109);
#4779=AXIS2_PLACEMENT_3D('',#6282,#5114,#5115);
#4780=AXIS2_PLACEMENT_3D('',#6296,#5123,#5124);
#4781=AXIS2_PLACEMENT_3D('',#6307,#5131,#5132);
#4782=AXIS2_PLACEMENT_3D('',#6321,#5141,#5142);
#4783=AXIS2_PLACEMENT_3D('',#6335,#5151,#5152);
#4784=AXIS2_PLACEMENT_3D('',#6350,#5162,#5163);
#4785=AXIS2_PLACEMENT_3D('',#6356,#5167,#5168);
#4786=AXIS2_PLACEMENT_3D('',#6362,#5172,#5173);
#4787=AXIS2_PLACEMENT_3D('',#6368,#5177,#5178);
#4788=AXIS2_PLACEMENT_3D('',#6374,#5182,#5183);
#4789=AXIS2_PLACEMENT_3D('',#6376,#5185,#5186);
#4790=AXIS2_PLACEMENT_3D('',#6378,#5188,#5189);
#4791=AXIS2_PLACEMENT_3D('',#6384,#5193,#5194);
#4792=AXIS2_PLACEMENT_3D('',#6388,#5197,#5198);
#4793=AXIS2_PLACEMENT_3D('',#6390,#5200,#5201);
#4794=AXIS2_PLACEMENT_3D('',#6392,#5203,#5204);
#4795=AXIS2_PLACEMENT_3D('',#6394,#5206,#5207);
#4796=AXIS2_PLACEMENT_3D('',#6396,#5209,#5210);
#4797=AXIS2_PLACEMENT_3D('',#6406,#5216,#5217);
#4798=AXIS2_PLACEMENT_3D('',#6407,#5218,#5219);
#4799=AXIS2_PLACEMENT_3D('',#6409,#5221,#5222);
#4800=AXIS2_PLACEMENT_3D('',#6424,#5231,#5232);
#4801=AXIS2_PLACEMENT_3D('',#6428,#5236,#5237);
#4802=AXIS2_PLACEMENT_3D('',#6429,#5238,#5239);
#4803=AXIS2_PLACEMENT_3D('',#6431,#5241,#5242);
#4804=AXIS2_PLACEMENT_3D('',#6434,#5245,#5246);
#4805=AXIS2_PLACEMENT_3D('',#6440,#5250,#5251);
#4806=AXIS2_PLACEMENT_3D('',#6442,#5253,#5254);
#4807=AXIS2_PLACEMENT_3D('',#6443,#5255,#5256);
#4808=AXIS2_PLACEMENT_3D('',#6445,#5258,#5259);
#4809=AXIS2_PLACEMENT_3D('',#6447,#5261,#5262);
#4810=AXIS2_PLACEMENT_3D('',#6449,#5264,#5265);
#4811=AXIS2_PLACEMENT_3D('',#6450,#5266,#5267);
#4812=AXIS2_PLACEMENT_3D('',#6451,#5268,#5269);
#4813=AXIS2_PLACEMENT_3D('',#6452,#5270,#5271);
#4814=AXIS2_PLACEMENT_3D('',#6453,#5272,#5273);
#4815=AXIS2_PLACEMENT_3D('',#6462,#5278,#5279);
#4816=AXIS2_PLACEMENT_3D('',#6471,#5284,#5285);
#4817=AXIS2_PLACEMENT_3D('',#6480,#5290,#5291);
#4818=AXIS2_PLACEMENT_3D('',#6489,#5296,#5297);
#4819=AXIS2_PLACEMENT_3D('',#6498,#5302,#5303);
#4820=AXIS2_PLACEMENT_3D('',#6507,#5308,#5309);
#4821=AXIS2_PLACEMENT_3D('',#6516,#5314,#5315);
#4822=AXIS2_PLACEMENT_3D('',#6525,#5320,#5321);
#4823=AXIS2_PLACEMENT_3D('',#6539,#5329,#5330);
#4824=AXIS2_PLACEMENT_3D('',#6550,#5337,#5338);
#4825=AXIS2_PLACEMENT_3D('',#6564,#5347,#5348);
#4826=AXIS2_PLACEMENT_3D('',#6578,#5357,#5358);
#4827=AXIS2_PLACEMENT_3D('',#6593,#5368,#5369);
#4828=AXIS2_PLACEMENT_3D('',#6599,#5373,#5374);
#4829=AXIS2_PLACEMENT_3D('',#6605,#5378,#5379);
#4830=AXIS2_PLACEMENT_3D('',#6611,#5383,#5384);
#4831=AXIS2_PLACEMENT_3D('',#6617,#5388,#5389);
#4832=AXIS2_PLACEMENT_3D('',#6619,#5391,#5392);
#4833=AXIS2_PLACEMENT_3D('',#6621,#5394,#5395);
#4834=AXIS2_PLACEMENT_3D('',#6627,#5399,#5400);
#4835=AXIS2_PLACEMENT_3D('',#6631,#5403,#5404);
#4836=AXIS2_PLACEMENT_3D('',#6633,#5406,#5407);
#4837=AXIS2_PLACEMENT_3D('',#6635,#5409,#5410);
#4838=AXIS2_PLACEMENT_3D('',#6637,#5412,#5413);
#4839=AXIS2_PLACEMENT_3D('',#6639,#5415,#5416);
#4840=AXIS2_PLACEMENT_3D('',#6649,#5422,#5423);
#4841=AXIS2_PLACEMENT_3D('',#6650,#5424,#5425);
#4842=AXIS2_PLACEMENT_3D('',#6652,#5427,#5428);
#4843=AXIS2_PLACEMENT_3D('',#6667,#5437,#5438);
#4844=AXIS2_PLACEMENT_3D('',#6671,#5442,#5443);
#4845=AXIS2_PLACEMENT_3D('',#6672,#5444,#5445);
#4846=AXIS2_PLACEMENT_3D('',#6674,#5447,#5448);
#4847=AXIS2_PLACEMENT_3D('',#6677,#5451,#5452);
#4848=AXIS2_PLACEMENT_3D('',#6683,#5456,#5457);
#4849=AXIS2_PLACEMENT_3D('',#6685,#5459,#5460);
#4850=AXIS2_PLACEMENT_3D('',#6686,#5461,#5462);
#4851=AXIS2_PLACEMENT_3D('',#6688,#5464,#5465);
#4852=AXIS2_PLACEMENT_3D('',#6690,#5467,#5468);
#4853=AXIS2_PLACEMENT_3D('',#6692,#5470,#5471);
#4854=AXIS2_PLACEMENT_3D('',#6693,#5472,#5473);
#4855=AXIS2_PLACEMENT_3D('',#6694,#5474,#5475);
#4856=AXIS2_PLACEMENT_3D('',#6695,#5476,#5477);
#4857=AXIS2_PLACEMENT_3D('',#6696,#5478,#5479);
#4858=AXIS2_PLACEMENT_3D('',#6705,#5484,#5485);
#4859=AXIS2_PLACEMENT_3D('',#6714,#5490,#5491);
#4860=AXIS2_PLACEMENT_3D('',#6723,#5496,#5497);
#4861=AXIS2_PLACEMENT_3D('',#6732,#5502,#5503);
#4862=AXIS2_PLACEMENT_3D('',#6769,#5524,#5525);
#4863=AXIS2_PLACEMENT_3D('',#6778,#5530,#5531);
#4864=AXIS2_PLACEMENT_3D('',#6785,#5536,#5537);
#4865=AXIS2_PLACEMENT_3D('',#6789,#5540,#5541);
#4866=AXIS2_PLACEMENT_3D('',#6794,#5545,#5546);
#4867=AXIS2_PLACEMENT_3D('',#6795,#5547,#5548);
#4868=AXIS2_PLACEMENT_3D('',#6804,#5553,#5554);
#4869=AXIS2_PLACEMENT_3D('',#6810,#5558,#5559);
#4870=AXIS2_PLACEMENT_3D('',#6815,#5563,#5564);
#4871=AXIS2_PLACEMENT_3D('',#6819,#5567,#5568);
#4872=AXIS2_PLACEMENT_3D('',#6823,#5571,#5572);
#4873=AXIS2_PLACEMENT_3D('',#6827,#5575,#5576);
#4874=AXIS2_PLACEMENT_3D('',#6833,#5580,#5581);
#4875=AXIS2_PLACEMENT_3D('',#6836,#5584,#5585);
#4876=AXIS2_PLACEMENT_3D('',#6837,#5586,#5587);
#4877=AXIS2_PLACEMENT_3D('',#6846,#5592,#5593);
#4878=AXIS2_PLACEMENT_3D('',#6851,#5597,#5598);
#4879=AXIS2_PLACEMENT_3D('',#6855,#5601,#5602);
#4880=AXIS2_PLACEMENT_3D('',#6858,#5605,#5606);
#4881=AXIS2_PLACEMENT_3D('',#6859,#5607,#5608);
#4882=AXIS2_PLACEMENT_3D('',#6868,#5613,#5614);
#4883=AXIS2_PLACEMENT_3D('',#6873,#5618,#5619);
#4884=AXIS2_PLACEMENT_3D('',#6877,#5622,#5623);
#4885=AXIS2_PLACEMENT_3D('',#6880,#5626,#5627);
#4886=AXIS2_PLACEMENT_3D('',#6881,#5628,#5629);
#4887=AXIS2_PLACEMENT_3D('',#6890,#5634,#5635);
#4888=AXIS2_PLACEMENT_3D('',#6895,#5639,#5640);
#4889=AXIS2_PLACEMENT_3D('',#6899,#5643,#5644);
#4890=AXIS2_PLACEMENT_3D('',#6902,#5647,#5648);
#4891=AXIS2_PLACEMENT_3D('',#6903,#5649,#5650);
#4892=AXIS2_PLACEMENT_3D('',#6912,#5655,#5656);
#4893=AXIS2_PLACEMENT_3D('',#6917,#5660,#5661);
#4894=AXIS2_PLACEMENT_3D('',#6921,#5664,#5665);
#4895=AXIS2_PLACEMENT_3D('',#6924,#5668,#5669);
#4896=AXIS2_PLACEMENT_3D('',#6925,#5670,#5671);
#4897=AXIS2_PLACEMENT_3D('',#6926,#5672,#5673);
#4898=AXIS2_PLACEMENT_3D('',#6927,#5674,#5675);
#4899=AXIS2_PLACEMENT_3D('',#6952,#5688,#5689);
#4900=AXIS2_PLACEMENT_3D('',#6958,#5693,#5694);
#4901=AXIS2_PLACEMENT_3D('',#6962,#5697,#5698);
#4902=AXIS2_PLACEMENT_3D('',#6966,#5701,#5702);
#4903=AXIS2_PLACEMENT_3D('',#6970,#5705,#5706);
#4904=AXIS2_PLACEMENT_3D('',#6974,#5709,#5710);
#4905=AXIS2_PLACEMENT_3D('',#6978,#5713,#5714);
#4906=AXIS2_PLACEMENT_3D('',#6987,#5719,#5720);
#4907=AXIS2_PLACEMENT_3D('',#6993,#5724,#5725);
#4908=AXIS2_PLACEMENT_3D('',#6997,#5728,#5729);
#4909=AXIS2_PLACEMENT_3D('',#7006,#5734,#5735);
#4910=AXIS2_PLACEMENT_3D('',#7012,#5739,#5740);
#4911=AXIS2_PLACEMENT_3D('',#7016,#5743,#5744);
#4912=AXIS2_PLACEMENT_3D('',#7020,#5747,#5748);
#4913=AXIS2_PLACEMENT_3D('',#7024,#5751,#5752);
#4914=AXIS2_PLACEMENT_3D('',#7026,#5754,#5755);
#4915=AXIS2_PLACEMENT_3D('',#7030,#5758,#5759);
#4916=AXIS2_PLACEMENT_3D('',#7036,#5763,#5764);
#4917=AXIS2_PLACEMENT_3D('',#7038,#5766,#5767);
#4918=AXIS2_PLACEMENT_3D('',#7042,#5770,#5771);
#4919=AXIS2_PLACEMENT_3D('',#7046,#5774,#5775);
#4920=AXIS2_PLACEMENT_3D('',#7048,#5777,#5778);
#4921=AXIS2_PLACEMENT_3D('',#7050,#5780,#5781);
#4922=AXIS2_PLACEMENT_3D('',#7059,#5786,#5787);
#4923=AXIS2_PLACEMENT_3D('',#7065,#5791,#5792);
#4924=AXIS2_PLACEMENT_3D('',#7071,#5796,#5797);
#4925=AXIS2_PLACEMENT_3D('',#7074,#5800,#5801);
#4926=AXIS2_PLACEMENT_3D('',#7075,#5802,#5803);
#4927=AXIS2_PLACEMENT_3D('',#7076,#5804,#5805);
#4928=AXIS2_PLACEMENT_3D('',#7077,#5806,#5807);
#4929=AXIS2_PLACEMENT_3D('',#7086,#5812,#5813);
#4930=AXIS2_PLACEMENT_3D('',#7092,#5817,#5818);
#4931=AXIS2_PLACEMENT_3D('',#7098,#5822,#5823);
#4932=AXIS2_PLACEMENT_3D('',#7101,#5826,#5827);
#4933=AXIS2_PLACEMENT_3D('',#7110,#5832,#5833);
#4934=AXIS2_PLACEMENT_3D('',#7116,#5837,#5838);
#4935=AXIS2_PLACEMENT_3D('',#7122,#5842,#5843);
#4936=AXIS2_PLACEMENT_3D('',#7125,#5846,#5847);
#4937=AXIS2_PLACEMENT_3D('',#7126,#5848,#5849);
#4938=AXIS2_PLACEMENT_3D('',#7127,#5850,#5851);
#4939=AXIS2_PLACEMENT_3D('',#7128,#5852,#5853);
#4940=AXIS2_PLACEMENT_3D('',#7129,#5854,#5855);
#4941=AXIS2_PLACEMENT_3D('',#7140,#5861,#5862);
#4942=AXIS2_PLACEMENT_3D('',#7149,#5867,#5868);
#4943=AXIS2_PLACEMENT_3D('',#7155,#5872,#5873);
#4944=AXIS2_PLACEMENT_3D('',#7161,#5877,#5878);
#4945=AXIS2_PLACEMENT_3D('',#7167,#5882,#5883);
#4946=AXIS2_PLACEMENT_3D('',#7173,#5887,#5888);
#4947=AXIS2_PLACEMENT_3D('',#7179,#5892,#5893);
#4948=AXIS2_PLACEMENT_3D('',#7185,#5897,#5898);
#4949=AXIS2_PLACEMENT_3D('',#7191,#5902,#5903);
#4950=AXIS2_PLACEMENT_3D('',#7197,#5907,#5908);
#4951=AXIS2_PLACEMENT_3D('',#7203,#5912,#5913);
#4952=AXIS2_PLACEMENT_3D('',#7209,#5917,#5918);
#4953=AXIS2_PLACEMENT_3D('',#7218,#5923,#5924);
#4954=AXIS2_PLACEMENT_3D('',#7221,#5927,#5928);
#4955=AXIS2_PLACEMENT_3D('',#7228,#5933,#5934);
#4956=AXIS2_PLACEMENT_3D('',#7230,#5936,#5937);
#4957=AXIS2_PLACEMENT_3D('',#7234,#5940,#5941);
#4958=AXIS2_PLACEMENT_3D('',#7238,#5944,#5945);
#4959=AXIS2_PLACEMENT_3D('',#7242,#5948,#5949);
#4960=AXIS2_PLACEMENT_3D('',#7244,#5951,#5952);
#4961=AXIS2_PLACEMENT_3D('',#7245,#5953,#5954);
#4962=AXIS2_PLACEMENT_3D('',#7254,#5959,#5960);
#4963=AXIS2_PLACEMENT_3D('',#7260,#5964,#5965);
#4964=AXIS2_PLACEMENT_3D('',#7286,#5979,#5980);
#4965=AXIS2_PLACEMENT_3D('',#7296,#5986,#5987);
#4966=AXIS2_PLACEMENT_3D('',#7307,#5993,#5994);
#4967=AXIS2_PLACEMENT_3D('',#7312,#5998,#5999);
#4968=AXIS2_PLACEMENT_3D('',#7316,#6002,#6003);
#4969=AXIS2_PLACEMENT_3D('',#7320,#6006,#6007);
#4970=AXIS2_PLACEMENT_3D('',#7324,#6010,#6011);
#4971=AXIS2_PLACEMENT_3D('',#7328,#6014,#6015);
#4972=AXIS2_PLACEMENT_3D('',#7332,#6018,#6019);
#4973=AXIS2_PLACEMENT_3D('',#7336,#6022,#6023);
#4974=AXIS2_PLACEMENT_3D('',#7340,#6026,#6027);
#4975=AXIS2_PLACEMENT_3D('',#7344,#6030,#6031);
#4976=AXIS2_PLACEMENT_3D('',#7348,#6034,#6035);
#4977=AXIS2_PLACEMENT_3D('',#7350,#6037,#6038);
#4978=AXIS2_PLACEMENT_3D('',#7356,#6042,#6043);
#4979=AXIS2_PLACEMENT_3D('',#7359,#6046,#6047);
#4980=AXIS2_PLACEMENT_3D('',#7360,#6048,#6049);
#4981=AXIS2_PLACEMENT_3D('',#7362,#6051,#6052);
#4982=AXIS2_PLACEMENT_3D('',#7364,#6054,#6055);
#4983=AXIS2_PLACEMENT_3D('',#7365,#6056,#6057);
#4984=AXIS2_PLACEMENT_3D('',#7366,#6058,#6059);
#4985=AXIS2_PLACEMENT_3D('',#7367,#6060,#6061);
#4986=AXIS2_PLACEMENT_3D('',#7368,#6062,#6063);
#4987=AXIS2_PLACEMENT_3D('',#7369,#6064,#6065);
#4988=AXIS2_PLACEMENT_3D('',#7370,#6066,#6067);
#4989=AXIS2_PLACEMENT_3D('',#7371,#6068,#6069);
#4990=AXIS2_PLACEMENT_3D('',#7372,#6070,#6071);
#4991=AXIS2_PLACEMENT_3D('',#7373,#6072,#6073);
#4992=AXIS2_PLACEMENT_3D('',#7382,#6078,#6079);
#4993=AXIS2_PLACEMENT_3D('',#7388,#6083,#6084);
#4994=AXIS2_PLACEMENT_3D('',#7397,#6089,#6090);
#4995=AXIS2_PLACEMENT_3D('',#7401,#6093,#6094);
#4996=AXIS2_PLACEMENT_3D('',#7413,#6101,#6102);
#4997=AXIS2_PLACEMENT_3D('',#7415,#6104,#6105);
#4998=AXIS2_PLACEMENT_3D('',#7424,#6110,#6111);
#4999=AXIS2_PLACEMENT_3D('',#7430,#6116,#6117);
#5000=AXIS2_PLACEMENT_3D('',#7438,#6122,#6123);
#5001=AXIS2_PLACEMENT_3D('',#7443,#6127,#6128);
#5002=AXIS2_PLACEMENT_3D('',#7445,#6130,#6131);
#5003=AXIS2_PLACEMENT_3D('',#7446,#6132,#6133);
#5004=AXIS2_PLACEMENT_3D('',#7448,#6135,#6136);
#5005=AXIS2_PLACEMENT_3D('',#7450,#6138,#6139);
#5006=AXIS2_PLACEMENT_3D('',#7451,#6140,#6141);
#5007=AXIS2_PLACEMENT_3D('',#7452,#6142,#6143);
#5008=AXIS2_PLACEMENT_3D('',#7453,#6144,#6145);
#5009=AXIS2_PLACEMENT_3D('',#7454,#6146,#6147);
#5010=AXIS2_PLACEMENT_3D('',#7455,#6148,#6149);
#5011=AXIS2_PLACEMENT_3D('',#7456,#6150,#6151);
#5012=AXIS2_PLACEMENT_3D('',#7457,#6152,#6153);
#5013=AXIS2_PLACEMENT_3D('',#7458,#6154,#6155);
#5014=DIRECTION('axis',(0.,0.,1.));
#5015=DIRECTION('refdir',(1.,0.,0.));
#5016=DIRECTION('axis',(0.,0.,1.));
#5017=DIRECTION('refdir',(1.,0.,0.));
#5018=DIRECTION('axis',(0.,0.,1.));
#5019=DIRECTION('refdir',(1.,0.,0.));
#5020=DIRECTION('center_axis',(1.,0.,0.));
#5021=DIRECTION('ref_axis',(0.,1.,0.));
#5022=DIRECTION('',(0.,1.,0.));
#5023=DIRECTION('',(0.,0.,1.));
#5024=DIRECTION('',(0.,1.,0.));
#5025=DIRECTION('',(0.,0.,1.));
#5026=DIRECTION('center_axis',(0.,1.,0.));
#5027=DIRECTION('ref_axis',(-1.,0.,0.));
#5028=DIRECTION('',(-1.,0.,0.));
#5029=DIRECTION('',(-1.,0.,0.));
#5030=DIRECTION('',(0.,0.,1.));
#5031=DIRECTION('center_axis',(-1.,0.,0.));
#5032=DIRECTION('ref_axis',(0.,-1.,0.));
#5033=DIRECTION('',(0.,-1.,0.));
#5034=DIRECTION('',(0.,-1.,0.));
#5035=DIRECTION('',(0.,0.,1.));
#5036=DIRECTION('center_axis',(0.,-1.,0.));
#5037=DIRECTION('ref_axis',(1.,0.,0.));
#5038=DIRECTION('',(1.,0.,0.));
#5039=DIRECTION('',(1.,0.,0.));
#5040=DIRECTION('center_axis',(1.,0.,0.));
#5041=DIRECTION('ref_axis',(0.,1.,0.));
#5042=DIRECTION('',(0.,-1.,0.));
#5043=DIRECTION('',(0.,0.,1.));
#5044=DIRECTION('',(0.,1.,0.));
#5045=DIRECTION('',(0.,0.,1.));
#5046=DIRECTION('center_axis',(0.,-1.,0.));
#5047=DIRECTION('ref_axis',(1.,0.,0.));
#5048=DIRECTION('',(-1.,0.,0.));
#5049=DIRECTION('',(1.,0.,0.));
#5050=DIRECTION('',(0.,0.,1.));
#5051=DIRECTION('center_axis',(-1.,0.,0.));
#5052=DIRECTION('ref_axis',(0.,-1.,0.));
#5053=DIRECTION('',(0.,1.,0.));
#5054=DIRECTION('',(0.,-1.,0.));
#5055=DIRECTION('',(0.,0.,1.));
#5056=DIRECTION('center_axis',(0.,1.,0.));
#5057=DIRECTION('ref_axis',(-1.,0.,0.));
#5058=DIRECTION('',(1.,0.,0.));
#5059=DIRECTION('',(-1.,0.,0.));
#5060=DIRECTION('center_axis',(0.,0.,1.));
#5061=DIRECTION('ref_axis',(1.,0.,0.));
#5062=DIRECTION('center_axis',(0.,0.,1.));
#5063=DIRECTION('ref_axis',(1.,0.,0.));
#5064=DIRECTION('axis',(0.,0.,1.));
#5065=DIRECTION('refdir',(1.,0.,0.));
#5066=DIRECTION('center_axis',(-1.,0.,0.));
#5067=DIRECTION('ref_axis',(0.,-1.,0.));
#5068=DIRECTION('',(0.,-1.,0.));
#5069=DIRECTION('',(0.,0.,1.));
#5070=DIRECTION('',(0.,1.,0.));
#5071=DIRECTION('',(0.,0.,1.));
#5072=DIRECTION('center_axis',(0.,0.,1.));
#5073=DIRECTION('ref_axis',(1.,0.,0.));
#5074=DIRECTION('',(1.,0.,0.));
#5075=DIRECTION('',(0.,-1.,0.));
#5076=DIRECTION('',(-1.,0.,0.));
#5077=DIRECTION('',(0.,1.,0.));
#5078=DIRECTION('center_axis',(0.,0.,1.));
#5079=DIRECTION('ref_axis',(1.,0.,0.));
#5080=DIRECTION('',(1.,0.,0.));
#5081=DIRECTION('',(0.,-1.,0.));
#5082=DIRECTION('',(-1.,0.,0.));
#5083=DIRECTION('',(0.,1.,0.));
#5084=DIRECTION('center_axis',(0.,0.,1.));
#5085=DIRECTION('ref_axis',(1.,0.,0.));
#5086=DIRECTION('',(-1.,0.,0.));
#5087=DIRECTION('',(0.,1.,0.));
#5088=DIRECTION('',(1.,0.,0.));
#5089=DIRECTION('',(0.,-1.,0.));
#5090=DIRECTION('center_axis',(0.,0.,1.));
#5091=DIRECTION('ref_axis',(1.,0.,0.));
#5092=DIRECTION('',(1.,0.,0.));
#5093=DIRECTION('',(0.,-1.,0.));
#5094=DIRECTION('',(-1.,0.,0.));
#5095=DIRECTION('',(0.,1.,0.));
#5096=DIRECTION('center_axis',(0.,0.,1.));
#5097=DIRECTION('ref_axis',(1.,0.,0.));
#5098=DIRECTION('',(-1.,0.,0.));
#5099=DIRECTION('',(0.,1.,0.));
#5100=DIRECTION('',(1.,0.,0.));
#5101=DIRECTION('',(0.,-1.,0.));
#5102=DIRECTION('center_axis',(0.,0.,1.));
#5103=DIRECTION('ref_axis',(1.,0.,0.));
#5104=DIRECTION('',(-1.,0.,0.));
#5105=DIRECTION('',(0.,1.,0.));
#5106=DIRECTION('',(1.,0.,0.));
#5107=DIRECTION('',(0.,-1.,0.));
#5108=DIRECTION('center_axis',(0.,0.,1.));
#5109=DIRECTION('ref_axis',(1.,0.,0.));
#5110=DIRECTION('',(1.,0.,0.));
#5111=DIRECTION('',(0.,-1.,0.));
#5112=DIRECTION('',(-1.,0.,0.));
#5113=DIRECTION('',(0.,1.,0.));
#5114=DIRECTION('center_axis',(0.,0.,1.));
#5115=DIRECTION('ref_axis',(1.,0.,0.));
#5116=DIRECTION('',(1.,0.,0.));
#5117=DIRECTION('',(-1.,0.,0.));
#5118=DIRECTION('',(0.,1.,0.));
#5119=DIRECTION('',(1.,0.,0.));
#5120=DIRECTION('',(-4.08381364308351E-17,1.,0.));
#5121=DIRECTION('',(-1.,-3.2340027115748E-17,0.));
#5122=DIRECTION('',(0.,-1.,0.));
#5123=DIRECTION('center_axis',(-1.,0.,0.));
#5124=DIRECTION('ref_axis',(0.,-1.,0.));
#5125=DIRECTION('',(0.,-1.,0.));
#5126=DIRECTION('',(0.,0.,1.));
#5127=DIRECTION('',(0.,0.,1.));
#5128=DIRECTION('',(0.,0.,1.));
#5129=DIRECTION('',(0.,1.,0.));
#5130=DIRECTION('',(0.,0.,1.));
#5131=DIRECTION('center_axis',(-3.2340027115748E-17,1.,0.));
#5132=DIRECTION('ref_axis',(-1.,-3.2340027115748E-17,0.));
#5133=DIRECTION('',(-1.,-3.2340027115748E-17,0.));
#5134=DIRECTION('',(0.,0.,1.));
#5135=DIRECTION('',(0.,0.,1.));
#5136=DIRECTION('',(1.,0.,0.));
#5137=DIRECTION('',(0.,0.,1.));
#5138=DIRECTION('',(0.,0.,1.));
#5139=DIRECTION('',(1.,0.,0.));
#5140=DIRECTION('',(0.,0.,1.));
#5141=DIRECTION('center_axis',(1.,4.08381364308351E-17,0.));
#5142=DIRECTION('ref_axis',(-4.08381364308351E-17,1.,0.));
#5143=DIRECTION('',(-4.08381364308351E-17,1.,0.));
#5144=DIRECTION('',(0.,0.,1.));
#5145=DIRECTION('',(0.,0.,1.));
#5146=DIRECTION('',(0.,-1.,0.));
#5147=DIRECTION('',(0.,0.,1.));
#5148=DIRECTION('',(0.,0.,1.));
#5149=DIRECTION('',(0.,-1.,0.));
#5150=DIRECTION('',(0.,0.,1.));
#5151=DIRECTION('center_axis',(0.,-1.,0.));
#5152=DIRECTION('ref_axis',(1.,0.,0.));
#5153=DIRECTION('',(1.,0.,0.));
#5154=DIRECTION('',(0.,0.,1.));
#5155=DIRECTION('',(-1.,0.,0.));
#5156=DIRECTION('',(0.,0.,1.));
#5157=DIRECTION('',(-1.,0.,0.));
#5158=DIRECTION('',(0.,0.,1.));
#5159=DIRECTION('',(0.,0.,1.));
#5160=DIRECTION('',(-1.,0.,0.));
#5161=DIRECTION('',(0.,0.,1.));
#5162=DIRECTION('center_axis',(0.,0.,1.));
#5163=DIRECTION('ref_axis',(1.,0.,0.));
#5164=DIRECTION('',(1.,0.,0.));
#5165=DIRECTION('',(0.,1.,0.));
#5166=DIRECTION('',(-1.,0.,0.));
#5167=DIRECTION('center_axis',(0.,0.,1.));
#5168=DIRECTION('ref_axis',(1.,0.,0.));
#5169=DIRECTION('',(-1.,0.,0.));
#5170=DIRECTION('',(0.,-1.,0.));
#5171=DIRECTION('',(0.,1.,0.));
#5172=DIRECTION('center_axis',(0.,0.,1.));
#5173=DIRECTION('ref_axis',(1.,0.,0.));
#5174=DIRECTION('',(0.,-1.,0.));
#5175=DIRECTION('',(1.,0.,0.));
#5176=DIRECTION('',(0.,1.,0.));
#5177=DIRECTION('center_axis',(0.,0.,1.));
#5178=DIRECTION('ref_axis',(1.,0.,0.));
#5179=DIRECTION('',(-1.,0.,0.));
#5180=DIRECTION('',(0.,-1.,0.));
#5181=DIRECTION('',(1.,0.,0.));
#5182=DIRECTION('center_axis',(-1.,0.,0.));
#5183=DIRECTION('ref_axis',(0.,-1.,0.));
#5184=DIRECTION('',(0.,0.,1.));
#5185=DIRECTION('center_axis',(0.,1.,0.));
#5186=DIRECTION('ref_axis',(-1.,0.,0.));
#5187=DIRECTION('',(0.,0.,1.));
#5188=DIRECTION('center_axis',(0.,0.,1.));
#5189=DIRECTION('ref_axis',(1.,0.,0.));
#5190=DIRECTION('',(1.,0.,0.));
#5191=DIRECTION('',(0.,1.,0.));
#5192=DIRECTION('',(0.,-1.,0.));
#5193=DIRECTION('center_axis',(0.,0.,1.));
#5194=DIRECTION('ref_axis',(1.,0.,0.));
#5195=DIRECTION('',(0.,-1.,0.));
#5196=DIRECTION('',(1.,0.,0.));
#5197=DIRECTION('center_axis',(1.,0.,0.));
#5198=DIRECTION('ref_axis',(0.,1.,0.));
#5199=DIRECTION('',(0.,0.,1.));
#5200=DIRECTION('center_axis',(-1.,0.,0.));
#5201=DIRECTION('ref_axis',(0.,-1.,0.));
#5202=DIRECTION('',(0.,0.,1.));
#5203=DIRECTION('center_axis',(1.,0.,0.));
#5204=DIRECTION('ref_axis',(0.,1.,0.));
#5205=DIRECTION('',(0.,0.,1.));
#5206=DIRECTION('center_axis',(-1.,0.,0.));
#5207=DIRECTION('ref_axis',(0.,-1.,0.));
#5208=DIRECTION('',(0.,0.,1.));
#5209=DIRECTION('center_axis',(1.,0.,0.));
#5210=DIRECTION('ref_axis',(0.,1.,0.));
#5211=DIRECTION('',(0.,1.,0.));
#5212=DIRECTION('',(0.,0.,1.));
#5213=DIRECTION('',(0.,1.,0.));
#5214=DIRECTION('',(0.,0.,1.));
#5215=DIRECTION('',(0.,0.,1.));
#5216=DIRECTION('center_axis',(0.,-1.,0.));
#5217=DIRECTION('ref_axis',(1.,0.,0.));
#5218=DIRECTION('center_axis',(0.,-1.,0.));
#5219=DIRECTION('ref_axis',(1.,0.,0.));
#5220=DIRECTION('',(0.,0.,1.));
#5221=DIRECTION('center_axis',(-1.,0.,0.));
#5222=DIRECTION('ref_axis',(0.,-1.,0.));
#5223=DIRECTION('',(0.,-1.,0.));
#5224=DIRECTION('',(0.,0.,1.));
#5225=DIRECTION('',(0.,-1.,0.));
#5226=DIRECTION('',(0.,0.,1.));
#5227=DIRECTION('',(0.,0.,1.));
#5228=DIRECTION('',(0.,1.,0.));
#5229=DIRECTION('',(0.,0.,1.));
#5230=DIRECTION('',(0.,0.,1.));
#5231=DIRECTION('center_axis',(0.,1.,0.));
#5232=DIRECTION('ref_axis',(-1.,0.,0.));
#5233=DIRECTION('',(-1.,0.,0.));
#5234=DIRECTION('',(-1.,0.,0.));
#5235=DIRECTION('',(0.,0.,1.));
#5236=DIRECTION('center_axis',(1.,0.,0.));
#5237=DIRECTION('ref_axis',(0.,1.,0.));
#5238=DIRECTION('center_axis',(0.,0.,1.));
#5239=DIRECTION('ref_axis',(1.,0.,0.));
#5240=DIRECTION('',(1.,0.,0.));
#5241=DIRECTION('center_axis',(0.,0.,1.));
#5242=DIRECTION('ref_axis',(1.,0.,0.));
#5243=DIRECTION('',(1.,0.,0.));
#5244=DIRECTION('',(-1.,0.,0.));
#5245=DIRECTION('center_axis',(0.,0.,1.));
#5246=DIRECTION('ref_axis',(1.,0.,0.));
#5247=DIRECTION('',(-1.,0.,0.));
#5248=DIRECTION('',(0.,-1.,0.));
#5249=DIRECTION('',(0.,1.,0.));
#5250=DIRECTION('center_axis',(1.,0.,0.));
#5251=DIRECTION('ref_axis',(0.,1.,0.));
#5252=DIRECTION('',(0.,0.,1.));
#5253=DIRECTION('center_axis',(0.,1.,0.));
#5254=DIRECTION('ref_axis',(-1.,0.,0.));
#5255=DIRECTION('center_axis',(0.,0.,1.));
#5256=DIRECTION('ref_axis',(1.,0.,0.));
#5257=DIRECTION('',(1.,0.,0.));
#5258=DIRECTION('center_axis',(1.,0.,0.));
#5259=DIRECTION('ref_axis',(0.,1.,0.));
#5260=DIRECTION('',(0.,0.,1.));
#5261=DIRECTION('center_axis',(0.,-1.,0.));
#5262=DIRECTION('ref_axis',(1.,0.,0.));
#5263=DIRECTION('',(0.,0.,1.));
#5264=DIRECTION('center_axis',(-1.,0.,0.));
#5265=DIRECTION('ref_axis',(0.,-1.,0.));
#5266=DIRECTION('center_axis',(0.,-1.,0.));
#5267=DIRECTION('ref_axis',(1.,0.,0.));
#5268=DIRECTION('center_axis',(0.,1.,0.));
#5269=DIRECTION('ref_axis',(-1.,0.,0.));
#5270=DIRECTION('axis',(0.,0.,1.));
#5271=DIRECTION('refdir',(1.,0.,0.));
#5272=DIRECTION('center_axis',(-1.,0.,0.));
#5273=DIRECTION('ref_axis',(0.,-1.,0.));
#5274=DIRECTION('',(0.,-1.,0.));
#5275=DIRECTION('',(0.,0.,1.));
#5276=DIRECTION('',(0.,1.,0.));
#5277=DIRECTION('',(0.,0.,1.));
#5278=DIRECTION('center_axis',(0.,0.,1.));
#5279=DIRECTION('ref_axis',(1.,0.,0.));
#5280=DIRECTION('',(1.,0.,0.));
#5281=DIRECTION('',(0.,-1.,0.));
#5282=DIRECTION('',(-1.,0.,0.));
#5283=DIRECTION('',(0.,1.,0.));
#5284=DIRECTION('center_axis',(0.,0.,1.));
#5285=DIRECTION('ref_axis',(1.,0.,0.));
#5286=DIRECTION('',(1.,0.,0.));
#5287=DIRECTION('',(0.,-1.,0.));
#5288=DIRECTION('',(-1.,0.,0.));
#5289=DIRECTION('',(0.,1.,0.));
#5290=DIRECTION('center_axis',(0.,0.,1.));
#5291=DIRECTION('ref_axis',(1.,0.,0.));
#5292=DIRECTION('',(-1.,0.,0.));
#5293=DIRECTION('',(0.,1.,0.));
#5294=DIRECTION('',(1.,0.,0.));
#5295=DIRECTION('',(0.,-1.,0.));
#5296=DIRECTION('center_axis',(0.,0.,1.));
#5297=DIRECTION('ref_axis',(1.,0.,0.));
#5298=DIRECTION('',(1.,0.,0.));
#5299=DIRECTION('',(0.,-1.,0.));
#5300=DIRECTION('',(-1.,0.,0.));
#5301=DIRECTION('',(0.,1.,0.));
#5302=DIRECTION('center_axis',(0.,0.,1.));
#5303=DIRECTION('ref_axis',(1.,0.,0.));
#5304=DIRECTION('',(-1.,0.,0.));
#5305=DIRECTION('',(0.,1.,0.));
#5306=DIRECTION('',(1.,0.,0.));
#5307=DIRECTION('',(0.,-1.,0.));
#5308=DIRECTION('center_axis',(0.,0.,1.));
#5309=DIRECTION('ref_axis',(1.,0.,0.));
#5310=DIRECTION('',(-1.,0.,0.));
#5311=DIRECTION('',(0.,1.,0.));
#5312=DIRECTION('',(1.,0.,0.));
#5313=DIRECTION('',(0.,-1.,0.));
#5314=DIRECTION('center_axis',(0.,0.,1.));
#5315=DIRECTION('ref_axis',(1.,0.,0.));
#5316=DIRECTION('',(1.,0.,0.));
#5317=DIRECTION('',(0.,-1.,0.));
#5318=DIRECTION('',(-1.,0.,0.));
#5319=DIRECTION('',(0.,1.,0.));
#5320=DIRECTION('center_axis',(0.,0.,1.));
#5321=DIRECTION('ref_axis',(1.,0.,0.));
#5322=DIRECTION('',(1.,0.,0.));
#5323=DIRECTION('',(-1.,0.,0.));
#5324=DIRECTION('',(0.,1.,0.));
#5325=DIRECTION('',(1.,0.,0.));
#5326=DIRECTION('',(-4.08381364308351E-17,1.,0.));
#5327=DIRECTION('',(-1.,-3.2340027115748E-17,0.));
#5328=DIRECTION('',(0.,-1.,0.));
#5329=DIRECTION('center_axis',(-1.,0.,0.));
#5330=DIRECTION('ref_axis',(0.,-1.,0.));
#5331=DIRECTION('',(0.,-1.,0.));
#5332=DIRECTION('',(0.,0.,1.));
#5333=DIRECTION('',(0.,0.,1.));
#5334=DIRECTION('',(0.,0.,1.));
#5335=DIRECTION('',(0.,1.,0.));
#5336=DIRECTION('',(0.,0.,1.));
#5337=DIRECTION('center_axis',(-3.2340027115748E-17,1.,0.));
#5338=DIRECTION('ref_axis',(-1.,-3.2340027115748E-17,0.));
#5339=DIRECTION('',(-1.,-3.2340027115748E-17,0.));
#5340=DIRECTION('',(0.,0.,1.));
#5341=DIRECTION('',(0.,0.,1.));
#5342=DIRECTION('',(1.,0.,0.));
#5343=DIRECTION('',(0.,0.,1.));
#5344=DIRECTION('',(0.,0.,1.));
#5345=DIRECTION('',(1.,0.,0.));
#5346=DIRECTION('',(0.,0.,1.));
#5347=DIRECTION('center_axis',(1.,4.08381364308351E-17,0.));
#5348=DIRECTION('ref_axis',(-4.08381364308351E-17,1.,0.));
#5349=DIRECTION('',(-4.08381364308351E-17,1.,0.));
#5350=DIRECTION('',(0.,0.,1.));
#5351=DIRECTION('',(0.,0.,1.));
#5352=DIRECTION('',(0.,-1.,0.));
#5353=DIRECTION('',(0.,0.,1.));
#5354=DIRECTION('',(0.,0.,1.));
#5355=DIRECTION('',(0.,-1.,0.));
#5356=DIRECTION('',(0.,0.,1.));
#5357=DIRECTION('center_axis',(0.,-1.,0.));
#5358=DIRECTION('ref_axis',(1.,0.,0.));
#5359=DIRECTION('',(1.,0.,0.));
#5360=DIRECTION('',(0.,0.,1.));
#5361=DIRECTION('',(-1.,0.,0.));
#5362=DIRECTION('',(0.,0.,1.));
#5363=DIRECTION('',(-1.,0.,0.));
#5364=DIRECTION('',(0.,0.,1.));
#5365=DIRECTION('',(0.,0.,1.));
#5366=DIRECTION('',(-1.,0.,0.));
#5367=DIRECTION('',(0.,0.,1.));
#5368=DIRECTION('center_axis',(0.,0.,1.));
#5369=DIRECTION('ref_axis',(1.,0.,0.));
#5370=DIRECTION('',(1.,0.,0.));
#5371=DIRECTION('',(0.,1.,0.));
#5372=DIRECTION('',(-1.,0.,0.));
#5373=DIRECTION('center_axis',(0.,0.,1.));
#5374=DIRECTION('ref_axis',(1.,0.,0.));
#5375=DIRECTION('',(-1.,0.,0.));
#5376=DIRECTION('',(0.,-1.,0.));
#5377=DIRECTION('',(0.,1.,0.));
#5378=DIRECTION('center_axis',(0.,0.,1.));
#5379=DIRECTION('ref_axis',(1.,0.,0.));
#5380=DIRECTION('',(0.,-1.,0.));
#5381=DIRECTION('',(1.,0.,0.));
#5382=DIRECTION('',(0.,1.,0.));
#5383=DIRECTION('center_axis',(0.,0.,1.));
#5384=DIRECTION('ref_axis',(1.,0.,0.));
#5385=DIRECTION('',(-1.,0.,0.));
#5386=DIRECTION('',(0.,-1.,0.));
#5387=DIRECTION('',(1.,0.,0.));
#5388=DIRECTION('center_axis',(-1.,0.,0.));
#5389=DIRECTION('ref_axis',(0.,-1.,0.));
#5390=DIRECTION('',(0.,0.,1.));
#5391=DIRECTION('center_axis',(0.,1.,0.));
#5392=DIRECTION('ref_axis',(-1.,0.,0.));
#5393=DIRECTION('',(0.,0.,1.));
#5394=DIRECTION('center_axis',(0.,0.,1.));
#5395=DIRECTION('ref_axis',(1.,0.,0.));
#5396=DIRECTION('',(1.,0.,0.));
#5397=DIRECTION('',(0.,1.,0.));
#5398=DIRECTION('',(0.,-1.,0.));
#5399=DIRECTION('center_axis',(0.,0.,1.));
#5400=DIRECTION('ref_axis',(1.,0.,0.));
#5401=DIRECTION('',(0.,-1.,0.));
#5402=DIRECTION('',(1.,0.,0.));
#5403=DIRECTION('center_axis',(1.,0.,0.));
#5404=DIRECTION('ref_axis',(0.,1.,0.));
#5405=DIRECTION('',(0.,0.,1.));
#5406=DIRECTION('center_axis',(-1.,0.,0.));
#5407=DIRECTION('ref_axis',(0.,-1.,0.));
#5408=DIRECTION('',(0.,0.,1.));
#5409=DIRECTION('center_axis',(1.,0.,0.));
#5410=DIRECTION('ref_axis',(0.,1.,0.));
#5411=DIRECTION('',(0.,0.,1.));
#5412=DIRECTION('center_axis',(-1.,0.,0.));
#5413=DIRECTION('ref_axis',(0.,-1.,0.));
#5414=DIRECTION('',(0.,0.,1.));
#5415=DIRECTION('center_axis',(1.,0.,0.));
#5416=DIRECTION('ref_axis',(0.,1.,0.));
#5417=DIRECTION('',(0.,1.,0.));
#5418=DIRECTION('',(0.,0.,1.));
#5419=DIRECTION('',(0.,1.,0.));
#5420=DIRECTION('',(0.,0.,1.));
#5421=DIRECTION('',(0.,0.,1.));
#5422=DIRECTION('center_axis',(0.,-1.,0.));
#5423=DIRECTION('ref_axis',(1.,0.,0.));
#5424=DIRECTION('center_axis',(0.,-1.,0.));
#5425=DIRECTION('ref_axis',(1.,0.,0.));
#5426=DIRECTION('',(0.,0.,1.));
#5427=DIRECTION('center_axis',(-1.,0.,0.));
#5428=DIRECTION('ref_axis',(0.,-1.,0.));
#5429=DIRECTION('',(0.,-1.,0.));
#5430=DIRECTION('',(0.,0.,1.));
#5431=DIRECTION('',(0.,-1.,0.));
#5432=DIRECTION('',(0.,0.,1.));
#5433=DIRECTION('',(0.,0.,1.));
#5434=DIRECTION('',(0.,1.,0.));
#5435=DIRECTION('',(0.,0.,1.));
#5436=DIRECTION('',(0.,0.,1.));
#5437=DIRECTION('center_axis',(0.,1.,0.));
#5438=DIRECTION('ref_axis',(-1.,0.,0.));
#5439=DIRECTION('',(-1.,0.,0.));
#5440=DIRECTION('',(-1.,0.,0.));
#5441=DIRECTION('',(0.,0.,1.));
#5442=DIRECTION('center_axis',(1.,0.,0.));
#5443=DIRECTION('ref_axis',(0.,1.,0.));
#5444=DIRECTION('center_axis',(0.,0.,1.));
#5445=DIRECTION('ref_axis',(1.,0.,0.));
#5446=DIRECTION('',(1.,0.,0.));
#5447=DIRECTION('center_axis',(0.,0.,1.));
#5448=DIRECTION('ref_axis',(1.,0.,0.));
#5449=DIRECTION('',(1.,0.,0.));
#5450=DIRECTION('',(-1.,0.,0.));
#5451=DIRECTION('center_axis',(0.,0.,1.));
#5452=DIRECTION('ref_axis',(1.,0.,0.));
#5453=DIRECTION('',(-1.,0.,0.));
#5454=DIRECTION('',(0.,-1.,0.));
#5455=DIRECTION('',(0.,1.,0.));
#5456=DIRECTION('center_axis',(1.,0.,0.));
#5457=DIRECTION('ref_axis',(0.,1.,0.));
#5458=DIRECTION('',(0.,0.,1.));
#5459=DIRECTION('center_axis',(0.,1.,0.));
#5460=DIRECTION('ref_axis',(-1.,0.,0.));
#5461=DIRECTION('center_axis',(0.,0.,1.));
#5462=DIRECTION('ref_axis',(1.,0.,0.));
#5463=DIRECTION('',(1.,0.,0.));
#5464=DIRECTION('center_axis',(1.,0.,0.));
#5465=DIRECTION('ref_axis',(0.,1.,0.));
#5466=DIRECTION('',(0.,0.,1.));
#5467=DIRECTION('center_axis',(0.,-1.,0.));
#5468=DIRECTION('ref_axis',(1.,0.,0.));
#5469=DIRECTION('',(0.,0.,1.));
#5470=DIRECTION('center_axis',(-1.,0.,0.));
#5471=DIRECTION('ref_axis',(0.,-1.,0.));
#5472=DIRECTION('center_axis',(0.,-1.,0.));
#5473=DIRECTION('ref_axis',(1.,0.,0.));
#5474=DIRECTION('center_axis',(0.,1.,0.));
#5475=DIRECTION('ref_axis',(-1.,0.,0.));
#5476=DIRECTION('axis',(0.,0.,1.));
#5477=DIRECTION('refdir',(1.,0.,0.));
#5478=DIRECTION('center_axis',(0.,1.,0.));
#5479=DIRECTION('ref_axis',(1.,0.,0.));
#5480=DIRECTION('',(-1.,0.,0.));
#5481=DIRECTION('',(0.,0.,-1.));
#5482=DIRECTION('',(1.,0.,0.));
#5483=DIRECTION('',(0.,0.,-1.));
#5484=DIRECTION('center_axis',(0.,1.,0.));
#5485=DIRECTION('ref_axis',(1.,0.,0.));
#5486=DIRECTION('',(-1.,0.,0.));
#5487=DIRECTION('',(0.,0.,-1.));
#5488=DIRECTION('',(1.,0.,0.));
#5489=DIRECTION('',(0.,0.,-1.));
#5490=DIRECTION('center_axis',(0.,-1.,0.));
#5491=DIRECTION('ref_axis',(-1.,0.,0.));
#5492=DIRECTION('',(1.,0.,0.));
#5493=DIRECTION('',(0.,0.,-1.));
#5494=DIRECTION('',(-1.,0.,0.));
#5495=DIRECTION('',(0.,0.,-1.));
#5496=DIRECTION('center_axis',(0.,-1.,0.));
#5497=DIRECTION('ref_axis',(-1.,0.,0.));
#5498=DIRECTION('',(1.,0.,0.));
#5499=DIRECTION('',(0.,0.,-1.));
#5500=DIRECTION('',(-1.,0.,0.));
#5501=DIRECTION('',(0.,0.,-1.));
#5502=DIRECTION('center_axis',(0.,0.,1.));
#5503=DIRECTION('ref_axis',(-1.,0.,0.));
#5504=DIRECTION('',(0.,-1.,0.));
#5505=DIRECTION('',(0.,1.,0.));
#5506=DIRECTION('',(1.,0.,0.));
#5507=DIRECTION('',(0.,-1.,0.));
#5508=DIRECTION('',(0.,1.,0.));
#5509=DIRECTION('',(1.,0.,0.));
#5510=DIRECTION('',(0.,1.,0.));
#5511=DIRECTION('',(-1.,0.,0.));
#5512=DIRECTION('',(0.,1.,0.));
#5513=DIRECTION('',(0.,-1.,0.));
#5514=DIRECTION('',(-1.,0.,0.));
#5515=DIRECTION('',(0.,1.,0.));
#5516=DIRECTION('',(0.,-1.,0.));
#5517=DIRECTION('',(-1.,0.,0.));
#5518=DIRECTION('',(0.,1.,0.));
#5519=DIRECTION('',(1.,0.,0.));
#5520=DIRECTION('',(-1.26794893847579E-16,-1.,0.));
#5521=DIRECTION('',(-1.,0.,0.));
#5522=DIRECTION('',(0.,1.,0.));
#5523=DIRECTION('',(1.,0.,0.));
#5524=DIRECTION('center_axis',(1.,0.,0.));
#5525=DIRECTION('ref_axis',(0.,1.,0.));
#5526=DIRECTION('',(0.,-1.,0.));
#5527=DIRECTION('',(0.,0.,1.));
#5528=DIRECTION('',(0.,1.,0.));
#5529=DIRECTION('',(0.,0.,1.));
#5530=DIRECTION('center_axis',(0.,-1.,0.));
#5531=DIRECTION('ref_axis',(1.,0.,0.));
#5532=DIRECTION('',(-1.,0.,0.));
#5533=DIRECTION('',(1.,0.,0.));
#5534=DIRECTION('',(0.,0.,1.));
#5535=DIRECTION('',(0.,0.,-1.));
#5536=DIRECTION('center_axis',(-1.,1.26794893847579E-16,0.));
#5537=DIRECTION('ref_axis',(-1.26794893847579E-16,-1.,0.));
#5538=DIRECTION('',(-1.26794893847579E-16,-1.,0.));
#5539=DIRECTION('',(0.,0.,1.));
#5540=DIRECTION('center_axis',(0.,1.,0.));
#5541=DIRECTION('ref_axis',(-1.,0.,0.));
#5542=DIRECTION('',(-1.,0.,0.));
#5543=DIRECTION('',(0.,0.,-1.));
#5544=DIRECTION('',(-1.,0.,0.));
#5545=DIRECTION('center_axis',(0.,0.,1.));
#5546=DIRECTION('ref_axis',(1.,0.,0.));
#5547=DIRECTION('center_axis',(-1.,0.,0.));
#5548=DIRECTION('ref_axis',(0.,-1.,0.));
#5549=DIRECTION('',(0.,1.,0.));
#5550=DIRECTION('',(0.,0.,1.));
#5551=DIRECTION('',(0.,-1.,0.));
#5552=DIRECTION('',(0.,0.,1.));
#5553=DIRECTION('center_axis',(0.,1.,0.));
#5554=DIRECTION('ref_axis',(-1.,0.,0.));
#5555=DIRECTION('',(1.,0.,0.));
#5556=DIRECTION('',(-1.,0.,0.));
#5557=DIRECTION('',(0.,0.,1.));
#5558=DIRECTION('center_axis',(1.,0.,0.));
#5559=DIRECTION('ref_axis',(0.,1.,0.));
#5560=DIRECTION('',(0.,-1.,0.));
#5561=DIRECTION('',(0.,1.,0.));
#5562=DIRECTION('',(0.,0.,1.));
#5563=DIRECTION('center_axis',(0.,-1.,0.));
#5564=DIRECTION('ref_axis',(1.,0.,0.));
#5565=DIRECTION('',(1.,0.,0.));
#5566=DIRECTION('',(0.,0.,1.));
#5567=DIRECTION('center_axis',(1.,0.,0.));
#5568=DIRECTION('ref_axis',(0.,1.,0.));
#5569=DIRECTION('',(0.,1.,0.));
#5570=DIRECTION('',(0.,0.,1.));
#5571=DIRECTION('center_axis',(0.,1.,0.));
#5572=DIRECTION('ref_axis',(-1.,0.,0.));
#5573=DIRECTION('',(-1.,0.,0.));
#5574=DIRECTION('',(0.,0.,1.));
#5575=DIRECTION('center_axis',(1.,0.,0.));
#5576=DIRECTION('ref_axis',(0.,1.,0.));
#5577=DIRECTION('',(0.,1.,0.));
#5578=DIRECTION('',(0.,1.,0.));
#5579=DIRECTION('',(0.,0.,1.));
#5580=DIRECTION('center_axis',(0.,-1.,0.));
#5581=DIRECTION('ref_axis',(1.,0.,0.));
#5582=DIRECTION('',(-1.,0.,0.));
#5583=DIRECTION('',(1.,0.,0.));
#5584=DIRECTION('center_axis',(0.,0.,1.));
#5585=DIRECTION('ref_axis',(1.,0.,0.));
#5586=DIRECTION('center_axis',(0.,1.,0.));
#5587=DIRECTION('ref_axis',(-1.,0.,0.));
#5588=DIRECTION('',(1.,0.,0.));
#5589=DIRECTION('',(0.,0.,1.));
#5590=DIRECTION('',(-1.,0.,0.));
#5591=DIRECTION('',(0.,0.,1.));
#5592=DIRECTION('center_axis',(1.,0.,0.));
#5593=DIRECTION('ref_axis',(0.,1.,0.));
#5594=DIRECTION('',(0.,-1.,0.));
#5595=DIRECTION('',(0.,1.,0.));
#5596=DIRECTION('',(0.,0.,1.));
#5597=DIRECTION('center_axis',(0.,-1.,0.));
#5598=DIRECTION('ref_axis',(1.,0.,0.));
#5599=DIRECTION('',(1.,0.,0.));
#5600=DIRECTION('',(0.,0.,1.));
#5601=DIRECTION('center_axis',(-1.,0.,0.));
#5602=DIRECTION('ref_axis',(0.,-1.,0.));
#5603=DIRECTION('',(0.,-1.,0.));
#5604=DIRECTION('',(0.,-1.,0.));
#5605=DIRECTION('center_axis',(0.,0.,1.));
#5606=DIRECTION('ref_axis',(1.,0.,0.));
#5607=DIRECTION('center_axis',(0.,-1.,0.));
#5608=DIRECTION('ref_axis',(1.,0.,0.));
#5609=DIRECTION('',(-1.,0.,0.));
#5610=DIRECTION('',(0.,0.,1.));
#5611=DIRECTION('',(1.,0.,0.));
#5612=DIRECTION('',(0.,0.,1.));
#5613=DIRECTION('center_axis',(-1.,0.,0.));
#5614=DIRECTION('ref_axis',(0.,-1.,0.));
#5615=DIRECTION('',(0.,1.,0.));
#5616=DIRECTION('',(0.,-1.,0.));
#5617=DIRECTION('',(0.,0.,1.));
#5618=DIRECTION('center_axis',(0.,1.,0.));
#5619=DIRECTION('ref_axis',(-1.,0.,0.));
#5620=DIRECTION('',(-1.,0.,0.));
#5621=DIRECTION('',(0.,0.,1.));
#5622=DIRECTION('center_axis',(1.,0.,0.));
#5623=DIRECTION('ref_axis',(0.,1.,0.));
#5624=DIRECTION('',(0.,1.,0.));
#5625=DIRECTION('',(0.,1.,0.));
#5626=DIRECTION('center_axis',(0.,0.,1.));
#5627=DIRECTION('ref_axis',(1.,0.,0.));
#5628=DIRECTION('center_axis',(0.,-1.,0.));
#5629=DIRECTION('ref_axis',(1.,0.,0.));
#5630=DIRECTION('',(-1.,0.,0.));
#5631=DIRECTION('',(0.,0.,1.));
#5632=DIRECTION('',(1.,0.,0.));
#5633=DIRECTION('',(0.,0.,1.));
#5634=DIRECTION('center_axis',(-1.,0.,0.));
#5635=DIRECTION('ref_axis',(0.,-1.,0.));
#5636=DIRECTION('',(0.,1.,0.));
#5637=DIRECTION('',(0.,-1.,0.));
#5638=DIRECTION('',(0.,0.,1.));
#5639=DIRECTION('center_axis',(0.,1.,0.));
#5640=DIRECTION('ref_axis',(-1.,0.,0.));
#5641=DIRECTION('',(-1.,0.,0.));
#5642=DIRECTION('',(0.,0.,1.));
#5643=DIRECTION('center_axis',(1.,0.,0.));
#5644=DIRECTION('ref_axis',(0.,1.,0.));
#5645=DIRECTION('',(0.,1.,0.));
#5646=DIRECTION('',(0.,1.,0.));
#5647=DIRECTION('center_axis',(0.,0.,1.));
#5648=DIRECTION('ref_axis',(1.,0.,0.));
#5649=DIRECTION('center_axis',(0.,1.,0.));
#5650=DIRECTION('ref_axis',(-1.,0.,0.));
#5651=DIRECTION('',(1.,0.,0.));
#5652=DIRECTION('',(0.,0.,1.));
#5653=DIRECTION('',(-1.,0.,0.));
#5654=DIRECTION('',(0.,0.,1.));
#5655=DIRECTION('center_axis',(1.,0.,0.));
#5656=DIRECTION('ref_axis',(0.,1.,0.));
#5657=DIRECTION('',(0.,-1.,0.));
#5658=DIRECTION('',(0.,1.,0.));
#5659=DIRECTION('',(0.,0.,1.));
#5660=DIRECTION('center_axis',(0.,-1.,0.));
#5661=DIRECTION('ref_axis',(1.,0.,0.));
#5662=DIRECTION('',(1.,0.,0.));
#5663=DIRECTION('',(0.,0.,1.));
#5664=DIRECTION('center_axis',(-1.,0.,0.));
#5665=DIRECTION('ref_axis',(0.,-1.,0.));
#5666=DIRECTION('',(0.,-1.,0.));
#5667=DIRECTION('',(0.,-1.,0.));
#5668=DIRECTION('center_axis',(0.,0.,1.));
#5669=DIRECTION('ref_axis',(1.,0.,0.));
#5670=DIRECTION('center_axis',(0.,0.,1.));
#5671=DIRECTION('ref_axis',(-1.,0.,0.));
#5672=DIRECTION('axis',(0.,0.,1.));
#5673=DIRECTION('refdir',(1.,0.,0.));
#5674=DIRECTION('center_axis',(0.,0.,1.));
#5675=DIRECTION('ref_axis',(1.,0.,0.));
#5676=DIRECTION('',(1.,0.,0.));
#5677=DIRECTION('',(0.,-1.,0.));
#5678=DIRECTION('',(1.,0.,0.));
#5679=DIRECTION('',(0.,1.,0.));
#5680=DIRECTION('',(-1.,0.,0.));
#5681=DIRECTION('',(0.,-1.,0.));
#5682=DIRECTION('',(-1.,0.,0.));
#5683=DIRECTION('',(0.,1.,0.));
#5684=DIRECTION('',(-1.,0.,0.));
#5685=DIRECTION('',(-1.26794893847579E-16,-1.,0.));
#5686=DIRECTION('',(1.,0.,0.));
#5687=DIRECTION('',(0.,1.,0.));
#5688=DIRECTION('center_axis',(0.,1.,0.));
#5689=DIRECTION('ref_axis',(-1.,0.,0.));
#5690=DIRECTION('',(0.,0.,1.));
#5691=DIRECTION('',(-1.,0.,0.));
#5692=DIRECTION('',(0.,0.,1.));
#5693=DIRECTION('center_axis',(-1.,0.,0.));
#5694=DIRECTION('ref_axis',(0.,-1.,0.));
#5695=DIRECTION('',(0.,0.,-1.));
#5696=DIRECTION('',(0.,-1.,0.));
#5697=DIRECTION('center_axis',(0.,1.,0.));
#5698=DIRECTION('ref_axis',(-1.,0.,0.));
#5699=DIRECTION('',(0.,0.,1.));
#5700=DIRECTION('',(-1.,0.,0.));
#5701=DIRECTION('center_axis',(1.,0.,0.));
#5702=DIRECTION('ref_axis',(0.,1.,0.));
#5703=DIRECTION('',(0.,0.,1.));
#5704=DIRECTION('',(0.,1.,0.));
#5705=DIRECTION('center_axis',(0.,-1.,0.));
#5706=DIRECTION('ref_axis',(1.,0.,0.));
#5707=DIRECTION('',(0.,0.,1.));
#5708=DIRECTION('',(1.,0.,0.));
#5709=DIRECTION('center_axis',(-1.,0.,0.));
#5710=DIRECTION('ref_axis',(0.,-1.,0.));
#5711=DIRECTION('',(0.,0.,1.));
#5712=DIRECTION('',(0.,-1.,0.));
#5713=DIRECTION('center_axis',(0.,0.,-1.));
#5714=DIRECTION('ref_axis',(-1.,0.,0.));
#5715=DIRECTION('',(-1.,0.,0.));
#5716=DIRECTION('',(0.,1.,0.));
#5717=DIRECTION('',(1.,0.,0.));
#5718=DIRECTION('',(0.,-1.,0.));
#5719=DIRECTION('center_axis',(0.,1.,0.));
#5720=DIRECTION('ref_axis',(-1.,0.,0.));
#5721=DIRECTION('',(0.,0.,1.));
#5722=DIRECTION('',(-1.,0.,0.));
#5723=DIRECTION('',(0.,0.,1.));
#5724=DIRECTION('center_axis',(-1.,0.,0.));
#5725=DIRECTION('ref_axis',(0.,-1.,0.));
#5726=DIRECTION('',(0.,0.,1.));
#5727=DIRECTION('',(0.,-1.,0.));
#5728=DIRECTION('center_axis',(0.,0.,-1.));
#5729=DIRECTION('ref_axis',(-1.,0.,0.));
#5730=DIRECTION('',(-1.,0.,0.));
#5731=DIRECTION('',(0.,1.,0.));
#5732=DIRECTION('',(1.,0.,0.));
#5733=DIRECTION('',(0.,-1.,0.));
#5734=DIRECTION('center_axis',(0.,1.,0.));
#5735=DIRECTION('ref_axis',(-1.,0.,0.));
#5736=DIRECTION('',(0.,0.,-1.));
#5737=DIRECTION('',(-1.,0.,0.));
#5738=DIRECTION('',(0.,0.,1.));
#5739=DIRECTION('center_axis',(-1.,0.,0.));
#5740=DIRECTION('ref_axis',(0.,-1.,0.));
#5741=DIRECTION('',(0.,0.,1.));
#5742=DIRECTION('',(0.,-1.,0.));
#5743=DIRECTION('center_axis',(1.,0.,0.));
#5744=DIRECTION('ref_axis',(0.,1.,0.));
#5745=DIRECTION('',(0.,1.,0.));
#5746=DIRECTION('',(0.,0.,1.));
#5747=DIRECTION('center_axis',(0.,-1.,0.));
#5748=DIRECTION('ref_axis',(1.,0.,0.));
#5749=DIRECTION('',(0.,0.,1.));
#5750=DIRECTION('',(1.,0.,0.));
#5751=DIRECTION('center_axis',(1.,0.,0.));
#5752=DIRECTION('ref_axis',(0.,1.,0.));
#5753=DIRECTION('',(0.,1.,0.));
#5754=DIRECTION('center_axis',(0.,1.,0.));
#5755=DIRECTION('ref_axis',(-1.,0.,0.));
#5756=DIRECTION('',(-1.,0.,0.));
#5757=DIRECTION('',(0.,0.,1.));
#5758=DIRECTION('center_axis',(1.,0.,0.));
#5759=DIRECTION('ref_axis',(0.,1.,0.));
#5760=DIRECTION('',(0.,0.,-1.));
#5761=DIRECTION('',(0.,1.,0.));
#5762=DIRECTION('',(0.,0.,1.));
#5763=DIRECTION('center_axis',(0.,-1.,0.));
#5764=DIRECTION('ref_axis',(1.,0.,0.));
#5765=DIRECTION('',(1.,0.,0.));
#5766=DIRECTION('center_axis',(1.,0.,0.));
#5767=DIRECTION('ref_axis',(0.,1.,0.));
#5768=DIRECTION('',(0.,1.,0.));
#5769=DIRECTION('',(0.,0.,-1.));
#5770=DIRECTION('center_axis',(0.,-1.,0.));
#5771=DIRECTION('ref_axis',(1.,0.,0.));
#5772=DIRECTION('',(0.,0.,1.));
#5773=DIRECTION('',(1.,0.,0.));
#5774=DIRECTION('center_axis',(0.,-1.,0.));
#5775=DIRECTION('ref_axis',(1.,0.,0.));
#5776=DIRECTION('',(1.,0.,0.));
#5777=DIRECTION('center_axis',(-1.,1.26794893847579E-16,0.));
#5778=DIRECTION('ref_axis',(-1.26794893847579E-16,-1.,0.));
#5779=DIRECTION('',(-1.26794893847579E-16,-1.,0.));
#5780=DIRECTION('center_axis',(0.,1.,0.));
#5781=DIRECTION('ref_axis',(-1.,0.,0.));
#5782=DIRECTION('',(1.,0.,0.));
#5783=DIRECTION('',(0.,0.,1.));
#5784=DIRECTION('',(-1.,0.,0.));
#5785=DIRECTION('',(0.,0.,1.));
#5786=DIRECTION('center_axis',(1.,0.,0.));
#5787=DIRECTION('ref_axis',(0.,1.,0.));
#5788=DIRECTION('',(0.,-1.,0.));
#5789=DIRECTION('',(0.,1.,0.));
#5790=DIRECTION('',(0.,0.,1.));
#5791=DIRECTION('center_axis',(7.69576986385751E-18,-1.,0.));
#5792=DIRECTION('ref_axis',(1.,7.69576986385751E-18,0.));
#5793=DIRECTION('',(-1.,-7.69576986385751E-18,0.));
#5794=DIRECTION('',(1.,7.69576986385751E-18,0.));
#5795=DIRECTION('',(0.,0.,1.));
#5796=DIRECTION('center_axis',(-1.,0.,0.));
#5797=DIRECTION('ref_axis',(0.,-1.,0.));
#5798=DIRECTION('',(0.,1.,0.));
#5799=DIRECTION('',(0.,-1.,0.));
#5800=DIRECTION('center_axis',(0.,0.,1.));
#5801=DIRECTION('ref_axis',(1.,0.,0.));
#5802=DIRECTION('center_axis',(0.,0.,1.));
#5803=DIRECTION('ref_axis',(-1.,0.,0.));
#5804=DIRECTION('axis',(0.,0.,1.));
#5805=DIRECTION('refdir',(1.,0.,0.));
#5806=DIRECTION('center_axis',(0.,-1.,0.));
#5807=DIRECTION('ref_axis',(-1.,0.,0.));
#5808=DIRECTION('',(-1.,0.,0.));
#5809=DIRECTION('',(0.,0.,-1.));
#5810=DIRECTION('',(1.,0.,0.));
#5811=DIRECTION('',(0.,0.,-1.));
#5812=DIRECTION('center_axis',(1.,0.,0.));
#5813=DIRECTION('ref_axis',(0.,-1.,0.));
#5814=DIRECTION('',(0.,-1.,0.));
#5815=DIRECTION('',(0.,0.,-1.));
#5816=DIRECTION('',(0.,1.,0.));
#5817=DIRECTION('center_axis',(0.,1.,0.));
#5818=DIRECTION('ref_axis',(1.,0.,0.));
#5819=DIRECTION('',(1.,0.,0.));
#5820=DIRECTION('',(0.,0.,-1.));
#5821=DIRECTION('',(-1.,0.,0.));
#5822=DIRECTION('center_axis',(-1.,0.,0.));
#5823=DIRECTION('ref_axis',(0.,1.,0.));
#5824=DIRECTION('',(0.,1.,0.));
#5825=DIRECTION('',(0.,-1.,0.));
#5826=DIRECTION('center_axis',(1.,0.,0.));
#5827=DIRECTION('ref_axis',(0.,-1.,0.));
#5828=DIRECTION('',(0.,-1.,0.));
#5829=DIRECTION('',(0.,0.,-1.));
#5830=DIRECTION('',(0.,-1.,0.));
#5831=DIRECTION('',(0.,0.,-1.));
#5832=DIRECTION('center_axis',(0.,1.,0.));
#5833=DIRECTION('ref_axis',(1.,0.,0.));
#5834=DIRECTION('',(1.,0.,0.));
#5835=DIRECTION('',(1.,0.,0.));
#5836=DIRECTION('',(0.,0.,-1.));
#5837=DIRECTION('center_axis',(-1.,0.,0.));
#5838=DIRECTION('ref_axis',(0.,1.,0.));
#5839=DIRECTION('',(0.,1.,0.));
#5840=DIRECTION('',(0.,1.,0.));
#5841=DIRECTION('',(0.,0.,-1.));
#5842=DIRECTION('center_axis',(0.,-1.,0.));
#5843=DIRECTION('ref_axis',(-1.,0.,0.));
#5844=DIRECTION('',(-1.,0.,0.));
#5845=DIRECTION('',(-1.,0.,0.));
#5846=DIRECTION('center_axis',(0.,0.,1.));
#5847=DIRECTION('ref_axis',(1.,0.,0.));
#5848=DIRECTION('center_axis',(0.,0.,-1.));
#5849=DIRECTION('ref_axis',(-1.,0.,0.));
#5850=DIRECTION('axis',(0.,0.,1.));
#5851=DIRECTION('refdir',(1.,0.,0.));
#5852=DIRECTION('axis',(0.,0.,1.));
#5853=DIRECTION('refdir',(1.,0.,0.));
#5854=DIRECTION('center_axis',(1.,0.,0.));
#5855=DIRECTION('ref_axis',(0.,0.,-1.));
#5856=DIRECTION('',(0.,-1.,0.));
#5857=DIRECTION('',(0.,0.,1.));
#5858=DIRECTION('',(0.,1.,0.));
#5859=DIRECTION('',(0.,0.,-1.));
#5860=DIRECTION('',(0.,-0.99759609477481,0.0692966932114968));
#5861=DIRECTION('center_axis',(0.,0.,1.));
#5862=DIRECTION('ref_axis',(0.,1.,0.));
#5863=DIRECTION('',(0.,-1.,0.));
#5864=DIRECTION('',(-1.,0.,0.));
#5865=DIRECTION('',(0.,1.,0.));
#5866=DIRECTION('',(-1.,0.,0.));
#5867=DIRECTION('center_axis',(0.,1.,0.));
#5868=DIRECTION('ref_axis',(0.,0.,-1.));
#5869=DIRECTION('',(0.,0.,1.));
#5870=DIRECTION('',(0.,0.,-1.));
#5871=DIRECTION('',(-1.,0.,0.));
#5872=DIRECTION('center_axis',(0.,0.,1.));
#5873=DIRECTION('ref_axis',(0.,1.,0.));
#5874=DIRECTION('',(0.,-1.,0.));
#5875=DIRECTION('',(0.,1.,0.));
#5876=DIRECTION('',(-1.,0.,0.));
#5877=DIRECTION('center_axis',(0.,1.,0.));
#5878=DIRECTION('ref_axis',(0.,0.,-1.));
#5879=DIRECTION('',(0.,0.,1.));
#5880=DIRECTION('',(0.,0.,-1.));
#5881=DIRECTION('',(-1.,0.,0.));
#5882=DIRECTION('center_axis',(0.,0.,1.));
#5883=DIRECTION('ref_axis',(0.,1.,0.));
#5884=DIRECTION('',(0.,-1.,0.));
#5885=DIRECTION('',(0.,1.,0.));
#5886=DIRECTION('',(-1.,0.,0.));
#5887=DIRECTION('center_axis',(0.,1.,0.));
#5888=DIRECTION('ref_axis',(0.,0.,-1.));
#5889=DIRECTION('',(0.,0.,1.));
#5890=DIRECTION('',(0.,0.,-1.));
#5891=DIRECTION('',(-1.,0.,0.));
#5892=DIRECTION('center_axis',(0.,0.,1.));
#5893=DIRECTION('ref_axis',(0.,1.,0.));
#5894=DIRECTION('',(0.,-1.,0.));
#5895=DIRECTION('',(0.,1.,0.));
#5896=DIRECTION('',(-1.,0.,0.));
#5897=DIRECTION('center_axis',(0.,1.,0.));
#5898=DIRECTION('ref_axis',(0.,0.,-1.));
#5899=DIRECTION('',(0.,0.,1.));
#5900=DIRECTION('',(0.,0.,-1.));
#5901=DIRECTION('',(-1.,0.,0.));
#5902=DIRECTION('center_axis',(0.,0.,1.));
#5903=DIRECTION('ref_axis',(0.,1.,0.));
#5904=DIRECTION('',(0.,-1.,0.));
#5905=DIRECTION('',(0.,1.,0.));
#5906=DIRECTION('',(-1.,0.,0.));
#5907=DIRECTION('center_axis',(0.,1.,0.));
#5908=DIRECTION('ref_axis',(0.,0.,-1.));
#5909=DIRECTION('',(0.,0.,1.));
#5910=DIRECTION('',(0.,0.,-1.));
#5911=DIRECTION('',(-1.,0.,0.));
#5912=DIRECTION('center_axis',(0.,0.,1.));
#5913=DIRECTION('ref_axis',(0.,1.,0.));
#5914=DIRECTION('',(0.,-1.,0.));
#5915=DIRECTION('',(0.,1.,0.));
#5916=DIRECTION('',(-1.,0.,0.));
#5917=DIRECTION('center_axis',(0.,0.,-1.));
#5918=DIRECTION('ref_axis',(0.,-1.,0.));
#5919=DIRECTION('',(0.,-1.,0.));
#5920=DIRECTION('',(-1.,0.,0.));
#5921=DIRECTION('',(0.,-1.,0.));
#5922=DIRECTION('',(1.,0.,0.));
#5923=DIRECTION('center_axis',(0.,1.,0.));
#5924=DIRECTION('ref_axis',(0.,0.,-1.));
#5925=DIRECTION('',(0.,0.,1.));
#5926=DIRECTION('',(0.,0.,-1.));
#5927=DIRECTION('center_axis',(0.,1.,0.));
#5928=DIRECTION('ref_axis',(0.,0.,-1.));
#5929=DIRECTION('',(0.,0.,1.));
#5930=DIRECTION('',(-1.,0.,0.));
#5931=DIRECTION('',(-1.,0.,0.));
#5932=DIRECTION('',(0.,0.,-1.));
#5933=DIRECTION('center_axis',(-1.,0.,0.));
#5934=DIRECTION('ref_axis',(0.,0.,1.));
#5935=DIRECTION('',(0.,-0.99759609477481,0.0692966932114968));
#5936=DIRECTION('center_axis',(0.,-0.0692966932114968,-0.99759609477481));
#5937=DIRECTION('ref_axis',(0.,-0.99759609477481,0.0692966932114968));
#5938=DIRECTION('',(0.,-0.99759609477481,0.0692966932114968));
#5939=DIRECTION('',(-1.,0.,0.));
#5940=DIRECTION('center_axis',(0.,0.,-1.));
#5941=DIRECTION('ref_axis',(1.,0.,0.));
#5942=DIRECTION('',(0.,-1.,0.));
#5943=DIRECTION('',(-1.,0.,0.));
#5944=DIRECTION('center_axis',(0.,-1.,0.));
#5945=DIRECTION('ref_axis',(0.,0.,-1.));
#5946=DIRECTION('',(0.,0.,1.));
#5947=DIRECTION('',(-1.,0.,0.));
#5948=DIRECTION('center_axis',(0.,0.,1.));
#5949=DIRECTION('ref_axis',(0.,1.,0.));
#5950=DIRECTION('',(0.,-1.,0.));
#5951=DIRECTION('center_axis',(1.,0.,0.));
#5952=DIRECTION('ref_axis',(0.,1.,0.));
#5953=DIRECTION('center_axis',(0.,-1.,0.));
#5954=DIRECTION('ref_axis',(0.,0.,-1.));
#5955=DIRECTION('',(0.,0.,1.));
#5956=DIRECTION('',(-1.,0.,0.));
#5957=DIRECTION('',(0.,0.,-1.));
#5958=DIRECTION('',(1.,0.,0.));
#5959=DIRECTION('center_axis',(0.,-1.554117969729E-16,1.));
#5960=DIRECTION('ref_axis',(0.,-1.,-1.554117969729E-16));
#5961=DIRECTION('',(0.,1.,1.554117969729E-16));
#5962=DIRECTION('',(0.,-1.,-1.554117969729E-16));
#5963=DIRECTION('',(1.,0.,0.));
#5964=DIRECTION('center_axis',(1.,0.,0.));
#5965=DIRECTION('ref_axis',(0.,0.,-1.));
#5966=DIRECTION('',(0.,-1.,0.));
#5967=DIRECTION('',(0.,0.997105688151215,0.0760279333961654));
#5968=DIRECTION('',(0.,0.,1.));
#5969=DIRECTION('',(0.,-1.,-1.554117969729E-16));
#5970=DIRECTION('',(0.,0.,-1.));
#5971=DIRECTION('',(0.,-1.,-1.554117969729E-16));
#5972=DIRECTION('',(0.,0.,-1.));
#5973=DIRECTION('',(0.,-1.,0.));
#5974=DIRECTION('',(0.,0.,-1.));
#5975=DIRECTION('',(0.,-1.,0.));
#5976=DIRECTION('',(0.,0.,-1.));
#5977=DIRECTION('',(0.,-1.,-1.554117969729E-16));
#5978=DIRECTION('',(0.,0.,-1.));
#5979=DIRECTION('center_axis',(0.,0.0760279333961654,-0.997105688151215));
#5980=DIRECTION('ref_axis',(0.,0.997105688151215,0.0760279333961654));
#5981=DIRECTION('',(0.,-0.997105688151215,-0.0760279333961654));
#5982=DIRECTION('',(1.,0.,0.));
#5983=DIRECTION('',(0.,0.997105688151215,0.0760279333961654));
#5984=DIRECTION('',(1.,0.,0.));
#5985=DIRECTION('',(1.,0.,0.));
#5986=DIRECTION('center_axis',(0.,-1.554117969729E-16,1.));
#5987=DIRECTION('ref_axis',(0.,-1.,-1.554117969729E-16));
#5988=DIRECTION('',(0.,1.,1.554117969729E-16));
#5989=DIRECTION('',(1.,0.,0.));
#5990=DIRECTION('',(1.,0.,0.));
#5991=DIRECTION('',(0.,-1.,0.));
#5992=DIRECTION('',(1.,0.,0.));
#5993=DIRECTION('center_axis',(0.,-1.,0.));
#5994=DIRECTION('ref_axis',(0.,0.,-1.));
#5995=DIRECTION('',(0.,0.,1.));
#5996=DIRECTION('',(1.,0.,0.));
#5997=DIRECTION('',(0.,0.,-1.));
#5998=DIRECTION('center_axis',(0.,-1.554117969729E-16,1.));
#5999=DIRECTION('ref_axis',(0.,-1.,-1.554117969729E-16));
#6000=DIRECTION('',(0.,1.,1.554117969729E-16));
#6001=DIRECTION('',(1.,0.,0.));
#6002=DIRECTION('center_axis',(0.,-1.,0.));
#6003=DIRECTION('ref_axis',(0.,0.,-1.));
#6004=DIRECTION('',(0.,0.,1.));
#6005=DIRECTION('',(1.,0.,0.));
#6006=DIRECTION('center_axis',(0.,-1.554117969729E-16,1.));
#6007=DIRECTION('ref_axis',(0.,-1.,-1.554117969729E-16));
#6008=DIRECTION('',(0.,1.,1.554117969729E-16));
#6009=DIRECTION('',(1.,0.,0.));
#6010=DIRECTION('center_axis',(0.,-1.,0.));
#6011=DIRECTION('ref_axis',(0.,0.,-1.));
#6012=DIRECTION('',(0.,0.,1.));
#6013=DIRECTION('',(1.,0.,0.));
#6014=DIRECTION('center_axis',(0.,0.,1.));
#6015=DIRECTION('ref_axis',(0.,-1.,0.));
#6016=DIRECTION('',(0.,1.,0.));
#6017=DIRECTION('',(1.,0.,0.));
#6018=DIRECTION('center_axis',(0.,-1.,0.));
#6019=DIRECTION('ref_axis',(0.,0.,-1.));
#6020=DIRECTION('',(0.,0.,1.));
#6021=DIRECTION('',(1.,0.,0.));
#6022=DIRECTION('center_axis',(0.,0.,1.));
#6023=DIRECTION('ref_axis',(0.,-1.,0.));
#6024=DIRECTION('',(0.,1.,0.));
#6025=DIRECTION('',(1.,0.,0.));
#6026=DIRECTION('center_axis',(0.,-1.,0.));
#6027=DIRECTION('ref_axis',(0.,0.,-1.));
#6028=DIRECTION('',(0.,0.,1.));
#6029=DIRECTION('',(1.,0.,0.));
#6030=DIRECTION('center_axis',(0.,-1.554117969729E-16,1.));
#6031=DIRECTION('ref_axis',(0.,-1.,-1.554117969729E-16));
#6032=DIRECTION('',(0.,1.,1.554117969729E-16));
#6033=DIRECTION('',(1.,0.,0.));
#6034=DIRECTION('center_axis',(0.,-1.,0.));
#6035=DIRECTION('ref_axis',(0.,0.,-1.));
#6036=DIRECTION('',(0.,0.,1.));
#6037=DIRECTION('center_axis',(0.,0.,-1.));
#6038=DIRECTION('ref_axis',(-1.,0.,0.));
#6039=DIRECTION('',(-1.,0.,0.));
#6040=DIRECTION('',(0.,1.,0.));
#6041=DIRECTION('',(0.,-1.,0.));
#6042=DIRECTION('center_axis',(1.,0.,0.));
#6043=DIRECTION('ref_axis',(0.,0.,-1.));
#6044=DIRECTION('',(0.,0.,-1.));
#6045=DIRECTION('',(0.,0.,-1.));
#6046=DIRECTION('center_axis',(0.,-1.,0.));
#6047=DIRECTION('ref_axis',(0.,0.,-1.));
#6048=DIRECTION('center_axis',(0.,0.,1.));
#6049=DIRECTION('ref_axis',(1.,0.,0.));
#6050=DIRECTION('',(0.,1.,0.));
#6051=DIRECTION('center_axis',(0.,-1.,0.));
#6052=DIRECTION('ref_axis',(0.,0.,-1.));
#6053=DIRECTION('',(0.,0.,1.));
#6054=DIRECTION('center_axis',(1.,0.,0.));
#6055=DIRECTION('ref_axis',(0.,0.,-1.));
#6056=DIRECTION('',(0.,0.,1.));
#6057=DIRECTION('',(1.,0.,0.));
#6058=DIRECTION('',(0.,0.,1.));
#6059=DIRECTION('',(-1.,1.82047432684129E-12,0.));
#6060=DIRECTION('',(0.,0.,1.));
#6061=DIRECTION('',(1.,0.,0.));
#6062=DIRECTION('',(0.,0.,1.));
#6063=DIRECTION('',(1.,0.,0.));
#6064=DIRECTION('',(0.,0.,1.));
#6065=DIRECTION('',(1.,0.,0.));
#6066=DIRECTION('',(0.,0.,1.));
#6067=DIRECTION('',(-1.,1.82047432684129E-12,0.));
#6068=DIRECTION('',(0.,0.,1.));
#6069=DIRECTION('',(1.,0.,0.));
#6070=DIRECTION('',(0.,0.,1.));
#6071=DIRECTION('',(1.,0.,0.));
#6072=DIRECTION('center_axis',(0.,-1.,0.));
#6073=DIRECTION('ref_axis',(0.,0.,-1.));
#6074=DIRECTION('',(0.,0.,-1.));
#6075=DIRECTION('',(-1.,0.,0.));
#6076=DIRECTION('',(0.,0.,1.));
#6077=DIRECTION('',(-1.,0.,0.));
#6078=DIRECTION('center_axis',(0.,0.,1.));
#6079=DIRECTION('ref_axis',(1.,0.,0.));
#6080=DIRECTION('',(0.,-1.,0.));
#6081=DIRECTION('',(1.,0.,0.));
#6082=DIRECTION('',(0.,1.,0.));
#6083=DIRECTION('center_axis',(0.,-0.984807753012208,0.173648177666932));
#6084=DIRECTION('ref_axis',(1.,0.,0.));
#6085=DIRECTION('',(1.,0.,0.));
#6086=DIRECTION('',(0.,0.173648177666932,0.984807753012208));
#6087=DIRECTION('',(1.,0.,0.));
#6088=DIRECTION('',(0.,0.173648177666932,0.984807753012208));
#6089=DIRECTION('center_axis',(1.,0.,0.));
#6090=DIRECTION('ref_axis',(0.,0.,-1.));
#6091=DIRECTION('',(0.,0.,-1.));
#6092=DIRECTION('',(0.,-1.,0.));
#6093=DIRECTION('center_axis',(0.,0.,1.));
#6094=DIRECTION('ref_axis',(0.,1.,0.));
#6095=DIRECTION('',(0.,1.,0.));
#6096=DIRECTION('',(-1.,0.,0.));
#6097=DIRECTION('',(0.,1.,0.));
#6098=DIRECTION('',(-1.,0.,0.));
#6099=DIRECTION('',(0.,-1.,0.));
#6100=DIRECTION('',(1.,0.,0.));
#6101=DIRECTION('center_axis',(-1.,0.,0.));
#6102=DIRECTION('ref_axis',(0.,0.,1.));
#6103=DIRECTION('',(0.,0.,1.));
#6104=DIRECTION('center_axis',(0.,0.,1.));
#6105=DIRECTION('ref_axis',(1.,0.,0.));
#6106=DIRECTION('',(0.,1.,0.));
#6107=DIRECTION('',(1.,0.,0.));
#6108=DIRECTION('',(0.,-1.,0.));
#6109=DIRECTION('',(-1.,0.,0.));
#6110=DIRECTION('center_axis',(1.,0.,0.));
#6111=DIRECTION('ref_axis',(0.,1.,0.));
#6112=DIRECTION('',(0.,0.,1.));
#6113=DIRECTION('',(0.,0.984807753012208,-0.17364817766693));
#6114=DIRECTION('',(0.,0.984807753012208,-0.17364817766693));
#6115=DIRECTION('',(0.,0.,1.));
#6116=DIRECTION('center_axis',(0.,0.173648177666932,0.984807753012208));
#6117=DIRECTION('ref_axis',(1.,0.,0.));
#6118=DIRECTION('',(1.,0.,0.));
#6119=DIRECTION('',(0.,-0.984807753012208,0.173648177666932));
#6120=DIRECTION('',(-1.,-5.39739497864162E-18,-3.06101480156661E-17));
#6121=DIRECTION('',(0.,-0.984807753012208,0.17364817766693));
#6122=DIRECTION('center_axis',(3.69778549322349E-32,0.984807753012208,-0.173648177666932));
#6123=DIRECTION('ref_axis',(-1.,-5.39739497864162E-18,-3.06101480156661E-17));
#6124=DIRECTION('',(0.,0.173648177666932,0.984807753012208));
#6125=DIRECTION('',(-1.,-5.39739497864162E-18,-3.06101480156661E-17));
#6126=DIRECTION('',(0.,0.173648177666932,0.984807753012208));
#6127=DIRECTION('center_axis',(-1.,0.,0.));
#6128=DIRECTION('ref_axis',(0.,-0.984807753012208,0.17364817766693));
#6129=DIRECTION('',(0.,-0.984807753012208,0.17364817766693));
#6130=DIRECTION('center_axis',(-3.1082358888869E-17,0.17364817766693,0.984807753012208));
#6131=DIRECTION('ref_axis',(1.,5.39739497864162E-18,3.06101480156661E-17));
#6132=DIRECTION('center_axis',(0.,1.,0.));
#6133=DIRECTION('ref_axis',(-1.,0.,0.));
#6134=DIRECTION('',(0.,0.,1.));
#6135=DIRECTION('center_axis',(-1.,0.,0.));
#6136=DIRECTION('ref_axis',(0.,-1.,0.));
#6137=DIRECTION('',(0.,0.,1.));
#6138=DIRECTION('center_axis',(0.,-1.,0.));
#6139=DIRECTION('ref_axis',(1.,0.,0.));
#6140=DIRECTION('',(0.,0.,1.));
#6141=DIRECTION('',(1.,0.,0.));
#6142=DIRECTION('',(0.,0.,1.));
#6143=DIRECTION('',(1.,0.,0.));
#6144=DIRECTION('',(0.,0.,1.));
#6145=DIRECTION('',(1.,0.,0.));
#6146=DIRECTION('',(0.,0.,1.));
#6147=DIRECTION('',(1.,0.,0.));
#6148=DIRECTION('',(0.,0.,1.));
#6149=DIRECTION('',(1.,0.,0.));
#6150=DIRECTION('',(0.,0.,1.));
#6151=DIRECTION('',(1.,0.,0.));
#6152=DIRECTION('',(0.,0.,1.));
#6153=DIRECTION('',(1.,0.,0.));
#6154=DIRECTION('',(0.,0.,1.));
#6155=DIRECTION('',(1.,0.,0.));
#6156=CARTESIAN_POINT('',(0.,0.,0.));
#6157=CARTESIAN_POINT('',(0.,0.,0.));
#6158=CARTESIAN_POINT('',(0.,0.,0.));
#6159=CARTESIAN_POINT('Origin',(-10.4166666666667,0.583333333333333,0.));
#6160=CARTESIAN_POINT('',(-10.4166666666667,0.583333333333333,0.));
#6161=CARTESIAN_POINT('',(-10.4166666666667,7.21666666666667,0.));
#6162=CARTESIAN_POINT('',(-10.4166666666667,0.583333333333333,0.));
#6163=CARTESIAN_POINT('',(-10.4166666666667,7.21666666666667,9.5));
#6164=CARTESIAN_POINT('',(-10.4166666666667,7.21666666666667,0.));
#6165=CARTESIAN_POINT('',(-10.4166666666667,0.583333333333333,9.5));
#6166=CARTESIAN_POINT('',(-10.4166666666667,0.583333333333333,9.5));
#6167=CARTESIAN_POINT('',(-10.4166666666667,0.583333333333333,0.));
#6168=CARTESIAN_POINT('Origin',(-4.58333333333333,0.583333333333333,0.));
#6169=CARTESIAN_POINT('',(-4.58333333333333,0.583333333333333,0.));
#6170=CARTESIAN_POINT('',(-4.58333333333333,0.583333333333333,0.));
#6171=CARTESIAN_POINT('',(-4.58333333333333,0.583333333333333,9.5));
#6172=CARTESIAN_POINT('',(-4.58333333333333,0.583333333333333,9.5));
#6173=CARTESIAN_POINT('',(-4.58333333333333,0.583333333333333,0.));
#6174=CARTESIAN_POINT('Origin',(-4.58333333333333,7.21666666666667,0.));
#6175=CARTESIAN_POINT('',(-4.58333333333333,7.21666666666667,0.));
#6176=CARTESIAN_POINT('',(-4.58333333333333,7.21666666666667,0.));
#6177=CARTESIAN_POINT('',(-4.58333333333333,7.21666666666667,9.5));
#6178=CARTESIAN_POINT('',(-4.58333333333333,7.21666666666667,9.5));
#6179=CARTESIAN_POINT('',(-4.58333333333333,7.21666666666667,0.));
#6180=CARTESIAN_POINT('Origin',(-10.4166666666667,7.21666666666667,0.));
#6181=CARTESIAN_POINT('',(-10.4166666666667,7.21666666666667,0.));
#6182=CARTESIAN_POINT('',(-10.4166666666667,7.21666666666667,9.5));
#6183=CARTESIAN_POINT('Origin',(-4.,0.,0.));
#6184=CARTESIAN_POINT('',(-4.,7.8,0.));
#6185=CARTESIAN_POINT('',(-4.,0.,0.));
#6186=CARTESIAN_POINT('',(-4.,7.8,0.));
#6187=CARTESIAN_POINT('',(-4.,7.8,9.5));
#6188=CARTESIAN_POINT('',(-4.,7.8,0.));
#6189=CARTESIAN_POINT('',(-4.,0.,9.5));
#6190=CARTESIAN_POINT('',(-4.,7.8,9.5));
#6191=CARTESIAN_POINT('',(-4.,0.,0.));
#6192=CARTESIAN_POINT('Origin',(-11.,0.,0.));
#6193=CARTESIAN_POINT('',(-11.,0.,0.));
#6194=CARTESIAN_POINT('',(-4.,0.,0.));
#6195=CARTESIAN_POINT('',(-11.,0.,9.5));
#6196=CARTESIAN_POINT('',(-4.,0.,9.5));
#6197=CARTESIAN_POINT('',(-11.,0.,0.));
#6198=CARTESIAN_POINT('Origin',(-11.,7.8,0.));
#6199=CARTESIAN_POINT('',(-11.,7.8,0.));
#6200=CARTESIAN_POINT('',(-11.,0.,0.));
#6201=CARTESIAN_POINT('',(-11.,7.8,9.5));
#6202=CARTESIAN_POINT('',(-11.,0.,9.5));
#6203=CARTESIAN_POINT('',(-11.,7.8,0.));
#6204=CARTESIAN_POINT('Origin',(-4.,7.8,0.));
#6205=CARTESIAN_POINT('',(-11.,7.8,0.));
#6206=CARTESIAN_POINT('',(-11.,7.8,9.5));
#6207=CARTESIAN_POINT('Origin',(-7.5,3.9,9.5));
#6208=CARTESIAN_POINT('Origin',(-7.5,3.9,0.));
#6209=CARTESIAN_POINT('',(0.,0.,0.));
#6210=CARTESIAN_POINT('Origin',(22.3333333333333,24.,0.));
#6211=CARTESIAN_POINT('',(22.3333333333333,24.,0.583333333333333));
#6212=CARTESIAN_POINT('',(22.3333333333333,23.4166666666667,0.583333333333333));
#6213=CARTESIAN_POINT('',(22.3333333333333,23.8541666666667,0.583333333333333));
#6214=CARTESIAN_POINT('',(22.3333333333333,23.4166666666667,6.66666666666667));
#6215=CARTESIAN_POINT('',(22.3333333333333,23.4166666666667,0.));
#6216=CARTESIAN_POINT('',(22.3333333333333,24.,6.66666666666667));
#6217=CARTESIAN_POINT('',(22.3333333333333,23.8541666666667,6.66666666666667));
#6218=CARTESIAN_POINT('',(22.3333333333333,24.,0.));
#6219=CARTESIAN_POINT('Origin',(29.7083333333333,20.0416666666667,8.));
#6220=CARTESIAN_POINT('',(29.4166666666667,18.0833333333333,8.));
#6221=CARTESIAN_POINT('',(30.,18.0833333333333,8.));
#6222=CARTESIAN_POINT('',(29.8541666666667,18.0833333333333,8.));
#6223=CARTESIAN_POINT('',(29.4166666666667,22.,8.));
#6224=CARTESIAN_POINT('',(29.4166666666667,21.0208333333333,8.));
#6225=CARTESIAN_POINT('',(30.,22.,8.));
#6226=CARTESIAN_POINT('',(29.5625,22.,8.));
#6227=CARTESIAN_POINT('',(30.,19.0625,8.));
#6228=CARTESIAN_POINT('Origin',(7.54166666666667,0.291666666666666,8.));
#6229=CARTESIAN_POINT('',(4.41666666666667,0.,8.));
#6230=CARTESIAN_POINT('',(10.6666666666667,0.,8.));
#6231=CARTESIAN_POINT('',(5.97916666666667,0.,8.));
#6232=CARTESIAN_POINT('',(4.41666666666667,0.583333333333332,8.));
#6233=CARTESIAN_POINT('',(4.41666666666667,0.145833333333333,8.));
#6234=CARTESIAN_POINT('',(10.6666666666667,0.583333333333332,8.));
#6235=CARTESIAN_POINT('',(9.10416666666667,0.583333333333332,8.));
#6236=CARTESIAN_POINT('',(10.6666666666667,0.437499999999999,8.));
#6237=CARTESIAN_POINT('Origin',(25.5833333333333,23.7083333333333,8.));
#6238=CARTESIAN_POINT('',(27.8333333333333,24.,8.));
#6239=CARTESIAN_POINT('',(23.3333333333333,24.,8.));
#6240=CARTESIAN_POINT('',(26.7083333333333,24.,8.));
#6241=CARTESIAN_POINT('',(27.8333333333333,23.4166666666667,8.));
#6242=CARTESIAN_POINT('',(27.8333333333333,23.8541666666667,8.));
#6243=CARTESIAN_POINT('',(23.3333333333333,23.4166666666667,8.));
#6244=CARTESIAN_POINT('',(24.4583333333333,23.4166666666667,8.));
#6245=CARTESIAN_POINT('',(23.3333333333333,23.5625,8.));
#6246=CARTESIAN_POINT('Origin',(26.0416666666667,0.291666666666667,8.));
#6247=CARTESIAN_POINT('',(23.9166666666667,3.49676543189026E-16,8.));
#6248=CARTESIAN_POINT('',(28.1666666666667,3.49676543189026E-16,8.));
#6249=CARTESIAN_POINT('',(24.9791666666667,3.49676543189026E-16,8.));
#6250=CARTESIAN_POINT('',(23.9166666666667,0.583333333333333,8.));
#6251=CARTESIAN_POINT('',(23.9166666666667,0.145833333333334,8.));
#6252=CARTESIAN_POINT('',(28.1666666666667,0.583333333333333,8.));
#6253=CARTESIAN_POINT('',(27.1041666666667,0.583333333333333,8.));
#6254=CARTESIAN_POINT('',(28.1666666666667,0.4375,8.));
#6255=CARTESIAN_POINT('Origin',(0.291666666666667,5.54166666666667,8.));
#6256=CARTESIAN_POINT('',(0.583333333333333,8.66666666666667,8.));
#6257=CARTESIAN_POINT('',(3.49676543189026E-16,8.66666666666667,8.));
#6258=CARTESIAN_POINT('',(0.145833333333334,8.66666666666667,8.));
#6259=CARTESIAN_POINT('',(0.583333333333333,2.41666666666667,8.));
#6260=CARTESIAN_POINT('',(0.583333333333333,3.97916666666667,8.));
#6261=CARTESIAN_POINT('',(3.49676543189026E-16,2.41666666666667,8.));
#6262=CARTESIAN_POINT('',(0.4375,2.41666666666667,8.));
#6263=CARTESIAN_POINT('',(3.49676543189026E-16,7.10416666666667,8.));
#6264=CARTESIAN_POINT('Origin',(0.291666666666666,17.7083333333333,8.));
#6265=CARTESIAN_POINT('',(0.583333333333333,20.5,8.));
#6266=CARTESIAN_POINT('',(-1.16558847729675E-16,20.5,8.));
#6267=CARTESIAN_POINT('',(0.145833333333333,20.5,8.));
#6268=CARTESIAN_POINT('',(0.583333333333333,14.9166666666667,8.));
#6269=CARTESIAN_POINT('',(0.583333333333333,16.3125,8.));
#6270=CARTESIAN_POINT('',(-1.16558847729675E-16,14.9166666666667,8.));
#6271=CARTESIAN_POINT('',(0.4375,14.9166666666667,8.));
#6272=CARTESIAN_POINT('',(-1.16558847729675E-16,19.1041666666667,8.));
#6273=CARTESIAN_POINT('Origin',(11.75,23.7083333333333,8.));
#6274=CARTESIAN_POINT('',(9.5,23.4166666666667,8.));
#6275=CARTESIAN_POINT('',(14.,23.4166666666667,8.));
#6276=CARTESIAN_POINT('',(10.625,23.4166666666667,8.));
#6277=CARTESIAN_POINT('',(9.5,24.,8.));
#6278=CARTESIAN_POINT('',(9.5,23.5625,8.));
#6279=CARTESIAN_POINT('',(14.,24.,8.));
#6280=CARTESIAN_POINT('',(12.875,24.,8.));
#6281=CARTESIAN_POINT('',(14.,23.8541666666667,8.));
#6282=CARTESIAN_POINT('Origin',(15.,12.,0.583333333333333));
#6283=CARTESIAN_POINT('',(29.4166666666667,23.4166666666667,0.583333333333333));
#6284=CARTESIAN_POINT('',(7.79166666666667,23.4166666666667,0.583333333333333));
#6285=CARTESIAN_POINT('',(17.3333333333333,24.,0.583333333333333));
#6286=CARTESIAN_POINT('',(17.3333333333333,24.,0.583333333333333));
#6287=CARTESIAN_POINT('',(17.3333333333333,23.4166666666667,0.583333333333333));
#6288=CARTESIAN_POINT('',(17.3333333333333,23.5625,0.583333333333333));
#6289=CARTESIAN_POINT('',(0.583333333333332,23.4166666666667,0.583333333333333));
#6290=CARTESIAN_POINT('',(7.79166666666667,23.4166666666667,0.583333333333333));
#6291=CARTESIAN_POINT('',(0.583333333333332,0.583333333333332,0.583333333333333));
#6292=CARTESIAN_POINT('',(0.583333333333332,16.25,0.583333333333333));
#6293=CARTESIAN_POINT('',(29.4166666666667,0.583333333333332,0.583333333333333));
#6294=CARTESIAN_POINT('',(19.4583333333333,0.583333333333333,0.583333333333333));
#6295=CARTESIAN_POINT('',(29.4166666666667,17.7083333333333,0.583333333333333));
#6296=CARTESIAN_POINT('Origin',(29.4166666666667,23.4166666666667,0.));
#6297=CARTESIAN_POINT('',(29.4166666666667,23.4166666666667,9.5));
#6298=CARTESIAN_POINT('',(29.4166666666667,0.583333333333333,9.5));
#6299=CARTESIAN_POINT('',(29.4166666666667,0.583333333333333,9.5));
#6300=CARTESIAN_POINT('',(29.4166666666667,23.4166666666667,0.));
#6301=CARTESIAN_POINT('',(29.4166666666667,0.583333333333333,0.));
#6302=CARTESIAN_POINT('',(29.4166666666667,18.0833333333333,3.));
#6303=CARTESIAN_POINT('',(29.4166666666667,18.0833333333333,0.));
#6304=CARTESIAN_POINT('',(29.4166666666667,22.,3.));
#6305=CARTESIAN_POINT('',(29.4166666666667,21.0208333333333,3.));
#6306=CARTESIAN_POINT('',(29.4166666666667,22.,0.));
#6307=CARTESIAN_POINT('Origin',(23.9166666666667,0.583333333333333,0.));
#6308=CARTESIAN_POINT('',(0.583333333333333,0.583333333333332,9.5));
#6309=CARTESIAN_POINT('',(0.583333333333333,0.583333333333332,9.5));
#6310=CARTESIAN_POINT('',(0.583333333333333,0.583333333333332,0.));
#6311=CARTESIAN_POINT('',(4.41666666666667,0.583333333333332,3.));
#6312=CARTESIAN_POINT('',(4.41666666666667,0.583333333333332,0.));
#6313=CARTESIAN_POINT('',(10.6666666666667,0.583333333333332,3.));
#6314=CARTESIAN_POINT('',(9.10416666666667,0.583333333333332,3.));
#6315=CARTESIAN_POINT('',(10.6666666666667,0.583333333333332,0.));
#6316=CARTESIAN_POINT('',(23.9166666666667,0.583333333333333,3.));
#6317=CARTESIAN_POINT('',(23.9166666666667,0.583333333333333,0.));
#6318=CARTESIAN_POINT('',(28.1666666666667,0.583333333333333,3.));
#6319=CARTESIAN_POINT('',(27.1041666666667,0.583333333333333,3.));
#6320=CARTESIAN_POINT('',(28.1666666666667,0.583333333333333,0.));
#6321=CARTESIAN_POINT('Origin',(0.583333333333333,20.5,0.));
#6322=CARTESIAN_POINT('',(0.583333333333332,23.4166666666667,9.5));
#6323=CARTESIAN_POINT('',(0.583333333333332,23.4166666666667,9.5));
#6324=CARTESIAN_POINT('',(0.583333333333332,23.4166666666667,0.));
#6325=CARTESIAN_POINT('',(0.583333333333333,20.5,3.));
#6326=CARTESIAN_POINT('',(0.583333333333333,20.5,0.));
#6327=CARTESIAN_POINT('',(0.583333333333333,14.9166666666667,3.));
#6328=CARTESIAN_POINT('',(0.583333333333333,16.3125,3.));
#6329=CARTESIAN_POINT('',(0.583333333333333,14.9166666666667,0.));
#6330=CARTESIAN_POINT('',(0.583333333333333,8.66666666666667,3.));
#6331=CARTESIAN_POINT('',(0.583333333333333,8.66666666666667,0.));
#6332=CARTESIAN_POINT('',(0.583333333333333,2.41666666666667,3.));
#6333=CARTESIAN_POINT('',(0.583333333333333,3.97916666666667,3.));
#6334=CARTESIAN_POINT('',(0.583333333333333,2.41666666666667,0.));
#6335=CARTESIAN_POINT('Origin',(0.583333333333332,23.4166666666667,0.));
#6336=CARTESIAN_POINT('',(29.4166666666667,23.4166666666667,9.5));
#6337=CARTESIAN_POINT('',(17.3333333333333,23.4166666666667,6.66666666666667));
#6338=CARTESIAN_POINT('',(17.3333333333333,23.4166666666667,0.));
#6339=CARTESIAN_POINT('',(22.3333333333333,23.4166666666667,6.66666666666667));
#6340=CARTESIAN_POINT('',(14.,23.4166666666667,3.));
#6341=CARTESIAN_POINT('',(14.,23.4166666666667,0.));
#6342=CARTESIAN_POINT('',(9.5,23.4166666666667,3.));
#6343=CARTESIAN_POINT('',(10.625,23.4166666666667,3.));
#6344=CARTESIAN_POINT('',(9.5,23.4166666666667,0.));
#6345=CARTESIAN_POINT('',(27.8333333333333,23.4166666666667,3.));
#6346=CARTESIAN_POINT('',(27.8333333333333,23.4166666666667,0.));
#6347=CARTESIAN_POINT('',(23.3333333333333,23.4166666666667,3.));
#6348=CARTESIAN_POINT('',(24.4583333333333,23.4166666666667,3.));
#6349=CARTESIAN_POINT('',(23.3333333333333,23.4166666666667,0.));
#6350=CARTESIAN_POINT('Origin',(0.291666666666666,17.7083333333333,3.));
#6351=CARTESIAN_POINT('',(-1.16558847729675E-16,20.5,3.));
#6352=CARTESIAN_POINT('',(0.145833333333333,20.5,3.));
#6353=CARTESIAN_POINT('',(-1.16558847729675E-16,14.9166666666667,3.));
#6354=CARTESIAN_POINT('',(-1.16558847729675E-16,19.1041666666667,3.));
#6355=CARTESIAN_POINT('',(0.4375,14.9166666666667,3.));
#6356=CARTESIAN_POINT('Origin',(26.0416666666667,0.291666666666667,3.));
#6357=CARTESIAN_POINT('',(28.1666666666667,3.49676543189026E-16,3.));
#6358=CARTESIAN_POINT('',(23.9166666666667,3.49676543189026E-16,3.));
#6359=CARTESIAN_POINT('',(24.9791666666667,3.49676543189026E-16,3.));
#6360=CARTESIAN_POINT('',(28.1666666666667,0.4375,3.));
#6361=CARTESIAN_POINT('',(23.9166666666667,0.145833333333334,3.));
#6362=CARTESIAN_POINT('Origin',(11.75,23.7083333333333,3.));
#6363=CARTESIAN_POINT('',(14.,24.,3.));
#6364=CARTESIAN_POINT('',(14.,23.8541666666667,3.));
#6365=CARTESIAN_POINT('',(9.5,24.,3.));
#6366=CARTESIAN_POINT('',(12.875,24.,3.));
#6367=CARTESIAN_POINT('',(9.5,23.5625,3.));
#6368=CARTESIAN_POINT('Origin',(29.7083333333333,20.0416666666667,3.));
#6369=CARTESIAN_POINT('',(30.,18.0833333333333,3.));
#6370=CARTESIAN_POINT('',(29.8541666666667,18.0833333333333,3.));
#6371=CARTESIAN_POINT('',(30.,22.,3.));
#6372=CARTESIAN_POINT('',(30.,19.0625,3.));
#6373=CARTESIAN_POINT('',(29.5625,22.,3.));
#6374=CARTESIAN_POINT('Origin',(28.1666666666667,0.583333333333333,0.));
#6375=CARTESIAN_POINT('',(28.1666666666667,3.49676543189026E-16,0.));
#6376=CARTESIAN_POINT('Origin',(30.,18.0833333333333,0.));
#6377=CARTESIAN_POINT('',(30.,18.0833333333333,0.));
#6378=CARTESIAN_POINT('Origin',(25.5833333333333,23.7083333333333,3.));
#6379=CARTESIAN_POINT('',(23.3333333333333,24.,3.));
#6380=CARTESIAN_POINT('',(27.8333333333333,24.,3.));
#6381=CARTESIAN_POINT('',(26.7083333333333,24.,3.));
#6382=CARTESIAN_POINT('',(23.3333333333333,23.5625,3.));
#6383=CARTESIAN_POINT('',(27.8333333333333,23.8541666666667,3.));
#6384=CARTESIAN_POINT('Origin',(19.8333333333333,23.7083333333333,6.66666666666667));
#6385=CARTESIAN_POINT('',(17.3333333333333,24.,6.66666666666667));
#6386=CARTESIAN_POINT('',(17.3333333333333,23.5625,6.66666666666667));
#6387=CARTESIAN_POINT('',(17.3333333333333,24.,6.66666666666667));
#6388=CARTESIAN_POINT('Origin',(23.3333333333333,23.4166666666667,0.));
#6389=CARTESIAN_POINT('',(23.3333333333333,24.,0.));
#6390=CARTESIAN_POINT('Origin',(14.,24.,0.));
#6391=CARTESIAN_POINT('',(14.,24.,0.));
#6392=CARTESIAN_POINT('Origin',(17.3333333333333,23.4166666666667,0.));
#6393=CARTESIAN_POINT('',(17.3333333333333,24.,0.));
#6394=CARTESIAN_POINT('Origin',(27.8333333333333,24.,0.));
#6395=CARTESIAN_POINT('',(27.8333333333333,24.,0.));
#6396=CARTESIAN_POINT('Origin',(30.,22.,0.));
#6397=CARTESIAN_POINT('',(30.,0.,9.5));
#6398=CARTESIAN_POINT('',(30.,24.,9.5));
#6399=CARTESIAN_POINT('',(30.,0.,9.5));
#6400=CARTESIAN_POINT('',(30.,0.,0.));
#6401=CARTESIAN_POINT('',(30.,0.,0.));
#6402=CARTESIAN_POINT('',(30.,24.,0.));
#6403=CARTESIAN_POINT('',(30.,0.,0.));
#6404=CARTESIAN_POINT('',(30.,24.,0.));
#6405=CARTESIAN_POINT('',(30.,22.,0.));
#6406=CARTESIAN_POINT('Origin',(29.4166666666667,22.,0.));
#6407=CARTESIAN_POINT('Origin',(-1.16558847729675E-16,20.5,0.));
#6408=CARTESIAN_POINT('',(-1.16558847729675E-16,20.5,0.));
#6409=CARTESIAN_POINT('Origin',(0.,24.,0.));
#6410=CARTESIAN_POINT('',(0.,24.,9.5));
#6411=CARTESIAN_POINT('',(0.,0.,9.5));
#6412=CARTESIAN_POINT('',(0.,24.,9.5));
#6413=CARTESIAN_POINT('',(0.,24.,0.));
#6414=CARTESIAN_POINT('',(0.,24.,0.));
#6415=CARTESIAN_POINT('',(0.,0.,0.));
#6416=CARTESIAN_POINT('',(0.,24.,0.));
#6417=CARTESIAN_POINT('',(0.,0.,0.));
#6418=CARTESIAN_POINT('',(3.49676543189026E-16,2.41666666666667,3.));
#6419=CARTESIAN_POINT('',(3.49676543189026E-16,2.41666666666667,0.));
#6420=CARTESIAN_POINT('',(3.49676543189026E-16,8.66666666666667,3.));
#6421=CARTESIAN_POINT('',(3.49676543189026E-16,7.10416666666667,3.));
#6422=CARTESIAN_POINT('',(3.49676543189026E-16,8.66666666666667,0.));
#6423=CARTESIAN_POINT('',(-1.16558847729675E-16,14.9166666666667,0.));
#6424=CARTESIAN_POINT('Origin',(9.5,24.,0.));
#6425=CARTESIAN_POINT('',(30.,24.,0.));
#6426=CARTESIAN_POINT('',(30.,24.,9.5));
#6427=CARTESIAN_POINT('',(9.5,24.,0.));
#6428=CARTESIAN_POINT('Origin',(9.5,23.4166666666667,0.));
#6429=CARTESIAN_POINT('Origin',(4.75,22.25,0.));
#6430=CARTESIAN_POINT('',(0.,0.,0.));
#6431=CARTESIAN_POINT('Origin',(0.291666666666667,5.54166666666667,3.));
#6432=CARTESIAN_POINT('',(0.145833333333334,8.66666666666667,3.));
#6433=CARTESIAN_POINT('',(0.4375,2.41666666666667,3.));
#6434=CARTESIAN_POINT('Origin',(7.54166666666667,0.291666666666666,3.));
#6435=CARTESIAN_POINT('',(10.6666666666667,0.,3.));
#6436=CARTESIAN_POINT('',(4.41666666666667,0.,3.));
#6437=CARTESIAN_POINT('',(5.97916666666667,0.,3.));
#6438=CARTESIAN_POINT('',(10.6666666666667,0.437499999999999,3.));
#6439=CARTESIAN_POINT('',(4.41666666666667,0.145833333333333,3.));
#6440=CARTESIAN_POINT('Origin',(4.41666666666667,0.,0.));
#6441=CARTESIAN_POINT('',(4.41666666666667,0.,0.));
#6442=CARTESIAN_POINT('Origin',(0.583333333333333,2.41666666666667,0.));
#6443=CARTESIAN_POINT('Origin',(2.20833333333333,1.20833333333333,9.5));
#6444=CARTESIAN_POINT('',(0.,0.,9.5));
#6445=CARTESIAN_POINT('Origin',(23.9166666666667,3.49676543189026E-16,0.));
#6446=CARTESIAN_POINT('',(23.9166666666667,3.49676543189026E-16,0.));
#6447=CARTESIAN_POINT('Origin',(10.6666666666667,0.,0.));
#6448=CARTESIAN_POINT('',(10.6666666666667,0.,0.));
#6449=CARTESIAN_POINT('Origin',(10.6666666666667,0.583333333333332,0.));
#6450=CARTESIAN_POINT('Origin',(3.49676543189026E-16,8.66666666666667,0.));
#6451=CARTESIAN_POINT('Origin',(0.583333333333333,14.9166666666667,0.));
#6452=CARTESIAN_POINT('',(0.,0.,0.));
#6453=CARTESIAN_POINT('Origin',(22.3333333333333,24.,0.));
#6454=CARTESIAN_POINT('',(22.3333333333333,24.,0.583333333333333));
#6455=CARTESIAN_POINT('',(22.3333333333333,23.4166666666667,0.583333333333333));
#6456=CARTESIAN_POINT('',(22.3333333333333,23.8541666666667,0.583333333333333));
#6457=CARTESIAN_POINT('',(22.3333333333333,23.4166666666667,6.66666666666667));
#6458=CARTESIAN_POINT('',(22.3333333333333,23.4166666666667,0.));
#6459=CARTESIAN_POINT('',(22.3333333333333,24.,6.66666666666667));
#6460=CARTESIAN_POINT('',(22.3333333333333,23.8541666666667,6.66666666666667));
#6461=CARTESIAN_POINT('',(22.3333333333333,24.,0.));
#6462=CARTESIAN_POINT('Origin',(29.7083333333333,20.0416666666667,8.));
#6463=CARTESIAN_POINT('',(29.4166666666667,18.0833333333333,8.));
#6464=CARTESIAN_POINT('',(30.,18.0833333333333,8.));
#6465=CARTESIAN_POINT('',(29.8541666666667,18.0833333333333,8.));
#6466=CARTESIAN_POINT('',(29.4166666666667,22.,8.));
#6467=CARTESIAN_POINT('',(29.4166666666667,21.0208333333333,8.));
#6468=CARTESIAN_POINT('',(30.,22.,8.));
#6469=CARTESIAN_POINT('',(29.5625,22.,8.));
#6470=CARTESIAN_POINT('',(30.,19.0625,8.));
#6471=CARTESIAN_POINT('Origin',(7.54166666666667,0.291666666666666,8.));
#6472=CARTESIAN_POINT('',(4.41666666666667,0.,8.));
#6473=CARTESIAN_POINT('',(10.6666666666667,0.,8.));
#6474=CARTESIAN_POINT('',(5.97916666666667,0.,8.));
#6475=CARTESIAN_POINT('',(4.41666666666667,0.583333333333332,8.));
#6476=CARTESIAN_POINT('',(4.41666666666667,0.145833333333333,8.));
#6477=CARTESIAN_POINT('',(10.6666666666667,0.583333333333332,8.));
#6478=CARTESIAN_POINT('',(9.10416666666667,0.583333333333332,8.));
#6479=CARTESIAN_POINT('',(10.6666666666667,0.437499999999999,8.));
#6480=CARTESIAN_POINT('Origin',(25.5833333333333,23.7083333333333,8.));
#6481=CARTESIAN_POINT('',(27.8333333333333,24.,8.));
#6482=CARTESIAN_POINT('',(23.3333333333333,24.,8.));
#6483=CARTESIAN_POINT('',(26.7083333333333,24.,8.));
#6484=CARTESIAN_POINT('',(27.8333333333333,23.4166666666667,8.));
#6485=CARTESIAN_POINT('',(27.8333333333333,23.8541666666667,8.));
#6486=CARTESIAN_POINT('',(23.3333333333333,23.4166666666667,8.));
#6487=CARTESIAN_POINT('',(24.4583333333333,23.4166666666667,8.));
#6488=CARTESIAN_POINT('',(23.3333333333333,23.5625,8.));
#6489=CARTESIAN_POINT('Origin',(26.0416666666667,0.291666666666667,8.));
#6490=CARTESIAN_POINT('',(23.9166666666667,3.49676543189026E-16,8.));
#6491=CARTESIAN_POINT('',(28.1666666666667,3.49676543189026E-16,8.));
#6492=CARTESIAN_POINT('',(24.9791666666667,3.49676543189026E-16,8.));
#6493=CARTESIAN_POINT('',(23.9166666666667,0.583333333333333,8.));
#6494=CARTESIAN_POINT('',(23.9166666666667,0.145833333333334,8.));
#6495=CARTESIAN_POINT('',(28.1666666666667,0.583333333333333,8.));
#6496=CARTESIAN_POINT('',(27.1041666666667,0.583333333333333,8.));
#6497=CARTESIAN_POINT('',(28.1666666666667,0.4375,8.));
#6498=CARTESIAN_POINT('Origin',(0.291666666666667,5.54166666666667,8.));
#6499=CARTESIAN_POINT('',(0.583333333333333,8.66666666666667,8.));
#6500=CARTESIAN_POINT('',(3.49676543189026E-16,8.66666666666667,8.));
#6501=CARTESIAN_POINT('',(0.145833333333334,8.66666666666667,8.));
#6502=CARTESIAN_POINT('',(0.583333333333333,2.41666666666667,8.));
#6503=CARTESIAN_POINT('',(0.583333333333333,3.97916666666667,8.));
#6504=CARTESIAN_POINT('',(3.49676543189026E-16,2.41666666666667,8.));
#6505=CARTESIAN_POINT('',(0.4375,2.41666666666667,8.));
#6506=CARTESIAN_POINT('',(3.49676543189026E-16,7.10416666666667,8.));
#6507=CARTESIAN_POINT('Origin',(0.291666666666666,17.7083333333333,8.));
#6508=CARTESIAN_POINT('',(0.583333333333333,20.5,8.));
#6509=CARTESIAN_POINT('',(-1.16558847729675E-16,20.5,8.));
#6510=CARTESIAN_POINT('',(0.145833333333333,20.5,8.));
#6511=CARTESIAN_POINT('',(0.583333333333333,14.9166666666667,8.));
#6512=CARTESIAN_POINT('',(0.583333333333333,16.3125,8.));
#6513=CARTESIAN_POINT('',(-1.16558847729675E-16,14.9166666666667,8.));
#6514=CARTESIAN_POINT('',(0.4375,14.9166666666667,8.));
#6515=CARTESIAN_POINT('',(-1.16558847729675E-16,19.1041666666667,8.));
#6516=CARTESIAN_POINT('Origin',(11.75,23.7083333333333,8.));
#6517=CARTESIAN_POINT('',(9.5,23.4166666666667,8.));
#6518=CARTESIAN_POINT('',(14.,23.4166666666667,8.));
#6519=CARTESIAN_POINT('',(10.625,23.4166666666667,8.));
#6520=CARTESIAN_POINT('',(9.5,24.,8.));
#6521=CARTESIAN_POINT('',(9.5,23.5625,8.));
#6522=CARTESIAN_POINT('',(14.,24.,8.));
#6523=CARTESIAN_POINT('',(12.875,24.,8.));
#6524=CARTESIAN_POINT('',(14.,23.8541666666667,8.));
#6525=CARTESIAN_POINT('Origin',(15.,12.,0.583333333333333));
#6526=CARTESIAN_POINT('',(29.4166666666667,23.4166666666667,0.583333333333333));
#6527=CARTESIAN_POINT('',(7.79166666666667,23.4166666666667,0.583333333333333));
#6528=CARTESIAN_POINT('',(17.3333333333333,24.,0.583333333333333));
#6529=CARTESIAN_POINT('',(17.3333333333333,24.,0.583333333333333));
#6530=CARTESIAN_POINT('',(17.3333333333333,23.4166666666667,0.583333333333333));
#6531=CARTESIAN_POINT('',(17.3333333333333,23.5625,0.583333333333333));
#6532=CARTESIAN_POINT('',(0.583333333333332,23.4166666666667,0.583333333333333));
#6533=CARTESIAN_POINT('',(7.79166666666667,23.4166666666667,0.583333333333333));
#6534=CARTESIAN_POINT('',(0.583333333333332,0.583333333333332,0.583333333333333));
#6535=CARTESIAN_POINT('',(0.583333333333332,16.25,0.583333333333333));
#6536=CARTESIAN_POINT('',(29.4166666666667,0.583333333333332,0.583333333333333));
#6537=CARTESIAN_POINT('',(19.4583333333333,0.583333333333333,0.583333333333333));
#6538=CARTESIAN_POINT('',(29.4166666666667,17.7083333333333,0.583333333333333));
#6539=CARTESIAN_POINT('Origin',(29.4166666666667,23.4166666666667,0.));
#6540=CARTESIAN_POINT('',(29.4166666666667,23.4166666666667,9.5));
#6541=CARTESIAN_POINT('',(29.4166666666667,0.583333333333333,9.5));
#6542=CARTESIAN_POINT('',(29.4166666666667,0.583333333333333,9.5));
#6543=CARTESIAN_POINT('',(29.4166666666667,23.4166666666667,0.));
#6544=CARTESIAN_POINT('',(29.4166666666667,0.583333333333333,0.));
#6545=CARTESIAN_POINT('',(29.4166666666667,18.0833333333333,3.));
#6546=CARTESIAN_POINT('',(29.4166666666667,18.0833333333333,0.));
#6547=CARTESIAN_POINT('',(29.4166666666667,22.,3.));
#6548=CARTESIAN_POINT('',(29.4166666666667,21.0208333333333,3.));
#6549=CARTESIAN_POINT('',(29.4166666666667,22.,0.));
#6550=CARTESIAN_POINT('Origin',(23.9166666666667,0.583333333333333,0.));
#6551=CARTESIAN_POINT('',(0.583333333333333,0.583333333333332,9.5));
#6552=CARTESIAN_POINT('',(0.583333333333333,0.583333333333332,9.5));
#6553=CARTESIAN_POINT('',(0.583333333333333,0.583333333333332,0.));
#6554=CARTESIAN_POINT('',(4.41666666666667,0.583333333333332,3.));
#6555=CARTESIAN_POINT('',(4.41666666666667,0.583333333333332,0.));
#6556=CARTESIAN_POINT('',(10.6666666666667,0.583333333333332,3.));
#6557=CARTESIAN_POINT('',(9.10416666666667,0.583333333333332,3.));
#6558=CARTESIAN_POINT('',(10.6666666666667,0.583333333333332,0.));
#6559=CARTESIAN_POINT('',(23.9166666666667,0.583333333333333,3.));
#6560=CARTESIAN_POINT('',(23.9166666666667,0.583333333333333,0.));
#6561=CARTESIAN_POINT('',(28.1666666666667,0.583333333333333,3.));
#6562=CARTESIAN_POINT('',(27.1041666666667,0.583333333333333,3.));
#6563=CARTESIAN_POINT('',(28.1666666666667,0.583333333333333,0.));
#6564=CARTESIAN_POINT('Origin',(0.583333333333333,20.5,0.));
#6565=CARTESIAN_POINT('',(0.583333333333332,23.4166666666667,9.5));
#6566=CARTESIAN_POINT('',(0.583333333333332,23.4166666666667,9.5));
#6567=CARTESIAN_POINT('',(0.583333333333332,23.4166666666667,0.));
#6568=CARTESIAN_POINT('',(0.583333333333333,20.5,3.));
#6569=CARTESIAN_POINT('',(0.583333333333333,20.5,0.));
#6570=CARTESIAN_POINT('',(0.583333333333333,14.9166666666667,3.));
#6571=CARTESIAN_POINT('',(0.583333333333333,16.3125,3.));
#6572=CARTESIAN_POINT('',(0.583333333333333,14.9166666666667,0.));
#6573=CARTESIAN_POINT('',(0.583333333333333,8.66666666666667,3.));
#6574=CARTESIAN_POINT('',(0.583333333333333,8.66666666666667,0.));
#6575=CARTESIAN_POINT('',(0.583333333333333,2.41666666666667,3.));
#6576=CARTESIAN_POINT('',(0.583333333333333,3.97916666666667,3.));
#6577=CARTESIAN_POINT('',(0.583333333333333,2.41666666666667,0.));
#6578=CARTESIAN_POINT('Origin',(0.583333333333332,23.4166666666667,0.));
#6579=CARTESIAN_POINT('',(29.4166666666667,23.4166666666667,9.5));
#6580=CARTESIAN_POINT('',(17.3333333333333,23.4166666666667,6.66666666666667));
#6581=CARTESIAN_POINT('',(17.3333333333333,23.4166666666667,0.));
#6582=CARTESIAN_POINT('',(22.3333333333333,23.4166666666667,6.66666666666667));
#6583=CARTESIAN_POINT('',(14.,23.4166666666667,3.));
#6584=CARTESIAN_POINT('',(14.,23.4166666666667,0.));
#6585=CARTESIAN_POINT('',(9.5,23.4166666666667,3.));
#6586=CARTESIAN_POINT('',(10.625,23.4166666666667,3.));
#6587=CARTESIAN_POINT('',(9.5,23.4166666666667,0.));
#6588=CARTESIAN_POINT('',(27.8333333333333,23.4166666666667,3.));
#6589=CARTESIAN_POINT('',(27.8333333333333,23.4166666666667,0.));
#6590=CARTESIAN_POINT('',(23.3333333333333,23.4166666666667,3.));
#6591=CARTESIAN_POINT('',(24.4583333333333,23.4166666666667,3.));
#6592=CARTESIAN_POINT('',(23.3333333333333,23.4166666666667,0.));
#6593=CARTESIAN_POINT('Origin',(0.291666666666666,17.7083333333333,3.));
#6594=CARTESIAN_POINT('',(-1.16558847729675E-16,20.5,3.));
#6595=CARTESIAN_POINT('',(0.145833333333333,20.5,3.));
#6596=CARTESIAN_POINT('',(-1.16558847729675E-16,14.9166666666667,3.));
#6597=CARTESIAN_POINT('',(-1.16558847729675E-16,19.1041666666667,3.));
#6598=CARTESIAN_POINT('',(0.4375,14.9166666666667,3.));
#6599=CARTESIAN_POINT('Origin',(26.0416666666667,0.291666666666667,3.));
#6600=CARTESIAN_POINT('',(28.1666666666667,3.49676543189026E-16,3.));
#6601=CARTESIAN_POINT('',(23.9166666666667,3.49676543189026E-16,3.));
#6602=CARTESIAN_POINT('',(24.9791666666667,3.49676543189026E-16,3.));
#6603=CARTESIAN_POINT('',(28.1666666666667,0.4375,3.));
#6604=CARTESIAN_POINT('',(23.9166666666667,0.145833333333334,3.));
#6605=CARTESIAN_POINT('Origin',(11.75,23.7083333333333,3.));
#6606=CARTESIAN_POINT('',(14.,24.,3.));
#6607=CARTESIAN_POINT('',(14.,23.8541666666667,3.));
#6608=CARTESIAN_POINT('',(9.5,24.,3.));
#6609=CARTESIAN_POINT('',(12.875,24.,3.));
#6610=CARTESIAN_POINT('',(9.5,23.5625,3.));
#6611=CARTESIAN_POINT('Origin',(29.7083333333333,20.0416666666667,3.));
#6612=CARTESIAN_POINT('',(30.,18.0833333333333,3.));
#6613=CARTESIAN_POINT('',(29.8541666666667,18.0833333333333,3.));
#6614=CARTESIAN_POINT('',(30.,22.,3.));
#6615=CARTESIAN_POINT('',(30.,19.0625,3.));
#6616=CARTESIAN_POINT('',(29.5625,22.,3.));
#6617=CARTESIAN_POINT('Origin',(28.1666666666667,0.583333333333333,0.));
#6618=CARTESIAN_POINT('',(28.1666666666667,3.49676543189026E-16,0.));
#6619=CARTESIAN_POINT('Origin',(30.,18.0833333333333,0.));
#6620=CARTESIAN_POINT('',(30.,18.0833333333333,0.));
#6621=CARTESIAN_POINT('Origin',(25.5833333333333,23.7083333333333,3.));
#6622=CARTESIAN_POINT('',(23.3333333333333,24.,3.));
#6623=CARTESIAN_POINT('',(27.8333333333333,24.,3.));
#6624=CARTESIAN_POINT('',(26.7083333333333,24.,3.));
#6625=CARTESIAN_POINT('',(23.3333333333333,23.5625,3.));
#6626=CARTESIAN_POINT('',(27.8333333333333,23.8541666666667,3.));
#6627=CARTESIAN_POINT('Origin',(19.8333333333333,23.7083333333333,6.66666666666667));
#6628=CARTESIAN_POINT('',(17.3333333333333,24.,6.66666666666667));
#6629=CARTESIAN_POINT('',(17.3333333333333,23.5625,6.66666666666667));
#6630=CARTESIAN_POINT('',(17.3333333333333,24.,6.66666666666667));
#6631=CARTESIAN_POINT('Origin',(23.3333333333333,23.4166666666667,0.));
#6632=CARTESIAN_POINT('',(23.3333333333333,24.,0.));
#6633=CARTESIAN_POINT('Origin',(14.,24.,0.));
#6634=CARTESIAN_POINT('',(14.,24.,0.));
#6635=CARTESIAN_POINT('Origin',(17.3333333333333,23.4166666666667,0.));
#6636=CARTESIAN_POINT('',(17.3333333333333,24.,0.));
#6637=CARTESIAN_POINT('Origin',(27.8333333333333,24.,0.));
#6638=CARTESIAN_POINT('',(27.8333333333333,24.,0.));
#6639=CARTESIAN_POINT('Origin',(30.,22.,0.));
#6640=CARTESIAN_POINT('',(30.,0.,9.5));
#6641=CARTESIAN_POINT('',(30.,24.,9.5));
#6642=CARTESIAN_POINT('',(30.,0.,9.5));
#6643=CARTESIAN_POINT('',(30.,0.,0.));
#6644=CARTESIAN_POINT('',(30.,0.,0.));
#6645=CARTESIAN_POINT('',(30.,24.,0.));
#6646=CARTESIAN_POINT('',(30.,0.,0.));
#6647=CARTESIAN_POINT('',(30.,24.,0.));
#6648=CARTESIAN_POINT('',(30.,22.,0.));
#6649=CARTESIAN_POINT('Origin',(29.4166666666667,22.,0.));
#6650=CARTESIAN_POINT('Origin',(-1.16558847729675E-16,20.5,0.));
#6651=CARTESIAN_POINT('',(-1.16558847729675E-16,20.5,0.));
#6652=CARTESIAN_POINT('Origin',(0.,24.,0.));
#6653=CARTESIAN_POINT('',(0.,24.,9.5));
#6654=CARTESIAN_POINT('',(0.,0.,9.5));
#6655=CARTESIAN_POINT('',(0.,24.,9.5));
#6656=CARTESIAN_POINT('',(0.,24.,0.));
#6657=CARTESIAN_POINT('',(0.,24.,0.));
#6658=CARTESIAN_POINT('',(0.,0.,0.));
#6659=CARTESIAN_POINT('',(0.,24.,0.));
#6660=CARTESIAN_POINT('',(0.,0.,0.));
#6661=CARTESIAN_POINT('',(3.49676543189026E-16,2.41666666666667,3.));
#6662=CARTESIAN_POINT('',(3.49676543189026E-16,2.41666666666667,0.));
#6663=CARTESIAN_POINT('',(3.49676543189026E-16,8.66666666666667,3.));
#6664=CARTESIAN_POINT('',(3.49676543189026E-16,7.10416666666667,3.));
#6665=CARTESIAN_POINT('',(3.49676543189026E-16,8.66666666666667,0.));
#6666=CARTESIAN_POINT('',(-1.16558847729675E-16,14.9166666666667,0.));
#6667=CARTESIAN_POINT('Origin',(9.5,24.,0.));
#6668=CARTESIAN_POINT('',(30.,24.,0.));
#6669=CARTESIAN_POINT('',(30.,24.,9.5));
#6670=CARTESIAN_POINT('',(9.5,24.,0.));
#6671=CARTESIAN_POINT('Origin',(9.5,23.4166666666667,0.));
#6672=CARTESIAN_POINT('Origin',(4.75,22.25,0.));
#6673=CARTESIAN_POINT('',(0.,0.,0.));
#6674=CARTESIAN_POINT('Origin',(0.291666666666667,5.54166666666667,3.));
#6675=CARTESIAN_POINT('',(0.145833333333334,8.66666666666667,3.));
#6676=CARTESIAN_POINT('',(0.4375,2.41666666666667,3.));
#6677=CARTESIAN_POINT('Origin',(7.54166666666667,0.291666666666666,3.));
#6678=CARTESIAN_POINT('',(10.6666666666667,0.,3.));
#6679=CARTESIAN_POINT('',(4.41666666666667,0.,3.));
#6680=CARTESIAN_POINT('',(5.97916666666667,0.,3.));
#6681=CARTESIAN_POINT('',(10.6666666666667,0.437499999999999,3.));
#6682=CARTESIAN_POINT('',(4.41666666666667,0.145833333333333,3.));
#6683=CARTESIAN_POINT('Origin',(4.41666666666667,0.,0.));
#6684=CARTESIAN_POINT('',(4.41666666666667,0.,0.));
#6685=CARTESIAN_POINT('Origin',(0.583333333333333,2.41666666666667,0.));
#6686=CARTESIAN_POINT('Origin',(2.20833333333333,1.20833333333333,9.5));
#6687=CARTESIAN_POINT('',(0.,0.,9.5));
#6688=CARTESIAN_POINT('Origin',(23.9166666666667,3.49676543189026E-16,0.));
#6689=CARTESIAN_POINT('',(23.9166666666667,3.49676543189026E-16,0.));
#6690=CARTESIAN_POINT('Origin',(10.6666666666667,0.,0.));
#6691=CARTESIAN_POINT('',(10.6666666666667,0.,0.));
#6692=CARTESIAN_POINT('Origin',(10.6666666666667,0.583333333333332,0.));
#6693=CARTESIAN_POINT('Origin',(3.49676543189026E-16,8.66666666666667,0.));
#6694=CARTESIAN_POINT('Origin',(0.583333333333333,14.9166666666667,0.));
#6695=CARTESIAN_POINT('',(0.,0.,0.));
#6696=CARTESIAN_POINT('Origin',(-11.0004817282996,52.2,0.583333333333333));
#6697=CARTESIAN_POINT('',(-3.99999993992603,52.2,0.583333333333333));
#6698=CARTESIAN_POINT('',(-11.0004817282996,52.2,0.583333333333333));
#6699=CARTESIAN_POINT('',(-3.99999993992603,52.2,0.583333333333333));
#6700=CARTESIAN_POINT('',(-3.99999993992603,52.2,0.));
#6701=CARTESIAN_POINT('',(-3.99999993992603,52.2,0.583333333333333));
#6702=CARTESIAN_POINT('',(-11.0004817282996,52.2,0.));
#6703=CARTESIAN_POINT('',(-3.99999993992603,52.2,0.));
#6704=CARTESIAN_POINT('',(-11.0004817282996,52.2,0.583333333333333));
#6705=CARTESIAN_POINT('Origin',(-44.9999997747226,35.9999994593342,0.583333333333333));
#6706=CARTESIAN_POINT('',(-14.9999997747226,35.9999994593342,0.583333333333333));
#6707=CARTESIAN_POINT('',(-44.9999997747226,35.9999994593342,0.583333333333333));
#6708=CARTESIAN_POINT('',(-14.9999997747226,35.9999994593342,0.583333333333333));
#6709=CARTESIAN_POINT('',(-14.9999997747226,35.9999994593342,0.));
#6710=CARTESIAN_POINT('',(-14.9999997747226,35.9999994593342,0.583333333333333));
#6711=CARTESIAN_POINT('',(-44.9999997747226,35.9999994593342,0.));
#6712=CARTESIAN_POINT('',(-14.9999997747226,35.9999994593342,0.));
#6713=CARTESIAN_POINT('',(-44.9999997747226,35.9999994593342,0.583333333333333));
#6714=CARTESIAN_POINT('Origin',(-14.9999997747226,24.,0.583333333333333));
#6715=CARTESIAN_POINT('',(-44.9999997747226,24.,0.583333333333333));
#6716=CARTESIAN_POINT('',(-14.9999997747226,24.,0.583333333333333));
#6717=CARTESIAN_POINT('',(-44.9999997747226,24.,0.583333333333333));
#6718=CARTESIAN_POINT('',(-44.9999997747226,24.,0.));
#6719=CARTESIAN_POINT('',(-44.9999997747226,24.,0.583333333333333));
#6720=CARTESIAN_POINT('',(-14.9999997747226,24.,0.));
#6721=CARTESIAN_POINT('',(-44.9999997747226,24.,0.));
#6722=CARTESIAN_POINT('',(-14.9999997747226,24.,0.583333333333333));
#6723=CARTESIAN_POINT('Origin',(-3.99999993992603,7.8,0.583333333333333));
#6724=CARTESIAN_POINT('',(-10.999999939926,7.8,0.583333333333333));
#6725=CARTESIAN_POINT('',(-3.99999993992603,7.8,0.583333333333333));
#6726=CARTESIAN_POINT('',(-10.999999939926,7.8,0.583333333333333));
#6727=CARTESIAN_POINT('',(-10.999999939926,7.8,0.));
#6728=CARTESIAN_POINT('',(-10.999999939926,7.8,0.583333333333333));
#6729=CARTESIAN_POINT('',(-3.99999993992603,7.8,0.));
#6730=CARTESIAN_POINT('',(-10.999999939926,7.8,0.));
#6731=CARTESIAN_POINT('',(-3.99999993992603,7.8,0.583333333333333));
#6732=CARTESIAN_POINT('Origin',(-30.0000004505548,30.,0.583333333333333));
#6733=CARTESIAN_POINT('',(-3.99999993992603,59.4166666666667,0.583333333333333));
#6734=CARTESIAN_POINT('',(-3.99999993992603,60.,0.583333333333333));
#6735=CARTESIAN_POINT('',(-11.0004817282996,59.4166666666667,0.583333333333333));
#6736=CARTESIAN_POINT('',(-11.0004817282996,52.2,0.583333333333333));
#6737=CARTESIAN_POINT('',(-14.9999997747226,59.4166666666667,0.583333333333333));
#6738=CARTESIAN_POINT('',(-22.5000001126387,59.4166666666667,0.583333333333333));
#6739=CARTESIAN_POINT('',(-14.9999997747226,60.,0.583333333333333));
#6740=CARTESIAN_POINT('',(-44.9999997747226,59.4166666666667,0.583333333333333));
#6741=CARTESIAN_POINT('',(-44.9999997747226,35.9999994593342,0.583333333333333));
#6742=CARTESIAN_POINT('',(-89.4166671172215,59.4166666666667,0.583333333333333));
#6743=CARTESIAN_POINT('',(-59.7083337838881,59.4166666666667,0.583333333333333));
#6744=CARTESIAN_POINT('',(-89.4166671172215,0.583333333333333,0.583333333333333));
#6745=CARTESIAN_POINT('',(-89.4166671172215,15.2916666666667,0.583333333333333));
#6746=CARTESIAN_POINT('',(-44.9999997747226,0.583333333333333,0.583333333333333));
#6747=CARTESIAN_POINT('',(-37.5000001126387,0.583333333333334,0.583333333333333));
#6748=CARTESIAN_POINT('',(-44.9999997747226,0.,0.583333333333333));
#6749=CARTESIAN_POINT('',(-14.9999997747226,0.583333333333332,0.583333333333333));
#6750=CARTESIAN_POINT('',(-14.9999997747226,24.,0.583333333333333));
#6751=CARTESIAN_POINT('',(-10.999999939926,0.583333333333333,0.583333333333333));
#6752=CARTESIAN_POINT('',(-20.5000001952404,0.583333333333334,0.583333333333333));
#6753=CARTESIAN_POINT('',(-10.999999939926,0.,0.583333333333333));
#6754=CARTESIAN_POINT('',(-3.99999993992603,0.583333333333333,0.583333333333333));
#6755=CARTESIAN_POINT('',(-3.99999993992603,7.8,0.583333333333333));
#6756=CARTESIAN_POINT('',(-4.50554794406582E-7,0.583333333333333,0.583333333333333));
#6757=CARTESIAN_POINT('',(-15.0000004505548,0.583333333333334,0.583333333333333));
#6758=CARTESIAN_POINT('',(-4.50554794406582E-7,24.,0.583333333333333));
#6759=CARTESIAN_POINT('',(-4.50554794406582E-7,0.,0.583333333333333));
#6760=CARTESIAN_POINT('',(29.4166662161119,24.,0.583333333333333));
#6761=CARTESIAN_POINT('',(-4.50554794406582E-7,24.,0.583333333333333));
#6762=CARTESIAN_POINT('',(29.4166662161119,35.9999994593342,0.583333333333333));
#6763=CARTESIAN_POINT('',(29.4166662161119,32.9999997296671,0.583333333333333));
#6764=CARTESIAN_POINT('',(-4.50554790676699E-7,35.9999994593342,0.583333333333333));
#6765=CARTESIAN_POINT('',(29.9999995494452,35.9999994593342,0.583333333333333));
#6766=CARTESIAN_POINT('',(-4.50554790676699E-7,59.4166666666667,0.583333333333333));
#6767=CARTESIAN_POINT('',(-4.50554790676699E-7,35.9999994593342,0.583333333333333));
#6768=CARTESIAN_POINT('',(-17.0000001952404,59.4166666666667,0.583333333333333));
#6769=CARTESIAN_POINT('Origin',(29.9999995494452,24.,0.));
#6770=CARTESIAN_POINT('',(29.9999995494452,35.9999994593342,0.));
#6771=CARTESIAN_POINT('',(29.9999995494452,24.,0.));
#6772=CARTESIAN_POINT('',(29.9999995494452,60.,0.));
#6773=CARTESIAN_POINT('',(29.9999995494452,35.9999994593342,9.5));
#6774=CARTESIAN_POINT('',(29.9999995494452,35.9999994593342,0.));
#6775=CARTESIAN_POINT('',(29.9999995494452,24.,9.5));
#6776=CARTESIAN_POINT('',(29.9999995494452,60.,9.5));
#6777=CARTESIAN_POINT('',(29.9999995494452,24.,0.));
#6778=CARTESIAN_POINT('Origin',(29.4166662161119,24.,0.));
#6779=CARTESIAN_POINT('',(-4.50554794406582E-7,24.,0.));
#6780=CARTESIAN_POINT('',(-4.50554794406582E-7,24.,0.));
#6781=CARTESIAN_POINT('',(29.4166662161119,24.,9.5));
#6782=CARTESIAN_POINT('',(-4.50554794406582E-7,24.,9.5));
#6783=CARTESIAN_POINT('',(29.4166662161119,24.,0.));
#6784=CARTESIAN_POINT('',(-4.50554794406582E-7,24.,0.583333333333333));
#6785=CARTESIAN_POINT('Origin',(29.4166662161119,35.9999994593342,0.));
#6786=CARTESIAN_POINT('',(29.4166662161119,35.9999994593342,9.5));
#6787=CARTESIAN_POINT('',(29.4166662161119,59.4166666666667,9.5));
#6788=CARTESIAN_POINT('',(29.4166662161119,35.9999994593342,0.));
#6789=CARTESIAN_POINT('Origin',(29.9999995494452,35.9999994593342,0.));
#6790=CARTESIAN_POINT('',(-4.50554790676699E-7,35.9999994593342,0.));
#6791=CARTESIAN_POINT('',(29.9999995494452,35.9999994593342,0.));
#6792=CARTESIAN_POINT('',(-4.50554790676699E-7,35.9999994593342,0.583333333333333));
#6793=CARTESIAN_POINT('',(29.9999995494452,35.9999994593342,9.5));
#6794=CARTESIAN_POINT('Origin',(29.7083328827785,29.9999997296671,9.5));
#6795=CARTESIAN_POINT('Origin',(-90.0000004505548,60.,0.));
#6796=CARTESIAN_POINT('',(-90.0000004505548,0.,0.));
#6797=CARTESIAN_POINT('',(-90.0000004505548,60.,0.));
#6798=CARTESIAN_POINT('',(-90.0000004505548,0.,0.));
#6799=CARTESIAN_POINT('',(-90.0000004505548,0.,9.5));
#6800=CARTESIAN_POINT('',(-90.0000004505548,0.,0.));
#6801=CARTESIAN_POINT('',(-90.0000004505548,60.,9.5));
#6802=CARTESIAN_POINT('',(-90.0000004505548,0.,9.5));
#6803=CARTESIAN_POINT('',(-90.0000004505548,60.,0.));
#6804=CARTESIAN_POINT('Origin',(-44.9999997747226,60.,0.));
#6805=CARTESIAN_POINT('',(-44.9999997747226,60.,0.));
#6806=CARTESIAN_POINT('',(-90.0000004505548,60.,0.));
#6807=CARTESIAN_POINT('',(-44.9999997747226,60.,9.5));
#6808=CARTESIAN_POINT('',(-90.0000004505548,60.,9.5));
#6809=CARTESIAN_POINT('',(-44.9999997747226,60.,0.));
#6810=CARTESIAN_POINT('Origin',(-44.9999997747226,59.4166666666667,0.));
#6811=CARTESIAN_POINT('',(-44.9999997747226,35.9999994593342,0.));
#6812=CARTESIAN_POINT('',(-44.9999997747226,59.4166666666667,9.5));
#6813=CARTESIAN_POINT('',(-44.9999997747226,35.9999994593342,9.5));
#6814=CARTESIAN_POINT('',(-44.9999997747226,59.4166666666667,0.));
#6815=CARTESIAN_POINT('Origin',(-89.4166671172215,59.4166666666667,0.));
#6816=CARTESIAN_POINT('',(-89.4166671172215,59.4166666666667,9.5));
#6817=CARTESIAN_POINT('',(-89.4166671172215,59.4166666666667,9.5));
#6818=CARTESIAN_POINT('',(-89.4166671172215,59.4166666666667,0.));
#6819=CARTESIAN_POINT('Origin',(-89.4166671172215,0.583333333333333,0.));
#6820=CARTESIAN_POINT('',(-89.4166671172215,0.583333333333333,9.5));
#6821=CARTESIAN_POINT('',(-89.4166671172215,0.583333333333333,9.5));
#6822=CARTESIAN_POINT('',(-89.4166671172215,0.583333333333333,0.));
#6823=CARTESIAN_POINT('Origin',(-44.9999997747226,0.583333333333333,0.));
#6824=CARTESIAN_POINT('',(-44.9999997747226,0.583333333333333,9.5));
#6825=CARTESIAN_POINT('',(29.4166662161119,0.583333333333333,9.5));
#6826=CARTESIAN_POINT('',(-44.9999997747226,0.583333333333333,0.));
#6827=CARTESIAN_POINT('Origin',(-44.9999997747226,0.,0.));
#6828=CARTESIAN_POINT('',(-44.9999997747226,0.,0.));
#6829=CARTESIAN_POINT('',(-44.9999997747226,0.,0.));
#6830=CARTESIAN_POINT('',(-44.9999997747226,0.,9.5));
#6831=CARTESIAN_POINT('',(-44.9999997747226,0.,9.5));
#6832=CARTESIAN_POINT('',(-44.9999997747226,0.,0.));
#6833=CARTESIAN_POINT('Origin',(-90.0000004505548,0.,0.));
#6834=CARTESIAN_POINT('',(29.9999995494452,0.,0.));
#6835=CARTESIAN_POINT('',(29.9999995494452,0.,9.5));
#6836=CARTESIAN_POINT('Origin',(-67.5000001126387,30.,9.5));
#6837=CARTESIAN_POINT('Origin',(-11.0004817282996,60.,0.));
#6838=CARTESIAN_POINT('',(-14.9999997747226,60.,0.));
#6839=CARTESIAN_POINT('',(-11.0004817282996,60.,0.));
#6840=CARTESIAN_POINT('',(-90.0000004505548,60.,0.));
#6841=CARTESIAN_POINT('',(-14.9999997747226,60.,9.5));
#6842=CARTESIAN_POINT('',(-14.9999997747226,60.,0.));
#6843=CARTESIAN_POINT('',(-11.0004817282996,60.,9.5));
#6844=CARTESIAN_POINT('',(-90.0000004505548,60.,9.5));
#6845=CARTESIAN_POINT('',(-11.0004817282996,60.,0.));
#6846=CARTESIAN_POINT('Origin',(-11.0004817282996,59.4166666666667,0.));
#6847=CARTESIAN_POINT('',(-11.0004817282996,52.2,0.));
#6848=CARTESIAN_POINT('',(-11.0004817282996,59.4166666666667,9.5));
#6849=CARTESIAN_POINT('',(-11.0004817282996,52.2,9.5));
#6850=CARTESIAN_POINT('',(-11.0004817282996,59.4166666666667,0.));
#6851=CARTESIAN_POINT('Origin',(-14.9999997747226,59.4166666666667,0.));
#6852=CARTESIAN_POINT('',(-14.9999997747226,59.4166666666667,9.5));
#6853=CARTESIAN_POINT('',(-89.4166671172215,59.4166666666667,9.5));
#6854=CARTESIAN_POINT('',(-14.9999997747226,59.4166666666667,0.));
#6855=CARTESIAN_POINT('Origin',(-14.9999997747226,60.,0.));
#6856=CARTESIAN_POINT('',(-14.9999997747226,60.,0.));
#6857=CARTESIAN_POINT('',(-14.9999997747226,60.,9.5));
#6858=CARTESIAN_POINT('Origin',(-13.0002407515111,59.7083333333333,9.5));
#6859=CARTESIAN_POINT('Origin',(-14.9999997747226,0.,0.));
#6860=CARTESIAN_POINT('',(-10.999999939926,0.,0.));
#6861=CARTESIAN_POINT('',(-14.9999997747226,0.,0.));
#6862=CARTESIAN_POINT('',(29.9999995494452,0.,0.));
#6863=CARTESIAN_POINT('',(-10.999999939926,0.,9.5));
#6864=CARTESIAN_POINT('',(-10.999999939926,0.,0.));
#6865=CARTESIAN_POINT('',(-14.9999997747226,0.,9.5));
#6866=CARTESIAN_POINT('',(29.9999995494452,0.,9.5));
#6867=CARTESIAN_POINT('',(-14.9999997747226,0.,0.));
#6868=CARTESIAN_POINT('Origin',(-14.9999997747226,0.583333333333332,0.));
#6869=CARTESIAN_POINT('',(-14.9999997747226,24.,0.));
#6870=CARTESIAN_POINT('',(-14.9999997747226,0.583333333333332,9.5));
#6871=CARTESIAN_POINT('',(-14.9999997747226,24.,9.5));
#6872=CARTESIAN_POINT('',(-14.9999997747226,0.583333333333332,0.));
#6873=CARTESIAN_POINT('Origin',(-10.999999939926,0.583333333333333,0.));
#6874=CARTESIAN_POINT('',(-10.999999939926,0.583333333333333,9.5));
#6875=CARTESIAN_POINT('',(29.4166662161119,0.583333333333333,9.5));
#6876=CARTESIAN_POINT('',(-10.999999939926,0.583333333333333,0.));
#6877=CARTESIAN_POINT('Origin',(-10.999999939926,0.,0.));
#6878=CARTESIAN_POINT('',(-10.999999939926,0.,0.));
#6879=CARTESIAN_POINT('',(-10.999999939926,0.,9.5));
#6880=CARTESIAN_POINT('Origin',(-12.9999998573243,0.291666666666667,9.5));
#6881=CARTESIAN_POINT('Origin',(-3.99999993992603,0.,0.));
#6882=CARTESIAN_POINT('',(-4.50554794406582E-7,0.,0.));
#6883=CARTESIAN_POINT('',(-3.99999993992603,0.,0.));
#6884=CARTESIAN_POINT('',(29.9999995494452,0.,0.));
#6885=CARTESIAN_POINT('',(-4.50554794406582E-7,0.,9.5));
#6886=CARTESIAN_POINT('',(-4.50554794406582E-7,0.,0.));
#6887=CARTESIAN_POINT('',(-3.99999993992603,0.,9.5));
#6888=CARTESIAN_POINT('',(29.9999995494452,0.,9.5));
#6889=CARTESIAN_POINT('',(-3.99999993992603,0.,0.));
#6890=CARTESIAN_POINT('Origin',(-3.99999993992603,0.583333333333333,0.));
#6891=CARTESIAN_POINT('',(-3.99999993992603,7.8,0.));
#6892=CARTESIAN_POINT('',(-3.99999993992603,0.583333333333333,9.5));
#6893=CARTESIAN_POINT('',(-3.99999993992603,7.8,9.5));
#6894=CARTESIAN_POINT('',(-3.99999993992603,0.583333333333333,0.));
#6895=CARTESIAN_POINT('Origin',(-4.50554794406582E-7,0.583333333333333,
0.));
#6896=CARTESIAN_POINT('',(-4.50554794406582E-7,0.583333333333333,9.5));
#6897=CARTESIAN_POINT('',(29.4166662161119,0.583333333333333,9.5));
#6898=CARTESIAN_POINT('',(-4.50554794406582E-7,0.583333333333333,0.));
#6899=CARTESIAN_POINT('Origin',(-4.50554794406582E-7,0.,0.));
#6900=CARTESIAN_POINT('',(-4.50554794406582E-7,0.,0.));
#6901=CARTESIAN_POINT('',(-4.50554794406582E-7,0.,9.5));
#6902=CARTESIAN_POINT('Origin',(-2.00000019524041,0.291666666666667,9.5));
#6903=CARTESIAN_POINT('Origin',(-4.50554798136466E-7,60.,0.));
#6904=CARTESIAN_POINT('',(-3.99999993992603,60.,0.));
#6905=CARTESIAN_POINT('',(-4.50554790676699E-7,60.,0.));
#6906=CARTESIAN_POINT('',(-90.0000004505548,60.,0.));
#6907=CARTESIAN_POINT('',(-3.99999993992603,60.,9.5));
#6908=CARTESIAN_POINT('',(-3.99999993992603,60.,0.));
#6909=CARTESIAN_POINT('',(-4.50554790676699E-7,60.,9.5));
#6910=CARTESIAN_POINT('',(-90.0000004505548,60.,9.5));
#6911=CARTESIAN_POINT('',(-4.50554790676699E-7,60.,0.));
#6912=CARTESIAN_POINT('Origin',(-4.50554790676699E-7,59.4166666666667,0.));
#6913=CARTESIAN_POINT('',(-4.50554790676699E-7,35.9999994593342,0.));
#6914=CARTESIAN_POINT('',(-4.50554790676699E-7,59.4166666666667,9.5));
#6915=CARTESIAN_POINT('',(-4.50554790676699E-7,35.9999994593342,9.5));
#6916=CARTESIAN_POINT('',(-4.50554790676699E-7,59.4166666666667,0.));
#6917=CARTESIAN_POINT('Origin',(-3.99999993992603,59.4166666666667,0.));
#6918=CARTESIAN_POINT('',(-3.99999993992603,59.4166666666667,9.5));
#6919=CARTESIAN_POINT('',(-89.4166671172215,59.4166666666667,9.5));
#6920=CARTESIAN_POINT('',(-3.99999993992603,59.4166666666667,0.));
#6921=CARTESIAN_POINT('Origin',(-3.99999993992603,60.,0.));
#6922=CARTESIAN_POINT('',(-3.99999993992603,60.,0.));
#6923=CARTESIAN_POINT('',(-3.99999993992603,60.,9.5));
#6924=CARTESIAN_POINT('Origin',(-2.00000019524041,59.7083333333333,9.5));
#6925=CARTESIAN_POINT('Origin',(-2.00000019524041,59.7083333333333,0.));
#6926=CARTESIAN_POINT('',(0.,0.,0.));
#6927=CARTESIAN_POINT('Origin',(-30.0000004505548,30.,38.5833333333333));
#6928=CARTESIAN_POINT('',(-11.0004817282996,52.2,38.5833333333333));
#6929=CARTESIAN_POINT('',(-3.99999993992603,52.2,38.5833333333333));
#6930=CARTESIAN_POINT('',(-20.5002410894272,52.2,38.5833333333333));
#6931=CARTESIAN_POINT('',(-11.0004817282996,59.4166666666667,38.5833333333333));
#6932=CARTESIAN_POINT('',(-11.0004817282996,44.7083333333333,38.5833333333333));
#6933=CARTESIAN_POINT('',(-89.4166671172215,59.4166666666667,38.5833333333333));
#6934=CARTESIAN_POINT('',(-59.7083337838881,59.4166666666667,38.5833333333333));
#6935=CARTESIAN_POINT('',(-89.4166671172215,0.583333333333332,38.5833333333333));
#6936=CARTESIAN_POINT('',(-89.4166671172215,15.2916666666667,38.5833333333333));
#6937=CARTESIAN_POINT('',(-10.999999939926,0.583333333333332,38.5833333333333));
#6938=CARTESIAN_POINT('',(-0.291667117221457,0.583333333333334,38.5833333333333));
#6939=CARTESIAN_POINT('',(-10.999999939926,7.8,38.5833333333333));
#6940=CARTESIAN_POINT('',(-10.999999939926,18.9,38.5833333333333));
#6941=CARTESIAN_POINT('',(-3.99999993992603,7.8,38.5833333333333));
#6942=CARTESIAN_POINT('',(-17.0000001952404,7.8,38.5833333333333));
#6943=CARTESIAN_POINT('',(-3.99999993992603,0.583333333333332,38.5833333333333));
#6944=CARTESIAN_POINT('',(-3.99999993992603,15.2916666666667,38.5833333333333));
#6945=CARTESIAN_POINT('',(29.4166662161119,0.583333333333332,38.5833333333333));
#6946=CARTESIAN_POINT('',(-0.291667117221457,0.583333333333334,38.5833333333333));
#6947=CARTESIAN_POINT('',(29.4166662161119,59.4166666666667,38.5833333333333));
#6948=CARTESIAN_POINT('',(29.4166662161119,44.7083333333333,38.5833333333333));
#6949=CARTESIAN_POINT('',(-3.99999993992603,59.4166666666667,38.5833333333333));
#6950=CARTESIAN_POINT('',(-59.7083337838881,59.4166666666667,38.5833333333333));
#6951=CARTESIAN_POINT('',(-3.99999993992603,41.1,38.5833333333333));
#6952=CARTESIAN_POINT('Origin',(-3.99999993992603,7.8,38.));
#6953=CARTESIAN_POINT('',(-10.999999939926,7.8,47.5));
#6954=CARTESIAN_POINT('',(-10.999999939926,7.8,38.));
#6955=CARTESIAN_POINT('',(-3.99999993992603,7.8,47.5));
#6956=CARTESIAN_POINT('',(-10.999999939926,7.8,47.5));
#6957=CARTESIAN_POINT('',(-3.99999993992603,7.8,38.));
#6958=CARTESIAN_POINT('Origin',(-10.999999939926,7.8,38.));
#6959=CARTESIAN_POINT('',(-10.999999939926,0.583333333333333,47.5));
#6960=CARTESIAN_POINT('',(-10.999999939926,0.583333333333333,38.));
#6961=CARTESIAN_POINT('',(-10.999999939926,0.,47.5));
#6962=CARTESIAN_POINT('Origin',(29.4166662161119,0.583333333333333,38.));
#6963=CARTESIAN_POINT('',(-89.4166671172215,0.583333333333332,47.5));
#6964=CARTESIAN_POINT('',(-89.4166671172215,0.583333333333333,38.));
#6965=CARTESIAN_POINT('',(29.4166662161119,0.583333333333333,47.5));
#6966=CARTESIAN_POINT('Origin',(-89.4166671172215,0.583333333333333,38.));
#6967=CARTESIAN_POINT('',(-89.4166671172215,59.4166666666667,47.5));
#6968=CARTESIAN_POINT('',(-89.4166671172215,59.4166666666667,38.));
#6969=CARTESIAN_POINT('',(-89.4166671172215,0.583333333333333,47.5));
#6970=CARTESIAN_POINT('Origin',(-89.4166671172215,59.4166666666667,38.));
#6971=CARTESIAN_POINT('',(-11.0004817282996,59.4166666666667,47.5));
#6972=CARTESIAN_POINT('',(-11.0004817282996,59.4166666666667,38.));
#6973=CARTESIAN_POINT('',(-89.4166671172215,59.4166666666667,47.5));
#6974=CARTESIAN_POINT('Origin',(-11.0004817282996,59.4166666666667,38.));
#6975=CARTESIAN_POINT('',(-11.0004817282996,52.2,47.5));
#6976=CARTESIAN_POINT('',(-11.0004817282996,52.2,38.));
#6977=CARTESIAN_POINT('',(-11.0004817282996,52.2,47.5));
#6978=CARTESIAN_POINT('Origin',(-7.5,56.1,46.9166666666667));
#6979=CARTESIAN_POINT('',(-4.58333333333333,59.4166666666667,46.9166666666667));
#6980=CARTESIAN_POINT('',(-10.4166666666667,59.4166666666667,46.9166666666667));
#6981=CARTESIAN_POINT('',(-48.4583335586107,59.4166666666667,46.9166666666667));
#6982=CARTESIAN_POINT('',(-4.58333333333333,52.7833333333333,46.9166666666667));
#6983=CARTESIAN_POINT('',(-4.58333333333333,57.7583333333333,46.9166666666667));
#6984=CARTESIAN_POINT('',(-10.4166666666667,52.7833333333333,46.9166666666667));
#6985=CARTESIAN_POINT('',(-6.04166666666667,52.7833333333333,46.9166666666667));
#6986=CARTESIAN_POINT('',(-10.4166666666667,54.4416666666667,46.9166666666667));
#6987=CARTESIAN_POINT('Origin',(-4.58333333333333,52.7833333333333,38.));
#6988=CARTESIAN_POINT('',(-4.58333333333333,52.7833333333333,38.));
#6989=CARTESIAN_POINT('',(-4.58333333333333,52.7833333333333,38.));
#6990=CARTESIAN_POINT('',(-10.4166666666667,52.7833333333333,38.));
#6991=CARTESIAN_POINT('',(-4.58333333333333,52.7833333333333,38.));
#6992=CARTESIAN_POINT('',(-10.4166666666667,52.7833333333333,38.));
#6993=CARTESIAN_POINT('Origin',(-4.58333333333333,59.4166666666667,38.));
#6994=CARTESIAN_POINT('',(-4.58333333333333,59.4166666666667,38.));
#6995=CARTESIAN_POINT('',(-4.58333333333333,59.4166666666667,38.));
#6996=CARTESIAN_POINT('',(-4.58333333333333,59.4166666666667,38.));
#6997=CARTESIAN_POINT('Origin',(-7.5,3.9,46.9166666666667));
#6998=CARTESIAN_POINT('',(-4.58333333333333,7.21666666666667,46.9166666666667));
#6999=CARTESIAN_POINT('',(-10.4166666666667,7.21666666666667,46.9166666666667));
#7000=CARTESIAN_POINT('',(-8.95833333333333,7.21666666666667,46.9166666666667));
#7001=CARTESIAN_POINT('',(-4.58333333333333,0.583333333333333,46.9166666666667));
#7002=CARTESIAN_POINT('',(-4.58333333333333,5.55833333333333,46.9166666666667));
#7003=CARTESIAN_POINT('',(-10.4166666666667,0.583333333333333,46.9166666666667));
#7004=CARTESIAN_POINT('',(10.9583331080559,0.583333333333333,46.9166666666667));
#7005=CARTESIAN_POINT('',(-10.4166666666667,2.24166666666667,46.9166666666667));
#7006=CARTESIAN_POINT('Origin',(29.4166662161119,0.583333333333333,38.));
#7007=CARTESIAN_POINT('',(-4.58333333333333,0.583333333333333,38.));
#7008=CARTESIAN_POINT('',(-4.58333333333333,0.583333333333333,38.));
#7009=CARTESIAN_POINT('',(-10.4166666666667,0.583333333333333,38.));
#7010=CARTESIAN_POINT('',(29.4166662161119,0.583333333333333,38.));
#7011=CARTESIAN_POINT('',(-10.4166666666667,0.583333333333333,38.));
#7012=CARTESIAN_POINT('Origin',(-4.58333333333333,7.21666666666667,38.));
#7013=CARTESIAN_POINT('',(-4.58333333333333,7.21666666666667,38.));
#7014=CARTESIAN_POINT('',(-4.58333333333333,7.21666666666667,38.));
#7015=CARTESIAN_POINT('',(-4.58333333333333,7.21666666666667,38.));
#7016=CARTESIAN_POINT('Origin',(-3.99999993992603,0.583333333333333,38.));
#7017=CARTESIAN_POINT('',(-3.99999993992603,0.583333333333333,47.5));
#7018=CARTESIAN_POINT('',(-3.99999993992603,7.8,47.5));
#7019=CARTESIAN_POINT('',(-3.99999993992603,0.583333333333333,38.));
#7020=CARTESIAN_POINT('Origin',(-10.4166666666667,7.21666666666667,38.));
#7021=CARTESIAN_POINT('',(-10.4166666666667,7.21666666666667,38.));
#7022=CARTESIAN_POINT('',(-10.4166666666667,7.21666666666667,38.));
#7023=CARTESIAN_POINT('',(-10.4166666666667,7.21666666666667,38.));
#7024=CARTESIAN_POINT('Origin',(-10.4166666666667,0.583333333333333,38.));
#7025=CARTESIAN_POINT('',(-10.4166666666667,0.583333333333333,38.));
#7026=CARTESIAN_POINT('Origin',(29.4166662161119,0.583333333333333,38.));
#7027=CARTESIAN_POINT('',(29.4166662161119,0.583333333333332,47.5));
#7028=CARTESIAN_POINT('',(29.4166662161119,0.583333333333333,47.5));
#7029=CARTESIAN_POINT('',(29.4166662161119,0.583333333333332,38.));
#7030=CARTESIAN_POINT('Origin',(-3.99999993992603,52.2,38.));
#7031=CARTESIAN_POINT('',(-3.99999993992603,59.4166666666667,47.5));
#7032=CARTESIAN_POINT('',(-3.99999993992603,59.4166666666667,38.));
#7033=CARTESIAN_POINT('',(-3.99999993992603,52.2,47.5));
#7034=CARTESIAN_POINT('',(-3.99999993992603,60.,47.5));
#7035=CARTESIAN_POINT('',(-3.99999993992603,52.2,38.));
#7036=CARTESIAN_POINT('Origin',(-11.0004817282996,52.2,38.));
#7037=CARTESIAN_POINT('',(-3.99999993992603,52.2,47.5));
#7038=CARTESIAN_POINT('Origin',(-10.4166666666667,52.7833333333333,38.));
#7039=CARTESIAN_POINT('',(-10.4166666666667,59.4166666666667,38.));
#7040=CARTESIAN_POINT('',(-10.4166666666667,52.7833333333333,38.));
#7041=CARTESIAN_POINT('',(-10.4166666666667,59.4166666666667,38.));
#7042=CARTESIAN_POINT('Origin',(-89.4166671172215,59.4166666666667,38.));
#7043=CARTESIAN_POINT('',(29.4166662161119,59.4166666666667,47.5));
#7044=CARTESIAN_POINT('',(29.4166662161119,59.4166666666667,38.));
#7045=CARTESIAN_POINT('',(-89.4166671172215,59.4166666666667,47.5));
#7046=CARTESIAN_POINT('Origin',(-89.4166671172215,59.4166666666667,38.));
#7047=CARTESIAN_POINT('',(-89.4166671172215,59.4166666666667,38.));
#7048=CARTESIAN_POINT('Origin',(29.4166662161119,59.4166666666667,38.));
#7049=CARTESIAN_POINT('',(29.4166662161119,59.4166666666667,47.5));
#7050=CARTESIAN_POINT('Origin',(30.5833328827785,60.5833333333333,38.));
#7051=CARTESIAN_POINT('',(-90.5833337838881,60.5833333333333,38.));
#7052=CARTESIAN_POINT('',(30.5833328827785,60.5833333333333,38.));
#7053=CARTESIAN_POINT('',(-90.5833337838881,60.5833333333333,38.));
#7054=CARTESIAN_POINT('',(-90.5833337838881,60.5833333333333,47.5));
#7055=CARTESIAN_POINT('',(-90.5833337838881,60.5833333333333,38.));
#7056=CARTESIAN_POINT('',(30.5833328827785,60.5833333333333,47.5));
#7057=CARTESIAN_POINT('',(-90.5833337838881,60.5833333333333,47.5));
#7058=CARTESIAN_POINT('',(30.5833328827785,60.5833333333333,38.));
#7059=CARTESIAN_POINT('Origin',(30.5833328827785,-0.583333333333332,38.));
#7060=CARTESIAN_POINT('',(30.5833328827785,-0.583333333333332,38.));
#7061=CARTESIAN_POINT('',(30.5833328827785,60.5833333333333,38.));
#7062=CARTESIAN_POINT('',(30.5833328827785,-0.583333333333332,47.5));
#7063=CARTESIAN_POINT('',(30.5833328827785,60.5833333333333,47.5));
#7064=CARTESIAN_POINT('',(30.5833328827785,-0.583333333333332,38.));
#7065=CARTESIAN_POINT('Origin',(-90.5833337838881,-0.583333333333333,38.));
#7066=CARTESIAN_POINT('',(-90.5833337838881,-0.583333333333333,38.));
#7067=CARTESIAN_POINT('',(30.5833328827785,-0.583333333333332,38.));
#7068=CARTESIAN_POINT('',(-90.5833337838881,-0.583333333333332,47.5));
#7069=CARTESIAN_POINT('',(30.5833328827785,-0.583333333333332,47.5));
#7070=CARTESIAN_POINT('',(-90.5833337838881,-0.583333333333333,38.));
#7071=CARTESIAN_POINT('Origin',(-90.5833337838881,60.5833333333333,38.));
#7072=CARTESIAN_POINT('',(-90.5833337838881,-0.583333333333333,38.));
#7073=CARTESIAN_POINT('',(-90.5833337838881,-0.583333333333333,47.5));
#7074=CARTESIAN_POINT('Origin',(-30.0000004505548,30.,47.5));
#7075=CARTESIAN_POINT('Origin',(-30.0000004505548,30.,38.));
#7076=CARTESIAN_POINT('',(0.,0.,0.));
#7077=CARTESIAN_POINT('Origin',(27.0000007208877,-42.6059005077649,0.));
#7078=CARTESIAN_POINT('',(27.0000007208877,-42.6059005077649,0.));
#7079=CARTESIAN_POINT('',(-88.0281293793321,-42.6059005077649,0.));
#7080=CARTESIAN_POINT('',(3.50000076093699,-42.6059005077649,0.));
#7081=CARTESIAN_POINT('',(27.0000007208877,-42.6059005077649,-0.583333333333333));
#7082=CARTESIAN_POINT('',(27.0000007208877,-42.6059005077649,0.));
#7083=CARTESIAN_POINT('',(-88.0281293793321,-42.6059005077649,-0.583333333333333));
#7084=CARTESIAN_POINT('',(3.50000076093699,-42.6059005077649,-0.583333333333333));
#7085=CARTESIAN_POINT('',(-88.0281293793321,-42.6059005077649,0.));
#7086=CARTESIAN_POINT('Origin',(27.0000007208877,0.,0.));
#7087=CARTESIAN_POINT('',(27.0000007208877,0.,0.));
#7088=CARTESIAN_POINT('',(27.0000007208877,7.49999969963014,0.));
#7089=CARTESIAN_POINT('',(27.0000007208877,0.,-0.583333333333333));
#7090=CARTESIAN_POINT('',(27.0000007208877,0.,0.));
#7091=CARTESIAN_POINT('',(27.0000007208877,7.49999969963014,-0.583333333333333));
#7092=CARTESIAN_POINT('Origin',(-88.0281293793321,0.,0.));
#7093=CARTESIAN_POINT('',(-88.0281293793321,0.,0.));
#7094=CARTESIAN_POINT('',(-54.0140642891729,0.,0.));
#7095=CARTESIAN_POINT('',(-88.0281293793321,0.,-0.583333333333333));
#7096=CARTESIAN_POINT('',(-88.0281293793321,0.,0.));
#7097=CARTESIAN_POINT('',(-54.0140642891729,0.,-0.583333333333333));
#7098=CARTESIAN_POINT('Origin',(-88.0281293793321,-42.6059005077649,0.));
#7099=CARTESIAN_POINT('',(-88.0281293793321,-13.8029505542523,0.));
#7100=CARTESIAN_POINT('',(-88.0281293793321,-13.8029505542523,-0.583333333333333));
#7101=CARTESIAN_POINT('Origin',(99.9999959950685,79.9999967960548,0.));
#7102=CARTESIAN_POINT('',(99.9999959950685,79.9999967960548,0.));
#7103=CARTESIAN_POINT('',(99.9999959950685,-49.9999979975342,0.));
#7104=CARTESIAN_POINT('',(99.9999959950685,79.9999967960548,0.));
#7105=CARTESIAN_POINT('',(99.9999959950685,-49.9999979975342,-0.583333333333333));
#7106=CARTESIAN_POINT('',(99.9999959950685,-49.9999979975342,0.));
#7107=CARTESIAN_POINT('',(99.9999959950685,79.9999967960548,-0.583333333333333));
#7108=CARTESIAN_POINT('',(99.9999959950685,79.9999967960548,-0.583333333333333));
#7109=CARTESIAN_POINT('',(99.9999959950685,79.9999967960548,0.));
#7110=CARTESIAN_POINT('Origin',(-139.999994393096,79.9999967960548,0.));
#7111=CARTESIAN_POINT('',(-139.999994393096,79.9999967960548,0.));
#7112=CARTESIAN_POINT('',(-139.999994393096,79.9999967960548,0.));
#7113=CARTESIAN_POINT('',(-139.999994393096,79.9999967960548,-0.583333333333333));
#7114=CARTESIAN_POINT('',(-139.999994393096,79.9999967960548,-0.583333333333333));
#7115=CARTESIAN_POINT('',(-139.999994393096,79.9999967960548,0.));
#7116=CARTESIAN_POINT('Origin',(-139.999994393096,-49.9999979975342,0.));
#7117=CARTESIAN_POINT('',(-139.999994393096,-49.9999979975342,0.));
#7118=CARTESIAN_POINT('',(-139.999994393096,-49.9999979975342,0.));
#7119=CARTESIAN_POINT('',(-139.999994393096,-49.9999979975342,-0.583333333333333));
#7120=CARTESIAN_POINT('',(-139.999994393096,-49.9999979975342,-0.583333333333333));
#7121=CARTESIAN_POINT('',(-139.999994393096,-49.9999979975342,0.));
#7122=CARTESIAN_POINT('Origin',(99.9999959950685,-49.9999979975342,0.));
#7123=CARTESIAN_POINT('',(99.9999959950685,-49.9999979975342,0.));
#7124=CARTESIAN_POINT('',(99.9999959950685,-49.9999979975342,-0.583333333333333));
#7125=CARTESIAN_POINT('Origin',(-19.9999991990137,14.9999993992603,0.));
#7126=CARTESIAN_POINT('Origin',(-19.9999991990137,14.9999993992603,-0.583333333333333));
#7127=CARTESIAN_POINT('',(0.,0.,0.));
#7128=CARTESIAN_POINT('',(0.,0.,0.));
#7129=CARTESIAN_POINT('Origin',(-87.9999986483356,28.9998268804902,-5.65));
#7130=CARTESIAN_POINT('',(-87.9999986483356,1.07965466209008,-3.56313565156579));
#7131=CARTESIAN_POINT('',(-87.9999986483356,-0.000345337909923947,-3.56313565156579));
#7132=CARTESIAN_POINT('',(-87.9999986483356,2.30965466209008,-3.56313565156579));
#7133=CARTESIAN_POINT('',(-87.9999986483356,-0.000345337909923947,-2.41242090254534));
#7134=CARTESIAN_POINT('',(-87.9999986483356,-0.000345337909923947,-3.37965248027319));
#7135=CARTESIAN_POINT('',(-87.9999986483356,7.07965466209008,-2.41242090254534));
#7136=CARTESIAN_POINT('',(-87.9999986483356,14.4998271057676,-2.41242090254534));
#7137=CARTESIAN_POINT('',(-87.9999986483356,7.07965466209008,-3.97991771541583));
#7138=CARTESIAN_POINT('',(-87.9999986483356,7.07965466209008,-4.03121045127267));
#7139=CARTESIAN_POINT('',(-87.9999986483356,18.0449224968273,-4.74160554188752));
#7140=CARTESIAN_POINT('Origin',(-60.6499986483356,36.9760274094365,-5.40205817727998));
#7141=CARTESIAN_POINT('',(-60.6499986483356,42.9553019589057,-5.40205817727998));
#7142=CARTESIAN_POINT('',(-60.6499986483356,36.9760274094365,-5.40205817727998));
#7143=CARTESIAN_POINT('',(-60.6499986483356,42.9553019589057,-5.40205817727998));
#7144=CARTESIAN_POINT('',(-74.6499986483356,42.9553019589057,-5.40205817727998));
#7145=CARTESIAN_POINT('',(-60.6499986483356,42.9553019589057,-5.40205817727998));
#7146=CARTESIAN_POINT('',(-74.6499986483356,36.9760274094365,-5.40205817727998));
#7147=CARTESIAN_POINT('',(-74.6499986483356,42.9553019589057,-5.40205817727998));
#7148=CARTESIAN_POINT('',(-60.6499986483356,36.9760274094365,-5.40205817727998));
#7149=CARTESIAN_POINT('Origin',(-60.6499986483356,36.9760274094365,-4.90378529815754));
#7150=CARTESIAN_POINT('',(-60.6499986483356,36.9760274094365,-4.90378529815754));
#7151=CARTESIAN_POINT('',(-60.6499986483356,36.9760274094365,-5.40378529815754));
#7152=CARTESIAN_POINT('',(-74.6499986483356,36.9760274094365,-4.90378529815754));
#7153=CARTESIAN_POINT('',(-74.6499986483356,36.9760274094365,-5.40378529815754));
#7154=CARTESIAN_POINT('',(-60.6499986483356,36.9760274094365,-4.90378529815754));
#7155=CARTESIAN_POINT('Origin',(-60.6499986483356,30.9967528599672,-4.90378529815754));
#7156=CARTESIAN_POINT('',(-60.6499986483356,30.9967528599672,-4.90378529815754));
#7157=CARTESIAN_POINT('',(-60.6499986483356,36.9760274094365,-4.90378529815754));
#7158=CARTESIAN_POINT('',(-74.6499986483356,30.9967528599672,-4.90378529815754));
#7159=CARTESIAN_POINT('',(-74.6499986483356,36.9760274094365,-4.90378529815754));
#7160=CARTESIAN_POINT('',(-60.6499986483356,30.9967528599672,-4.90378529815754));
#7161=CARTESIAN_POINT('Origin',(-60.6499986483356,30.9967528599672,-4.4055124190351));
#7162=CARTESIAN_POINT('',(-60.6499986483356,30.9967528599672,-4.4055124190351));
#7163=CARTESIAN_POINT('',(-60.6499986483356,30.9967528599672,-4.9055124190351));
#7164=CARTESIAN_POINT('',(-74.6499986483356,30.9967528599672,-4.4055124190351));
#7165=CARTESIAN_POINT('',(-74.6499986483356,30.9967528599672,-4.9055124190351));
#7166=CARTESIAN_POINT('',(-60.6499986483356,30.9967528599672,-4.4055124190351));
#7167=CARTESIAN_POINT('Origin',(-60.6499986483356,25.0174783104979,-4.4055124190351));
#7168=CARTESIAN_POINT('',(-60.6499986483356,25.0174783104979,-4.4055124190351));
#7169=CARTESIAN_POINT('',(-60.6499986483356,30.9967528599672,-4.4055124190351));
#7170=CARTESIAN_POINT('',(-74.6499986483356,25.0174783104979,-4.4055124190351));
#7171=CARTESIAN_POINT('',(-74.6499986483356,30.9967528599672,-4.4055124190351));
#7172=CARTESIAN_POINT('',(-60.6499986483356,25.0174783104979,-4.4055124190351));
#7173=CARTESIAN_POINT('Origin',(-60.6499986483356,25.0174783104979,-3.90723953991266));
#7174=CARTESIAN_POINT('',(-60.6499986483356,25.0174783104979,-3.90723953991266));
#7175=CARTESIAN_POINT('',(-60.6499986483356,25.0174783104979,-4.40723953991266));
#7176=CARTESIAN_POINT('',(-74.6499986483356,25.0174783104979,-3.90723953991266));
#7177=CARTESIAN_POINT('',(-74.6499986483356,25.0174783104979,-4.40723953991266));
#7178=CARTESIAN_POINT('',(-60.6499986483356,25.0174783104979,-3.90723953991266));
#7179=CARTESIAN_POINT('Origin',(-60.6499986483356,19.0382037610286,-3.90723953991266));
#7180=CARTESIAN_POINT('',(-60.6499986483356,19.0382037610286,-3.90723953991266));
#7181=CARTESIAN_POINT('',(-60.6499986483356,25.0174783104979,-3.90723953991266));
#7182=CARTESIAN_POINT('',(-74.6499986483356,19.0382037610286,-3.90723953991266));
#7183=CARTESIAN_POINT('',(-74.6499986483356,25.0174783104979,-3.90723953991266));
#7184=CARTESIAN_POINT('',(-60.6499986483356,19.0382037610286,-3.90723953991266));
#7185=CARTESIAN_POINT('Origin',(-60.6499986483356,19.0382037610286,-3.40896666079022));
#7186=CARTESIAN_POINT('',(-60.6499986483356,19.0382037610286,-3.40896666079022));
#7187=CARTESIAN_POINT('',(-60.6499986483356,19.0382037610286,-3.90896666079022));
#7188=CARTESIAN_POINT('',(-74.6499986483356,19.0382037610286,-3.40896666079022));
#7189=CARTESIAN_POINT('',(-74.6499986483356,19.0382037610286,-3.90896666079022));
#7190=CARTESIAN_POINT('',(-60.6499986483356,19.0382037610286,-3.40896666079022));
#7191=CARTESIAN_POINT('Origin',(-60.6499986483356,13.0589292115594,-3.40896666079022));
#7192=CARTESIAN_POINT('',(-60.6499986483356,13.0589292115594,-3.40896666079022));
#7193=CARTESIAN_POINT('',(-60.6499986483356,19.0382037610286,-3.40896666079022));
#7194=CARTESIAN_POINT('',(-74.6499986483356,13.0589292115594,-3.40896666079022));
#7195=CARTESIAN_POINT('',(-74.6499986483356,19.0382037610286,-3.40896666079022));
#7196=CARTESIAN_POINT('',(-60.6499986483356,13.0589292115594,-3.40896666079022));
#7197=CARTESIAN_POINT('Origin',(-60.6499986483356,13.0589292115594,-2.91069378166778));
#7198=CARTESIAN_POINT('',(-60.6499986483356,13.0589292115594,-2.91069378166778));
#7199=CARTESIAN_POINT('',(-60.6499986483356,13.0589292115594,-3.41069378166778));
#7200=CARTESIAN_POINT('',(-74.6499986483356,13.0589292115594,-2.91069378166778));
#7201=CARTESIAN_POINT('',(-74.6499986483356,13.0589292115594,-3.41069378166778));
#7202=CARTESIAN_POINT('',(-60.6499986483356,13.0589292115594,-2.91069378166778));
#7203=CARTESIAN_POINT('Origin',(-60.6499986483356,7.07965466209008,-2.91069378166778));
#7204=CARTESIAN_POINT('',(-60.6499986483356,7.07965466209008,-2.91069378166778));
#7205=CARTESIAN_POINT('',(-60.6499986483356,13.0589292115594,-2.91069378166778));
#7206=CARTESIAN_POINT('',(-74.6499986483356,7.07965466209008,-2.91069378166778));
#7207=CARTESIAN_POINT('',(-74.6499986483356,13.0589292115594,-2.91069378166778));
#7208=CARTESIAN_POINT('',(-60.6499986483356,7.07965466209008,-2.91069378166778));
#7209=CARTESIAN_POINT('Origin',(-60.6499986483356,42.9553019589057,-5.90205817727998));
#7210=CARTESIAN_POINT('',(-60.6499986483356,42.9553019589057,-5.90205817727998));
#7211=CARTESIAN_POINT('',(-60.6499986483356,34.7508136957826,-5.90205817727998));
#7212=CARTESIAN_POINT('',(-60.6499986483356,42.9553019589057,-5.90205817727998));
#7213=CARTESIAN_POINT('',(-74.6499986483356,34.7508136957826,-5.90205817727998));
#7214=CARTESIAN_POINT('',(-60.6499986483356,34.7508136957826,-5.90205817727998));
#7215=CARTESIAN_POINT('',(-74.6499986483356,42.9553019589057,-5.90205817727998));
#7216=CARTESIAN_POINT('',(-74.6499986483356,42.9553019589057,-5.90205817727998));
#7217=CARTESIAN_POINT('',(-74.6499986483356,42.9553019589057,-5.90205817727998));
#7218=CARTESIAN_POINT('Origin',(-60.6499986483356,42.9553019589057,-5.40205817727998));
#7219=CARTESIAN_POINT('',(-60.6499986483356,42.9553019589057,-5.90205817727998));
#7220=CARTESIAN_POINT('',(-74.6499986483356,42.9553019589057,-5.90205817727998));
#7221=CARTESIAN_POINT('Origin',(-60.6499986483356,7.07965466209008,-2.41242090254534));
#7222=CARTESIAN_POINT('',(-74.6499986483356,7.07965466209008,-3.97991771541583));
#7223=CARTESIAN_POINT('',(-74.6499986483356,7.07965466209008,-3.284830221229));
#7224=CARTESIAN_POINT('',(-74.6499986483356,7.07965466209008,-3.97991771541583));
#7225=CARTESIAN_POINT('',(-60.6499986483356,7.07965466209008,-2.41242090254534));
#7226=CARTESIAN_POINT('',(-60.6499986483356,7.07965466209008,-2.41242090254534));
#7227=CARTESIAN_POINT('',(-60.6499986483356,7.07965466209008,-5.40361976995633));
#7228=CARTESIAN_POINT('Origin',(-74.6499986483356,22.0174783104979,-4.15723953991266));
#7229=CARTESIAN_POINT('',(-74.6499986483356,34.7508136957826,-5.90205817727998));
#7230=CARTESIAN_POINT('Origin',(-60.6499986483356,34.7508136957826,-5.90205817727998));
#7231=CARTESIAN_POINT('',(-60.6499986483356,1.07965466209008,-3.56313565156579));
#7232=CARTESIAN_POINT('',(-60.6499986483356,34.7508136957826,-5.90205817727998));
#7233=CARTESIAN_POINT('',(-60.6499986483356,1.07965466209008,-3.56313565156579));
#7234=CARTESIAN_POINT('Origin',(-74.6499986483356,1.07965466209008,-3.56313565156579));
#7235=CARTESIAN_POINT('',(-60.6499986483356,-0.000345337909923947,-3.56313565156579));
#7236=CARTESIAN_POINT('',(-60.6499986483356,1.07965466209008,-3.56313565156579));
#7237=CARTESIAN_POINT('',(-74.6499986483356,-0.000345337909923947,-3.56313565156579));
#7238=CARTESIAN_POINT('Origin',(-60.6499986483356,-0.000345337909923947,
-3.56313565156579));
#7239=CARTESIAN_POINT('',(-60.6499986483356,-0.000345337909923947,-2.41242090254534));
#7240=CARTESIAN_POINT('',(-60.6499986483356,-0.000345337909923947,-3.56313565156579));
#7241=CARTESIAN_POINT('',(-60.6499986483356,-0.000345337909923947,-2.41242090254534));
#7242=CARTESIAN_POINT('Origin',(-60.6499986483356,1.07965466209008,-2.41242090254534));
#7243=CARTESIAN_POINT('',(-60.6499986483356,7.07965466209008,-2.41242090254534));
#7244=CARTESIAN_POINT('Origin',(-60.6499986483356,22.0174783104979,-4.15723953991266));
#7245=CARTESIAN_POINT('Origin',(-87.9999986483356,6.9800000862656,-8.9));
#7246=CARTESIAN_POINT('',(-87.9999986483356,6.9800000862656,-9.4));
#7247=CARTESIAN_POINT('',(-87.9999986483356,6.9800000862656,-8.9));
#7248=CARTESIAN_POINT('',(-87.9999986483356,6.9800000862656,-7.275));
#7249=CARTESIAN_POINT('',(-74.6499986483356,6.9800000862656,-9.4));
#7250=CARTESIAN_POINT('',(-58.9999990988904,6.9800000862656,-9.4));
#7251=CARTESIAN_POINT('',(-74.6499986483356,6.9800000862656,-8.9));
#7252=CARTESIAN_POINT('',(-74.6499986483356,6.9800000862656,-9.4));
#7253=CARTESIAN_POINT('',(-87.9999986483356,6.9800000862656,-8.9));
#7254=CARTESIAN_POINT('Origin',(-87.9999986483356,12.9758837317056,-8.9));
#7255=CARTESIAN_POINT('',(-87.9999986483356,12.9758837317056,-8.9));
#7256=CARTESIAN_POINT('',(-87.9999986483356,20.9879416405754,-8.9));
#7257=CARTESIAN_POINT('',(-74.6499986483356,12.9758837317056,-8.9));
#7258=CARTESIAN_POINT('',(-74.6499986483356,6.9800000862656,-8.9));
#7259=CARTESIAN_POINT('',(-87.9999986483356,12.9758837317056,-8.9));
#7260=CARTESIAN_POINT('Origin',(-74.6499986483356,27.9676510225857,-7.65102908863999));
#7261=CARTESIAN_POINT('',(-74.6499986483356,16.9999997446856,-9.4));
#7262=CARTESIAN_POINT('',(-74.6499986483356,28.9838252860154,-9.4));
#7263=CARTESIAN_POINT('',(-74.6499986483356,42.9553019589057,-7.42094400676931));
#7264=CARTESIAN_POINT('',(-74.6499986483356,16.9999997446856,-9.4));
#7265=CARTESIAN_POINT('',(-74.6499986483356,42.9553019589057,-6.40171514773332));
#7266=CARTESIAN_POINT('',(-74.6499986483356,42.9553019589057,-7.15051454432));
#7267=CARTESIAN_POINT('',(-74.6499986483356,36.9594183134657,-6.40171514773332));
#7268=CARTESIAN_POINT('',(-74.6499986483356,36.9594183134657,-6.40171514773332));
#7269=CARTESIAN_POINT('',(-74.6499986483356,36.9594183134657,-6.90137211818665));
#7270=CARTESIAN_POINT('',(-74.6499986483356,36.9594183134657,-6.90171514773332));
#7271=CARTESIAN_POINT('',(-74.6499986483356,30.9635346680257,-6.90137211818665));
#7272=CARTESIAN_POINT('',(-74.6499986483356,30.9635346680257,-6.90137211818665));
#7273=CARTESIAN_POINT('',(-74.6499986483356,30.9635346680257,-7.40102908863999));
#7274=CARTESIAN_POINT('',(-74.6499986483356,30.9635346680257,-7.40137211818665));
#7275=CARTESIAN_POINT('',(-74.6499986483356,24.9676510225857,-7.40102908863999));
#7276=CARTESIAN_POINT('',(-74.6499986483356,24.9676510225857,-7.40102908863999));
#7277=CARTESIAN_POINT('',(-74.6499986483356,24.9676510225857,-7.90068605909333));
#7278=CARTESIAN_POINT('',(-74.6499986483356,24.9676510225857,-7.90102908863999));
#7279=CARTESIAN_POINT('',(-74.6499986483356,18.9717673771457,-7.90068605909333));
#7280=CARTESIAN_POINT('',(-74.6499986483356,18.9717673771457,-7.90068605909333));
#7281=CARTESIAN_POINT('',(-74.6499986483356,18.9717673771457,-8.40034302954666));
#7282=CARTESIAN_POINT('',(-74.6499986483356,18.9717673771457,-8.40068605909332));
#7283=CARTESIAN_POINT('',(-74.6499986483356,12.9758837317056,-8.40034302954666));
#7284=CARTESIAN_POINT('',(-74.6499986483356,12.9758837317056,-8.40034302954666));
#7285=CARTESIAN_POINT('',(-74.6499986483356,12.9758837317056,-8.90034302954666));
#7286=CARTESIAN_POINT('Origin',(-87.9999986483356,16.9999997446856,-9.4));
#7287=CARTESIAN_POINT('',(-87.9999986483356,48.9553019589057,-6.96345228267455));
#7288=CARTESIAN_POINT('',(-87.9999986483356,16.9999997446856,-9.4));
#7289=CARTESIAN_POINT('',(-87.9999986483356,23.1074579517802,-8.93431473583327));
#7290=CARTESIAN_POINT('',(-60.6499986483356,48.9553019589057,-6.96345228267455));
#7291=CARTESIAN_POINT('',(-87.9999986483356,48.9553019589057,-6.96345228267455));
#7292=CARTESIAN_POINT('',(-60.6499986483356,42.9553019589057,-7.42094400676931));
#7293=CARTESIAN_POINT('',(-60.6499986483356,16.9999997446856,-9.4));
#7294=CARTESIAN_POINT('',(-74.6499986483356,42.9553019589057,-7.42094400676931));
#7295=CARTESIAN_POINT('',(-58.9999990988904,16.9999997446856,-9.4));
#7296=CARTESIAN_POINT('Origin',(-87.9999986483356,48.9553019589057,-5.90205817727998));
#7297=CARTESIAN_POINT('',(-87.9999986483356,42.9553019589057,-5.90205817727998));
#7298=CARTESIAN_POINT('',(-87.9999986483356,57.9999990988904,-5.90205817727998));
#7299=CARTESIAN_POINT('',(-87.9999986483356,38.9776507541755,-5.90205817727998));
#7300=CARTESIAN_POINT('',(-74.6499986483356,42.9553019589057,-5.90205817727998));
#7301=CARTESIAN_POINT('',(-87.9999986483356,42.9553019589057,-5.90205817727998));
#7302=CARTESIAN_POINT('',(-60.6499986483356,42.9553019589057,-5.90205817727998));
#7303=CARTESIAN_POINT('',(-74.6499986483356,42.9553019589057,-5.90205817727998));
#7304=CARTESIAN_POINT('',(-60.6499986483356,57.9999990988904,-5.90205817727998));
#7305=CARTESIAN_POINT('',(-60.6499986483356,48.9553019589057,-5.90205817727998));
#7306=CARTESIAN_POINT('',(-52.8249990988904,57.9999990988904,-5.90205817727998));
#7307=CARTESIAN_POINT('Origin',(-87.9999986483356,42.9553019589057,-5.90205817727998));
#7308=CARTESIAN_POINT('',(-87.9999986483356,42.9553019589057,-6.40171514773332));
#7309=CARTESIAN_POINT('',(-87.9999986483356,42.9553019589057,-5.77602908863999));
#7310=CARTESIAN_POINT('',(-87.9999986483356,42.9553019589057,-6.40171514773332));
#7311=CARTESIAN_POINT('',(-74.6499986483356,42.9553019589057,-6.40205817727998));
#7312=CARTESIAN_POINT('Origin',(-87.9999986483356,42.9553019589057,-6.40171514773332));
#7313=CARTESIAN_POINT('',(-87.9999986483356,36.9594183134657,-6.40171514773332));
#7314=CARTESIAN_POINT('',(-87.9999986483356,35.9776507541755,-6.40171514773332));
#7315=CARTESIAN_POINT('',(-87.9999986483356,36.9594183134657,-6.40171514773332));
#7316=CARTESIAN_POINT('Origin',(-87.9999986483356,36.9594183134657,-6.40171514773332));
#7317=CARTESIAN_POINT('',(-87.9999986483356,36.9594183134657,-6.90137211818665));
#7318=CARTESIAN_POINT('',(-87.9999986483356,36.9594183134657,-6.02585757386666));
#7319=CARTESIAN_POINT('',(-87.9999986483356,36.9594183134657,-6.90137211818665));
#7320=CARTESIAN_POINT('Origin',(-87.9999986483356,36.9594183134657,-6.90137211818665));
#7321=CARTESIAN_POINT('',(-87.9999986483356,30.9635346680257,-6.90137211818665));
#7322=CARTESIAN_POINT('',(-87.9999986483356,32.9797089314555,-6.90137211818665));
#7323=CARTESIAN_POINT('',(-87.9999986483356,30.9635346680257,-6.90137211818665));
#7324=CARTESIAN_POINT('Origin',(-87.9999986483356,30.9635346680257,-6.90137211818665));
#7325=CARTESIAN_POINT('',(-87.9999986483356,30.9635346680257,-7.40102908863999));
#7326=CARTESIAN_POINT('',(-87.9999986483356,30.9635346680257,-6.27568605909333));
#7327=CARTESIAN_POINT('',(-87.9999986483356,30.9635346680257,-7.40102908863999));
#7328=CARTESIAN_POINT('Origin',(-87.9999986483356,30.9635346680257,-7.40102908863999));
#7329=CARTESIAN_POINT('',(-87.9999986483356,24.9676510225857,-7.40102908863999));
#7330=CARTESIAN_POINT('',(-87.9999986483356,29.9817671087355,-7.40102908863999));
#7331=CARTESIAN_POINT('',(-87.9999986483356,24.9676510225857,-7.40102908863999));
#7332=CARTESIAN_POINT('Origin',(-87.9999986483356,24.9676510225857,-7.40102908863999));
#7333=CARTESIAN_POINT('',(-87.9999986483356,24.9676510225857,-7.90068605909333));
#7334=CARTESIAN_POINT('',(-87.9999986483356,24.9676510225857,-6.52551454431999));
#7335=CARTESIAN_POINT('',(-87.9999986483356,24.9676510225857,-7.90068605909333));
#7336=CARTESIAN_POINT('Origin',(-87.9999986483356,24.9676510225857,-7.90068605909333));
#7337=CARTESIAN_POINT('',(-87.9999986483356,18.9717673771457,-7.90068605909333));
#7338=CARTESIAN_POINT('',(-87.9999986483356,26.9838252860154,-7.90068605909333));
#7339=CARTESIAN_POINT('',(-87.9999986483356,18.9717673771457,-7.90068605909333));
#7340=CARTESIAN_POINT('Origin',(-87.9999986483356,18.9717673771457,-7.90068605909333));
#7341=CARTESIAN_POINT('',(-87.9999986483356,18.9717673771457,-8.40034302954666));
#7342=CARTESIAN_POINT('',(-87.9999986483356,18.9717673771457,-6.77534302954666));
#7343=CARTESIAN_POINT('',(-87.9999986483356,18.9717673771457,-8.40034302954666));
#7344=CARTESIAN_POINT('Origin',(-87.9999986483356,18.9717673771457,-8.40034302954666));
#7345=CARTESIAN_POINT('',(-87.9999986483356,12.9758837317056,-8.40034302954666));
#7346=CARTESIAN_POINT('',(-87.9999986483356,23.9858834632954,-8.40034302954666));
#7347=CARTESIAN_POINT('',(-87.9999986483356,12.9758837317056,-8.40034302954666));
#7348=CARTESIAN_POINT('Origin',(-87.9999986483356,12.9758837317056,-8.40034302954666));
#7349=CARTESIAN_POINT('',(-87.9999986483356,12.9758837317056,-7.02517151477333));
#7350=CARTESIAN_POINT('Origin',(-74.6499986483356,48.9553019589057,-6.96345228267455));
#7351=CARTESIAN_POINT('',(-60.6499986483356,57.9999990988904,-6.96345228267455));
#7352=CARTESIAN_POINT('',(-87.9999986483356,57.9999990988904,-6.96345228267455));
#7353=CARTESIAN_POINT('',(-52.8249990988904,57.9999990988904,-6.96345228267455));
#7354=CARTESIAN_POINT('',(-60.6499986483356,48.9553019589057,-6.96345228267455));
#7355=CARTESIAN_POINT('',(-87.9999986483356,38.9776507541755,-6.96345228267455));
#7356=CARTESIAN_POINT('Origin',(-60.6499986483356,27.9676510225857,-7.65102908863999));
#7357=CARTESIAN_POINT('',(-60.6499986483356,42.9553019589057,-7.15051454432));
#7358=CARTESIAN_POINT('',(-60.6499986483356,57.9999990988904,-6.65051454431999));
#7359=CARTESIAN_POINT('Origin',(-74.6499986483356,42.9553019589057,-5.90205817727998));
#7360=CARTESIAN_POINT('Origin',(-30.0000014267568,8.5067383436181,-9.4));
#7361=CARTESIAN_POINT('',(-87.9999986483356,18.7532826120542,-9.4));
#7362=CARTESIAN_POINT('Origin',(-29.9999995494452,57.9999990988904,-5.65));
#7363=CARTESIAN_POINT('',(-87.9999986483356,57.9999990988904,-5.65));
#7364=CARTESIAN_POINT('Origin',(-87.9999986483356,28.9998268804902,-5.65));
#7365=CARTESIAN_POINT('',(0.,0.,0.));
#7366=CARTESIAN_POINT('',(30.0000000000436,59.9999999999455,0.));
#7367=CARTESIAN_POINT('',(0.,0.,0.));
#7368=CARTESIAN_POINT('',(0.,52.2,0.));
#7369=CARTESIAN_POINT('',(-45.,0.,0.));
#7370=CARTESIAN_POINT('',(-14.9999999999564,60.0000000000274,0.));
#7371=CARTESIAN_POINT('',(0.,0.,0.));
#7372=CARTESIAN_POINT('',(0.,0.,0.));
#7373=CARTESIAN_POINT('Origin',(-30.9999995494452,57.9999990988904,-3.75));
#7374=CARTESIAN_POINT('',(27.9999995494452,57.9999990988904,0.));
#7375=CARTESIAN_POINT('',(27.9999995494452,57.9999990988904,-7.5));
#7376=CARTESIAN_POINT('',(27.9999995494452,57.9999990988904,-3.75));
#7377=CARTESIAN_POINT('',(-87.9999986483356,57.9999990988904,0.));
#7378=CARTESIAN_POINT('',(0.,57.9999990988904,0.));
#7379=CARTESIAN_POINT('',(-87.9999986483356,57.9999990988904,-7.5));
#7380=CARTESIAN_POINT('',(-87.9999986483356,57.9999990988904,-3.75));
#7381=CARTESIAN_POINT('',(-30.4999995494452,57.9999990988904,-7.5));
#7382=CARTESIAN_POINT('Origin',(-29.9999995494452,29.9999995494452,-7.5));
#7383=CARTESIAN_POINT('',(-87.9999986483356,0.,-7.5));
#7384=CARTESIAN_POINT('',(-87.9999986483356,29.4999995494452,-7.5));
#7385=CARTESIAN_POINT('',(27.9999995494452,0.,-7.5));
#7386=CARTESIAN_POINT('',(-60.0000000375462,0.,-7.5));
#7387=CARTESIAN_POINT('',(27.9999995494452,29.9999995494452,-7.5));
#7388=CARTESIAN_POINT('Origin',(-90.0000024029589,-42.9865224116542,-1.92031629199626));
#7389=CARTESIAN_POINT('',(-90.0000024029589,-42.9865224116542,-1.92031629199626));
#7390=CARTESIAN_POINT('',(29.9999995494452,-42.9865224116542,-1.92031629199626));
#7391=CARTESIAN_POINT('',(-90.0000024029589,-42.9865224116542,-1.92031629199626));
#7392=CARTESIAN_POINT('',(29.9999995494452,-42.6739556918537,-0.147662336574282));
#7393=CARTESIAN_POINT('',(29.9999995494452,-42.9865224116542,-1.92031629199626));
#7394=CARTESIAN_POINT('',(-90.0000024029589,-42.6739556918537,-0.147662336574282));
#7395=CARTESIAN_POINT('',(-90.0000024029589,-42.6739556918537,-0.147662336574284));
#7396=CARTESIAN_POINT('',(-90.0000024029589,-42.9865224116542,-1.92031629199626));
#7397=CARTESIAN_POINT('Origin',(-87.9999986483356,28.9999995494452,-3.75));
#7398=CARTESIAN_POINT('',(-87.9999986483356,0.,0.));
#7399=CARTESIAN_POINT('',(-87.9999986483356,0.,0.));
#7400=CARTESIAN_POINT('',(-87.9999986483356,57.9999990988904,0.));
#7401=CARTESIAN_POINT('Origin',(29.9999995494452,0.,0.));
#7402=CARTESIAN_POINT('',(27.9999995494452,0.,0.));
#7403=CARTESIAN_POINT('',(27.9999995494452,0.,0.));
#7404=CARTESIAN_POINT('',(29.9999995494452,0.,0.));
#7405=CARTESIAN_POINT('',(29.9999995494452,0.,0.));
#7406=CARTESIAN_POINT('',(29.9999995494452,59.9999990988904,0.));
#7407=CARTESIAN_POINT('',(29.9999995494452,0.,0.));
#7408=CARTESIAN_POINT('',(-89.9999986483356,59.9999990988904,0.));
#7409=CARTESIAN_POINT('',(29.9999995494452,59.9999990988904,0.));
#7410=CARTESIAN_POINT('',(-89.9999986483356,0.,0.));
#7411=CARTESIAN_POINT('',(-89.9999986483356,59.9999990988904,0.));
#7412=CARTESIAN_POINT('',(-89.9999986483356,0.,0.));
#7413=CARTESIAN_POINT('Origin',(27.9999995494452,29.9999995494452,-3.75));
#7414=CARTESIAN_POINT('',(27.9999995494452,0.,-7.5));
#7415=CARTESIAN_POINT('Origin',(-29.9999995494452,29.9999995494452,-9.5));
#7416=CARTESIAN_POINT('',(29.9999995494452,0.,-9.5));
#7417=CARTESIAN_POINT('',(29.9999995494452,59.9999990988904,-9.5));
#7418=CARTESIAN_POINT('',(29.9999995494452,0.,-9.5));
#7419=CARTESIAN_POINT('',(-89.9999986483356,0.,-9.5));
#7420=CARTESIAN_POINT('',(-89.9999986483356,0.,-9.5));
#7421=CARTESIAN_POINT('',(-89.9999986483356,59.9999990988904,-9.5));
#7422=CARTESIAN_POINT('',(-89.9999986483356,59.9999990988904,-9.5));
#7423=CARTESIAN_POINT('',(29.9999995494452,59.9999990988904,-9.5));
#7424=CARTESIAN_POINT('Origin',(29.9999995494452,0.,-9.5));
#7425=CARTESIAN_POINT('',(29.9999995494452,0.,-7.67223209860566));
#7426=CARTESIAN_POINT('',(29.9999995494452,0.,-9.5));
#7427=CARTESIAN_POINT('',(29.9999995494452,-42.6739556918537,-0.147662336574284));
#7428=CARTESIAN_POINT('',(29.9999995494452,-42.9865224116542,-1.92031629199626));
#7429=CARTESIAN_POINT('',(29.9999995494452,59.9999990988904,-9.5));
#7430=CARTESIAN_POINT('Origin',(-30.0000014267568,-21.1806944860266,-3.93750419057618));
#7431=CARTESIAN_POINT('',(-89.9999986483356,0.,-7.67223209860571));
#7432=CARTESIAN_POINT('',(-60.0000000375462,-1.8649415636748E-15,-7.67223209860571));
#7433=CARTESIAN_POINT('',(-89.9999986483356,0.312566719800484,-7.72734604457803));
#7434=CARTESIAN_POINT('',(-89.9999986483356,18.6613249917066,-10.9627271904128));
#7435=CARTESIAN_POINT('',(-90.0000024029589,0.312566719800477,-7.72734604457803));
#7436=CARTESIAN_POINT('',(29.9999995494452,0.312566719800485,-7.72734604457803));
#7437=CARTESIAN_POINT('',(-90.0000024029589,0.312566719800484,-7.72734604457803));
#7438=CARTESIAN_POINT('Origin',(29.9999995494452,2.3311769545935E-16,-9.5));
#7439=CARTESIAN_POINT('',(-89.9999986483356,0.904610674625495,-4.36969792716434));
#7440=CARTESIAN_POINT('',(-90.0000024029589,-4.66235390918701E-16,-9.5));
#7441=CARTESIAN_POINT('',(29.9999995494452,2.3311769545935E-16,-9.5));
#7442=CARTESIAN_POINT('',(-90.0000024029589,-4.66235390918701E-16,-9.5));
#7443=CARTESIAN_POINT('Origin',(-90.0000024029589,-4.66235390918701E-16,
-9.5));
#7444=CARTESIAN_POINT('',(-90.0000024029589,-4.66235390918701E-16,-9.5));
#7445=CARTESIAN_POINT('Origin',(-30.0000014267568,-21.4932612058271,-5.71015814599813));
#7446=CARTESIAN_POINT('Origin',(29.9999995494452,59.9999990988904,-9.5));
#7447=CARTESIAN_POINT('',(-89.9999986483356,59.9999990988904,-9.5));
#7448=CARTESIAN_POINT('Origin',(-89.9999986483356,59.9999990988904,-9.5));
#7449=CARTESIAN_POINT('',(-89.9999986483356,0.,-9.5));
#7450=CARTESIAN_POINT('Origin',(-89.9999986483356,0.,-9.5));
#7451=CARTESIAN_POINT('',(0.,0.,0.));
#7452=CARTESIAN_POINT('',(0.,0.,0.));
#7453=CARTESIAN_POINT('',(0.,0.,9.5));
#7454=CARTESIAN_POINT('',(0.,0.,19.));
#7455=CARTESIAN_POINT('',(0.,0.,28.5));
#7456=CARTESIAN_POINT('',(0.,0.,0.));
#7457=CARTESIAN_POINT('',(0.,0.,0.));
#7458=CARTESIAN_POINT('',(0.,0.,0.));
#7459=UNCERTAINTY_MEASURE_WITH_UNIT(LENGTH_MEASURE(3.28083989501312E-5),
#7482,'DISTANCE_ACCURACY_VALUE',
'Maximum model space distance between geometric entities at asserted c
onnectivities');
#7460=UNCERTAINTY_MEASURE_WITH_UNIT(LENGTH_MEASURE(3.28083989501312E-5),
#7482,'DISTANCE_ACCURACY_VALUE',
'Maximum model space distance between geometric entities at asserted c
onnectivities');
#7461=UNCERTAINTY_MEASURE_WITH_UNIT(LENGTH_MEASURE(3.28083989501312E-5),
#7482,'DISTANCE_ACCURACY_VALUE',
'Maximum model space distance between geometric entities at asserted c
onnectivities');
#7462=UNCERTAINTY_MEASURE_WITH_UNIT(LENGTH_MEASURE(3.28083989501312E-5),
#7482,'DISTANCE_ACCURACY_VALUE',
'Maximum model space distance between geometric entities at asserted c
onnectivities');
#7463=UNCERTAINTY_MEASURE_WITH_UNIT(LENGTH_MEASURE(3.28083989501312E-5),
#7482,'DISTANCE_ACCURACY_VALUE',
'Maximum model space distance between geometric entities at asserted c
onnectivities');
#7464=UNCERTAINTY_MEASURE_WITH_UNIT(LENGTH_MEASURE(3.28083989501312E-5),
#7482,'DISTANCE_ACCURACY_VALUE',
'Maximum model space distance between geometric entities at asserted c
onnectivities');
#7465=UNCERTAINTY_MEASURE_WITH_UNIT(LENGTH_MEASURE(3.28083989501312E-5),
#7482,'DISTANCE_ACCURACY_VALUE',
'Maximum model space distance between geometric entities at asserted c
onnectivities');
#7466=UNCERTAINTY_MEASURE_WITH_UNIT(LENGTH_MEASURE(3.28083989501312E-5),
#7482,'DISTANCE_ACCURACY_VALUE',
'Maximum model space distance between geometric entities at asserted c
onnectivities');
#7467=UNCERTAINTY_MEASURE_WITH_UNIT(LENGTH_MEASURE(3.28083989501312E-5),
#7482,'DISTANCE_ACCURACY_VALUE',
'Maximum model space distance between geometric entities at asserted c
onnectivities');
#7468=UNCERTAINTY_MEASURE_WITH_UNIT(LENGTH_MEASURE(3.28083989501312E-5),
#7482,'DISTANCE_ACCURACY_VALUE',
'Maximum model space distance between geometric entities at asserted c
onnectivities');
#7469=UNCERTAINTY_MEASURE_WITH_UNIT(LENGTH_MEASURE(3.28083989501312E-5),
#7482,'DISTANCE_ACCURACY_VALUE',
'Maximum model space distance between geometric entities at asserted c
onnectivities');
#7470=(
GEOMETRIC_REPRESENTATION_CONTEXT(3)
GLOBAL_UNCERTAINTY_ASSIGNED_CONTEXT((#7459))
GLOBAL_UNIT_ASSIGNED_CONTEXT((#7482,#7486,#7487))
REPRESENTATION_CONTEXT('','3D')
);
#7471=(
GEOMETRIC_REPRESENTATION_CONTEXT(3)
GLOBAL_UNCERTAINTY_ASSIGNED_CONTEXT((#7460))
GLOBAL_UNIT_ASSIGNED_CONTEXT((#7482,#7486,#7487))
REPRESENTATION_CONTEXT('','3D')
);
#7472=(
GEOMETRIC_REPRESENTATION_CONTEXT(3)
GLOBAL_UNCERTAINTY_ASSIGNED_CONTEXT((#7461))
GLOBAL_UNIT_ASSIGNED_CONTEXT((#7482,#7486,#7487))
REPRESENTATION_CONTEXT('','3D')
);
#7473=(
GEOMETRIC_REPRESENTATION_CONTEXT(3)
GLOBAL_UNCERTAINTY_ASSIGNED_CONTEXT((#7462))
GLOBAL_UNIT_ASSIGNED_CONTEXT((#7482,#7486,#7487))
REPRESENTATION_CONTEXT('','3D')
);
#7474=(
GEOMETRIC_REPRESENTATION_CONTEXT(3)
GLOBAL_UNCERTAINTY_ASSIGNED_CONTEXT((#7463))
GLOBAL_UNIT_ASSIGNED_CONTEXT((#7482,#7486,#7487))
REPRESENTATION_CONTEXT('','3D')
);
#7475=(
GEOMETRIC_REPRESENTATION_CONTEXT(3)
GLOBAL_UNCERTAINTY_ASSIGNED_CONTEXT((#7464))
GLOBAL_UNIT_ASSIGNED_CONTEXT((#7482,#7486,#7487))
REPRESENTATION_CONTEXT('','3D')
);
#7476=(
GEOMETRIC_REPRESENTATION_CONTEXT(3)
GLOBAL_UNCERTAINTY_ASSIGNED_CONTEXT((#7465))
GLOBAL_UNIT_ASSIGNED_CONTEXT((#7482,#7486,#7487))
REPRESENTATION_CONTEXT('','3D')
);
#7477=(
GEOMETRIC_REPRESENTATION_CONTEXT(3)
GLOBAL_UNCERTAINTY_ASSIGNED_CONTEXT((#7466))
GLOBAL_UNIT_ASSIGNED_CONTEXT((#7482,#7486,#7487))
REPRESENTATION_CONTEXT('','3D')
);
#7478=(
GEOMETRIC_REPRESENTATION_CONTEXT(3)
GLOBAL_UNCERTAINTY_ASSIGNED_CONTEXT((#7467))
GLOBAL_UNIT_ASSIGNED_CONTEXT((#7482,#7486,#7487))
REPRESENTATION_CONTEXT('','3D')
);
#7479=(
GEOMETRIC_REPRESENTATION_CONTEXT(3)
GLOBAL_UNCERTAINTY_ASSIGNED_CONTEXT((#7468))
GLOBAL_UNIT_ASSIGNED_CONTEXT((#7482,#7486,#7487))
REPRESENTATION_CONTEXT('','3D')
);
#7480=(
GEOMETRIC_REPRESENTATION_CONTEXT(3)
GLOBAL_UNCERTAINTY_ASSIGNED_CONTEXT((#7469))
GLOBAL_UNIT_ASSIGNED_CONTEXT((#7482,#7486,#7487))
REPRESENTATION_CONTEXT('','3D')
);
#7481=DIMENSIONAL_EXPONENTS(1.,0.,0.,0.,0.,0.,0.);
#7482=(
CONVERSION_BASED_UNIT('foot',#7485)
LENGTH_UNIT()
NAMED_UNIT(#7481)
);
#7483=(
LENGTH_UNIT()
NAMED_UNIT(*)
SI_UNIT(.MILLI.,.METRE.)
);
#7484=(
LENGTH_UNIT()
NAMED_UNIT(*)
SI_UNIT($,.METRE.)
);
#7485=LENGTH_MEASURE_WITH_UNIT(LENGTH_MEASURE(304.8),#7483);
#7486=(
NAMED_UNIT(*)
PLANE_ANGLE_UNIT()
SI_UNIT($,.RADIAN.)
);
#7487=(
NAMED_UNIT(*)
SI_UNIT($,.STERADIAN.)
SOLID_ANGLE_UNIT()
);
#7488=SHAPE_DEFINITION_REPRESENTATION(#7498,#7524);
#7489=SHAPE_DEFINITION_REPRESENTATION(#7499,#7525);
#7490=SHAPE_DEFINITION_REPRESENTATION(#7500,#7526);
#7491=SHAPE_DEFINITION_REPRESENTATION(#7501,#7527);
#7492=SHAPE_DEFINITION_REPRESENTATION(#7502,#7528);
#7493=SHAPE_DEFINITION_REPRESENTATION(#7503,#7529);
#7494=SHAPE_DEFINITION_REPRESENTATION(#7504,#7530);
#7495=SHAPE_DEFINITION_REPRESENTATION(#7505,#7531);
#7496=SHAPE_DEFINITION_REPRESENTATION(#7506,#7532);
#7497=SHAPE_DEFINITION_REPRESENTATION(#7507,#7533);
#7498=PRODUCT_DEFINITION_SHAPE('',$,#7535);
#7499=PRODUCT_DEFINITION_SHAPE('',$,#7536);
#7500=PRODUCT_DEFINITION_SHAPE('',$,#7537);
#7501=PRODUCT_DEFINITION_SHAPE('',$,#7538);
#7502=PRODUCT_DEFINITION_SHAPE('',$,#7539);
#7503=PRODUCT_DEFINITION_SHAPE('',$,#7540);
#7504=PRODUCT_DEFINITION_SHAPE('',$,#7541);
#7505=PRODUCT_DEFINITION_SHAPE('',$,#7542);
#7506=PRODUCT_DEFINITION_SHAPE('',$,#7543);
#7507=PRODUCT_DEFINITION_SHAPE('',$,#7544);
#7508=PRODUCT_DEFINITION_SHAPE($,$,#59);
#7509=PRODUCT_DEFINITION_SHAPE($,$,#60);
#7510=PRODUCT_DEFINITION_SHAPE($,$,#61);
#7511=PRODUCT_DEFINITION_SHAPE($,$,#62);
#7512=PRODUCT_DEFINITION_SHAPE($,$,#63);
#7513=PRODUCT_DEFINITION_SHAPE($,$,#64);
#7514=PRODUCT_DEFINITION_SHAPE($,$,#65);
#7515=PRODUCT_DEFINITION_SHAPE($,$,#66);
#7516=PRODUCT_DEFINITION_SHAPE($,$,#67);
#7517=PRODUCT_DEFINITION_SHAPE($,$,#68);
#7518=PRODUCT_DEFINITION_SHAPE($,$,#69);
#7519=PRODUCT_DEFINITION_SHAPE($,$,#70);
#7520=PRODUCT_DEFINITION_SHAPE($,$,#71);
#7521=PRODUCT_DEFINITION_SHAPE($,$,#72);
#7522=PRODUCT_DEFINITION_SHAPE($,$,#73);
#7523=PRODUCT_DEFINITION_SHAPE($,$,#74);
#7524=SHAPE_REPRESENTATION('',(#4757,#5007,#5008,#5009,#5010,#5011,#5012,
#5013),#7470);
#7525=SHAPE_REPRESENTATION('',(#4758,#4983,#4984,#4985,#4986,#4987,#4988,
#4989,#4990),#7471);
#7526=SHAPE_REPRESENTATION('',(#4759),#7472);
#7527=SHAPE_REPRESENTATION('',(#4770),#7473);
#7528=SHAPE_REPRESENTATION('',(#4813),#7474);
#7529=SHAPE_REPRESENTATION('',(#4856),#7475);
#7530=SHAPE_REPRESENTATION('',(#4897),#7476);
#7531=SHAPE_REPRESENTATION('',(#4927),#7477);
#7532=SHAPE_REPRESENTATION('',(#4938,#5006),#7478);
#7533=SHAPE_REPRESENTATION('',(#4939),#7479);
#7534=PRODUCT_DEFINITION_CONTEXT('part definition',#7566,'design');
#7535=PRODUCT_DEFINITION('2026-09-05-11-25-36-050',
'SIH_Sample_Building',#7545,#7534);
#7536=PRODUCT_DEFINITION('2026-09-05-14-16-46-381','Ground_Floor',#7546,
#7534);
#7537=PRODUCT_DEFINITION('2026-09-05-14-21-38-118','Elevator 2',#7547,#7534);
#7538=PRODUCT_DEFINITION('2026-09-05-14-16-46-620','Unit03',#7548,#7534);
#7539=PRODUCT_DEFINITION('2026-09-05-14-16-24-169','Unit02',#7549,#7534);
#7540=PRODUCT_DEFINITION('2026-09-05-14-36-19-944','Corridor_G',#7550,#7534);
#7541=PRODUCT_DEFINITION('2026-09-05-14-57-28-512','Roof',#7551,#7534);
#7542=PRODUCT_DEFINITION('2026-09-05-15-10-53-646','ground plane',#7552,
#7534);
#7543=PRODUCT_DEFINITION('2026-09-05-22-55-55-490','Basement',#7553,#7534);
#7544=PRODUCT_DEFINITION('2026-09-05-22-57-10-400','Stairs',#7554,#7534);
#7545=PRODUCT_DEFINITION_FORMATION('',$,#7568);
#7546=PRODUCT_DEFINITION_FORMATION('',$,#7569);
#7547=PRODUCT_DEFINITION_FORMATION('',$,#7570);
#7548=PRODUCT_DEFINITION_FORMATION('',$,#7571);
#7549=PRODUCT_DEFINITION_FORMATION('',$,#7572);
#7550=PRODUCT_DEFINITION_FORMATION('',$,#7573);
#7551=PRODUCT_DEFINITION_FORMATION('',$,#7574);
#7552=PRODUCT_DEFINITION_FORMATION('',$,#7575);
#7553=PRODUCT_DEFINITION_FORMATION('',$,#7576);
#7554=PRODUCT_DEFINITION_FORMATION('',$,#7577);
#7555=PRODUCT_RELATED_PRODUCT_CATEGORY('SIH_Sample_Building',
'SIH_Sample_Building',(#7568));
#7556=PRODUCT_RELATED_PRODUCT_CATEGORY('Ground_Floor','Ground_Floor',(#7569));
#7557=PRODUCT_RELATED_PRODUCT_CATEGORY('Elevator 2','Elevator 2',(#7570));
#7558=PRODUCT_RELATED_PRODUCT_CATEGORY('Unit03','Unit03',(#7571));
#7559=PRODUCT_RELATED_PRODUCT_CATEGORY('Unit02','Unit02',(#7572));
#7560=PRODUCT_RELATED_PRODUCT_CATEGORY('Corridor_G','Corridor_G',(#7573));
#7561=PRODUCT_RELATED_PRODUCT_CATEGORY('Roof','Roof',(#7574));
#7562=PRODUCT_RELATED_PRODUCT_CATEGORY('ground plane','ground plane',(#7575));
#7563=PRODUCT_RELATED_PRODUCT_CATEGORY('Basement','Basement',(#7576));
#7564=PRODUCT_RELATED_PRODUCT_CATEGORY('Stairs','Stairs',(#7577));
#7565=APPLICATION_PROTOCOL_DEFINITION('international standard',
'automotive_design',2009,#7566);
#7566=APPLICATION_CONTEXT(
'Core Data for Automotive Mechanical Design Process');
#7567=PRODUCT_CONTEXT('part definition',#7566,'mechanical');
#7568=PRODUCT('2026-09-05-11-25-36-050','SIH_Sample_Building',$,(#7567));
#7569=PRODUCT('2026-09-05-14-16-46-381','Ground_Floor',$,(#7567));
#7570=PRODUCT('2026-09-05-14-21-38-118','Elevator 2',$,(#7567));
#7571=PRODUCT('2026-09-05-14-16-46-620','Unit03',$,(#7567));
#7572=PRODUCT('2026-09-05-14-16-24-169','Unit02',$,(#7567));
#7573=PRODUCT('2026-09-05-14-36-19-944','Corridor_G',$,(#7567));
#7574=PRODUCT('2026-09-05-14-57-28-512','Roof',$,(#7567));
#7575=PRODUCT('2026-09-05-15-10-53-646','ground plane',$,(#7567));
#7576=PRODUCT('2026-09-05-22-55-55-490','Basement',$,(#7567));
#7577=PRODUCT('2026-09-05-22-57-10-400','Stairs',$,(#7567));
#7578=PRESENTATION_STYLE_ASSIGNMENT((#7582));
#7579=PRESENTATION_STYLE_ASSIGNMENT((#7583));
#7580=PRESENTATION_STYLE_ASSIGNMENT((#7584));
#7581=PRESENTATION_STYLE_ASSIGNMENT((#7585));
#7582=SURFACE_STYLE_USAGE(.BOTH.,#7586);
#7583=SURFACE_STYLE_USAGE(.BOTH.,#7587);
#7584=SURFACE_STYLE_USAGE(.BOTH.,#7588);
#7585=SURFACE_STYLE_USAGE(.BOTH.,#7589);
#7586=SURFACE_SIDE_STYLE('',(#7590));
#7587=SURFACE_SIDE_STYLE('',(#7591));
#7588=SURFACE_SIDE_STYLE('',(#7592));
#7589=SURFACE_SIDE_STYLE('',(#7593));
#7590=SURFACE_STYLE_FILL_AREA(#7594);
#7591=SURFACE_STYLE_FILL_AREA(#7595);
#7592=SURFACE_STYLE_FILL_AREA(#7596);
#7593=SURFACE_STYLE_FILL_AREA(#7597);
#7594=FILL_AREA_STYLE('Steel - Satin',(#7598));
#7595=FILL_AREA_STYLE('Paint - Metallic (Black)',(#7599));
#7596=FILL_AREA_STYLE('Paint - Metallic (Silver)',(#7600));
#7597=FILL_AREA_STYLE('Paint - Metallic (Green)',(#7601));
#7598=FILL_AREA_STYLE_COLOUR('Steel - Satin',#7602);
#7599=FILL_AREA_STYLE_COLOUR('Paint - Metallic (Black)',#7603);
#7600=FILL_AREA_STYLE_COLOUR('Paint - Metallic (Silver)',#7604);
#7601=FILL_AREA_STYLE_COLOUR('Paint - Metallic (Green)',#7605);
#7602=COLOUR_RGB('Steel - Satin',0.627450980392157,0.627450980392157,0.627450980392157);
#7603=COLOUR_RGB('Paint - Metallic (Black)',0.0980392156862745,0.0980392156862745,
0.0980392156862745);
#7604=COLOUR_RGB('Paint - Metallic (Silver)',0.984313725490196,0.980392156862745,
0.96078431372549);
#7605=COLOUR_RGB('Paint - Metallic (Green)',0.266666666666667,0.588235294117647,
0.282352941176471);
ENDSEC;
END-ISO-10303-21;
